Season,Date,HomeTeam,AwayTeam,FTHG,FTAG,FTR,HTHG,HTAG,HTR,HS,AS,HST,AST,HC,AC,HF,AF,HY,AY,HR,AR,AvgH,AvgD,AvgA,HomeElo,AwayElo,EloDiff,Team,GoalsFor,GoalsAgainst,ShotsFor,ShotsAgainst,GF_shift,GA_shift,SF_shift,SA_shift,Roll_GF,Roll_GA,Roll_SF,Roll_SA,Team_Away,GoalsFor_Away,GoalsAgainst_Away,ShotsFor_Away,ShotsAgainst_Away,GF_shift_Away,GA_shift_Away,SF_shift_Away,SA_shift_Away,Roll_GF_Away,Roll_GA_Away,Roll_SF_Away,Roll_SA_Away,Prob_H_raw,Prob_D_raw,Prob_A_raw,Prob_H,Prob_D,Prob_A,MarketExpPts_H,MarketExpPts_A,MarketWinStrength,MarketDrawStrength,OddsRatio_HA,OddsRatio_HD,OddsRatio_AD,Target,HomeTeam_enc,AwayTeam_enc,Target_enc
2022_23,2022-08-05,Crystal Palace,Arsenal,0,2,A,0,1,A,10,10,2,2,3,5,16,11,1,2,0,0,4.39,3.59,1.88,1500.0,1500.0,0.0,Crystal Palace,0,2,10,10,,,,,1.4,1.4,12.6,12.8,Arsenal,2,0,10,10,,,,,1.4,1.4,12.8,12.6,0.22779043280182235,0.2785515320334262,0.5319148936170213,0.21939699309223895,0.2682876879317351,0.512315318976026,0.926478667208452,1.805233644859813,-0.2929183258837871,0.2682876879317351,0.428246013667426,0.8177676537585422,1.9095744680851063,A,8,0,0
2022_23,2022-08-06,Fulham,Liverpool,2,2,D,1,0,H,9,11,3,4,4,4,7,9,2,0,0,0,10.99,6.05,1.28,1500.0,1500.0,0.0,Fulham,2,2,9,11,,,,,1.4,1.4,12.6,12.8,Liverpool,2,2,11,9,,,,,1.4,1.4,12.8,12.6,0.09099181073703366,0.1652892561983471,0.78125,0.08770032400649146,0.15931017534402334,0.7529895006494852,0.4224111473634977,2.418278677292479,-0.6652891766429938,0.15931017534402334,0.1164695177434031,0.5505004549590536,4.7265625,D,10,15,1
2022_23,2022-08-06,Bournemouth,Aston Villa,2,0,H,1,0,H,7,15,3,2,5,5,18,16,3,3,0,0,3.8,3.5,2.04,1500.0,1500.0,0.0,Bournemouth,2,0,7,15,,,,,1.4,1.4,12.6,12.8,Aston Villa,0,2,15,7,,,,,1.4,1.4,12.8,12.6,0.2631578947368421,0.2857142857142857,0.49019607843137253,0.25326333711691257,0.27497162315550505,0.47176503972758227,1.0347616345062427,1.6902667423382518,-0.2185017026106697,0.27497162315550505,0.5368421052631579,0.9210526315789475,1.7156862745098038,H,2,1,2
2022_23,2022-08-06,Leeds,Wolves,2,1,H,1,1,D,12,15,4,6,6,4,13,9,2,0,0,0,2.34,3.34,3.18,1500.0,1500.0,0.0,Leeds,2,1,12,15,,,,,1.4,1.4,12.6,12.8,Wolves,1,2,15,12,,,,,1.4,1.4,12.8,12.6,0.4273504273504274,0.29940119760479045,0.31446540880503143,0.41043357291908183,0.2875492696498957,0.3020171574310224,1.5188499884071414,1.193600741942963,0.10841641548805941,0.2875492696498957,1.358974358974359,1.4273504273504274,1.050314465408805,H,13,26,2
2022_23,2022-08-06,Newcastle,Nott'm Forest,2,0,H,0,0,D,23,5,10,0,11,1,9,14,0,3,0,0,1.67,3.8,5.57,1500.0,1500.0,0.0,Newcastle,2,0,23,5,,,,,1.4,1.4,12.6,12.8,Nott'm Forest,0,2,5,23,,,,,1.4,1.4,12.8,12.6,0.5988023952095809,0.2631578947368421,0.17953321364452424,0.5749458764216777,0.2526735825326847,0.17238054104563766,1.9775112117977178,0.7698152056695977,0.40256533537604006,0.2526735825326847,3.3353293413173657,2.2754491017964074,0.6822262118491921,H,19,20,2
2022_23,2022-08-06,Tottenham,Southampton,4,1,H,2,1,H,18,10,8,2,10,2,11,6,3,0,0,0,1.36,5.27,8.64,1500.0,1500.0,0.0,Tottenham,4,1,18,10,,,,,1.4,1.4,12.6,12.8,Southampton,1,4,10,18,,,,,1.4,1.4,12.8,12.6,0.7352941176470588,0.18975332068311196,0.11574074074074073,0.7064781599493564,0.18231694450305974,0.11120489554758387,2.301751424351129,0.5159316311458113,0.5952732644017725,0.18231694450305974,6.352941176470588,3.8749999999999996,0.6099537037037036,H,24,22,2
2022_23,2022-08-06,Everton,Chelsea,0,1,A,0,1,A,8,15,4,6,4,16,14,11,3,2,0,0,5.74,3.96,1.63,1500.0,1500.0,0.0,Everton,0,1,8,15,,,,,1.4,1.4,12.6,12.8,Chelsea,1,0,15,8,,,,,1.4,1.4,12.8,12.6,0.17421602787456444,0.25252525252525254,0.6134969325153374,0.16747705065202612,0.24275713907642174,0.5897658102715522,0.7451882910325001,2.0120545698910783,-0.42228875961952606,0.24275713907642174,0.28397212543554007,0.6898954703832753,2.4294478527607364,A,9,6,0
2022_23,2022-08-07,Leicester,Brentford,2,2,D,1,0,H,14,8,5,3,5,6,6,5,0,0,0,0,2.03,3.66,3.64,1500.0,1500.0,0.0,Leicester,2,2,14,8,,,,,1.4,1.4,12.6,12.8,Brentford,2,2,8,14,,,,,1.4,1.4,12.8,12.6,0.4926108374384237,0.27322404371584696,0.2747252747252747,0.47340928312024283,0.2625740012934679,0.2640167155862892,1.6828018506541964,1.0546241480523355,0.20939256753395363,0.2625740012934679,1.7931034482758623,1.8029556650246308,1.0054945054945055,D,14,3,1
2022_23,2022-08-07,Man United,Brighton,1,2,A,0,2,A,17,15,5,4,6,2,7,12,4,1,0,0,1.62,4.01,5.68,1500.0,1500.0,0.0,Man United,1,2,17,15,,,,,1.4,1.4,12.6,12.8,Brighton,2,1,15,17,,,,,1.4,1.4,12.8,12.6,0.6172839506172839,0.24937655860349128,0.17605633802816903,0.5919957582405014,0.2391603811345667,0.16884386062493179,2.015147655856071,0.745691963009362,0.42315189761556965,0.2391603811345667,3.5061728395061724,2.4753086419753085,0.7059859154929577,A,18,4,0
2022_23,2022-08-07,West Ham,Man City,0,2,A,0,1,A,6,14,1,2,1,4,8,4,0,1,0,0,8.32,5.25,1.37,1500.0,1500.0,0.0,West Ham,0,2,6,14,,,,,1.4,1.4,12.6,12.8,Man City,2,0,14,6,,,,,1.4,1.4,12.8,12.6,0.12019230769230768,0.19047619047619047,0.7299270072992701,0.11550338922353778,0.18304537111234942,0.7014512396641127,0.5295555387829628,2.287399090104688,-0.585947850440575,0.18304537111234942,0.16466346153846154,0.6310096153846153,3.8321167883211675,A,25,17,0
2022_23,2022-08-13,Wolves,Fulham,0,0,D,0,0,D,7,9,1,3,5,3,7,14,3,3,0,0,2.4,3.28,3.15,1496.3945711703834,1499.1054288296166,-2.71085765923317,Wolves,0,0,7,9,1.0,2.0,15.0,12.0,1.4,1.4,12.6,12.8,Fulham,0,0,9,7,2.0,2.0,9.0,11.0,1.4,1.4,12.8,12.6,0.4166666666666667,0.3048780487804878,0.31746031746031744,0.40102468560782495,0.29343269678621337,0.3055426176059618,1.496506753609688,1.2100605496040988,0.09548206800186315,0.29343269678621337,1.3125,1.3666666666666667,1.0412698412698413,D,26,10,1
2022_23,2022-08-13,Man City,Bournemouth,4,0,H,3,0,H,19,3,7,1,11,1,9,9,0,3,0,0,1.07,12.72,37.57,1505.3945711703834,1503.6054288296166,1.7891423407668299,Man City,4,0,19,3,2.0,0.0,14.0,6.0,1.4,1.4,12.6,12.8,Bournemouth,0,4,3,19,2.0,0.0,7.0,15.0,1.4,1.4,12.8,12.6,0.9345794392523364,0.07861635220125786,0.026616981634282673,0.8987958827212377,0.07560625743016701,0.02559785984859527,2.77199390559388,0.15239983697595283,0.8731980228726424,0.07560625743016701,35.112149532710276,11.88785046728972,0.3385680063880756,H,17,2,2
2022_23,2022-08-13,Southampton,Leeds,2,2,D,0,0,D,14,13,4,5,2,5,10,12,1,3,0,0,2.32,3.51,3.1,1496.3945711703834,1503.6054288296166,-7.21085765923317,Southampton,2,2,14,13,1.0,4.0,10.0,18.0,1.4,1.4,12.6,12.8,Leeds,2,2,13,14,2.0,1.0,12.0,15.0,1.4,1.4,12.8,12.6,0.4310344827586207,0.2849002849002849,0.3225806451612903,0.4150487103394085,0.27433419030980843,0.3106170993507831,1.519480321328034,1.2061854883621577,0.10443161098862541,0.27433419030980843,1.3362068965517242,1.5129310344827587,1.1322580645161289,D,22,13,1
2022_23,2022-08-13,Brentford,Man United,4,0,H,4,0,H,13,15,7,4,8,2,6,15,0,4,0,0,3.77,3.56,2.02,1500.8945711703834,1494.6054288296166,6.28914234076683,Brentford,4,0,13,15,2.0,2.0,8.0,14.0,1.4,1.4,12.6,12.8,Man United,0,4,15,13,1.0,2.0,17.0,15.0,1.4,1.4,12.8,12.6,0.26525198938992045,0.2808988764044944,0.49504950495049505,0.254755949808345,0.269783688420635,0.4754603617710201,1.03405153784567,1.6961647737336953,-0.2207044119626751,0.269783688420635,0.5358090185676393,0.9442970822281167,1.7623762376237624,H,3,18,2
2022_23,2022-08-13,Brighton,Newcastle,0,0,D,0,0,D,13,4,7,1,7,3,8,6,2,3,0,0,2.44,3.25,3.1,1505.3945711703834,1503.6054288296166,1.7891423407668299,Brighton,0,0,13,4,2.0,1.0,15.0,17.0,1.4,1.4,12.6,12.8,Newcastle,0,0,4,13,2.0,0.0,23.0,5.0,1.4,1.4,12.8,12.6,0.4098360655737705,0.3076923076923077,0.3225806451612903,0.39403183542571085,0.2958269779811491,0.3101411865931401,1.4779224842582817,1.2262505377605695,0.08389064883257075,0.2958269779811491,1.2704918032786885,1.3319672131147542,1.0483870967741935,D,4,19,1
2022_23,2022-08-13,Arsenal,Leicester,4,2,H,2,0,H,19,6,7,2,6,2,15,9,1,1,0,0,1.55,4.37,6.04,1505.3945711703834,1499.1054288296166,6.28914234076683,Arsenal,4,2,19,6,2.0,0.0,10.0,10.0,1.4,1.4,12.6,12.8,Leicester,2,4,6,19,2.0,2.0,14.0,8.0,1.4,1.4,12.8,12.6,0.6451612903225806,0.22883295194508008,0.16556291390728478,0.6206116580414434,0.22012541646778883,0.1592629254907678,2.081960390592119,0.6979141929400922,0.46134873255067554,0.22012541646778883,3.896774193548387,2.8193548387096774,0.7235099337748344,H,0,14,2
2022_23,2022-08-13,Aston Villa,Everton,2,1,H,1,0,H,12,15,4,4,5,8,9,7,4,1,0,0,1.82,3.56,4.87,1496.3945711703834,1494.6054288296166,1.7891423407668299,Aston Villa,2,1,12,15,0.0,2.0,15.0,7.0,1.4,1.4,12.6,12.8,Everton,1,2,15,12,0.0,1.0,8.0,15.0,1.4,1.4,12.8,12.6,0.5494505494505494,0.2808988764044944,0.2053388090349076,0.5305173226274335,0.2712195301072834,0.19826314726528313,1.8627714979895837,0.8660089719031328,0.3322541753621503,0.2712195301072834,2.6758241758241756,1.956043956043956,0.731006160164271,H,1,9,2
2022_23,2022-08-14,Nott'm Forest,West Ham,1,0,H,1,0,H,13,19,6,5,6,7,10,11,4,1,0,0,4.21,3.64,1.9,1496.3945711703834,1494.6054288296166,1.7891423407668299,Nott'm Forest,1,0,13,19,0.0,2.0,5.0,23.0,1.4,1.4,12.6,12.8,West Ham,0,1,19,13,0.0,2.0,6.0,14.0,1.4,1.4,12.8,12.6,0.23752969121140144,0.2747252747252747,0.5263157894736842,0.22870824156563951,0.2645224442283907,0.5067693142059696,0.9506471689253093,1.7848303868462996,-0.2780610726403301,0.2645224442283907,0.4513064133016627,0.8646080760095012,1.9157894736842107,H,20,25,2
2022_23,2022-08-14,Chelsea,Tottenham,2,2,D,1,0,H,16,10,3,5,8,5,9,9,3,0,0,0,2.29,3.44,3.21,1505.3945711703834,1503.6054288296166,1.7891423407668299,Chelsea,2,2,16,10,1.0,0.0,15.0,8.0,1.4,1.4,12.6,12.8,Tottenham,2,2,10,16,4.0,1.0,18.0,10.0,1.4,1.4,12.8,12.6,0.4366812227074236,0.29069767441860467,0.3115264797507788,0.42032819583645786,0.2798115024608978,0.2998603017026443,1.5407960899702715,1.1793924075688307,0.12046789413381354,0.2798115024608978,1.4017467248908297,1.502183406113537,1.071651090342679,D,6,24,1
2022_23,2022-08-15,Liverpool,Crystal Palace,1,1,D,0,1,A,24,7,4,3,4,2,7,8,2,4,1,0,1.2,6.85,16.33,1500.8945711703834,1494.6054288296166,6.28914234076683,Liverpool,1,1,24,7,2.0,2.0,11.0,9.0,1.4,1.4,12.6,12.8,Crystal Palace,1,1,7,24,0.0,2.0,10.0,10.0,1.4,1.4,12.8,12.6,0.8333333333333334,0.14598540145985403,0.06123698714023271,0.8008541164762863,0.14029561164548082,0.05885027187823292,2.54285796107434,0.3168464272801796,0.7420038445980535,0.14029561164548082,13.608333333333333,5.708333333333333,0.41947336191059403,D,15,8,1
2022_23,2022-08-20,Leicester,Southampton,1,2,A,0,0,D,6,9,1,3,2,5,11,15,2,3,0,0,1.85,3.97,4.01,1495.5779491185874,1495.590063102285,-0.01211398369764538,Leicester,1,2,6,9,2.0,4.0,6.0,19.0,1.4,1.4,12.6,12.8,Southampton,2,1,9,6,2.0,2.0,14.0,13.0,1.4,1.4,12.8,12.6,0.5405405405405405,0.2518891687657431,0.24937655860349128,0.5188493841806621,0.24178119917738664,0.23936941664195135,1.7983293517193728,0.9598894491032407,0.27947996753871074,0.24178119917738664,2.167567567567567,2.145945945945946,0.9900249376558604,A,14,22,0
2022_23,2022-08-20,Bournemouth,Arsenal,0,3,A,0,2,A,6,14,1,6,3,4,12,10,2,1,0,0,7.65,4.7,1.43,1500.0222343143096,1508.9220508814126,-8.899816567103016,Bournemouth,0,3,6,14,0.0,4.0,3.0,19.0,1.4,1.4,12.6,12.8,Arsenal,3,0,14,6,4.0,2.0,19.0,6.0,1.4,1.4,12.8,12.6,0.13071895424836602,0.2127659574468085,0.6993006993006994,0.1253555408417342,0.20403614626367372,0.670608312894592,0.5801027687888763,2.2158610849474494,-0.5452527720528578,0.20403614626367372,0.18692810457516337,0.6143790849673203,3.286713286713287,A,2,0,0
2022_23,2022-08-20,Fulham,Brentford,3,2,H,2,1,H,18,13,9,5,6,3,13,7,3,2,0,0,2.46,3.42,2.92,1499.9662247105725,1504.4220508814126,-4.455826170840055,Fulham,3,2,18,13,0.0,0.0,9.0,7.0,1.4,1.4,12.6,12.8,Brentford,2,3,13,18,4.0,0.0,13.0,15.0,1.4,1.4,12.8,12.6,0.4065040650406504,0.29239766081871343,0.3424657534246575,0.3903560204512407,0.28078240067545385,0.3288615788733055,1.451850462029176,1.2673671372953703,0.061494441577935155,0.28078240067545385,1.1869918699186992,1.3902439024390243,1.1712328767123288,H,10,3,2
2022_23,2022-08-20,Everton,Nott'm Forest,1,1,D,0,0,D,19,14,8,5,6,2,6,9,3,2,0,0,1.97,3.48,4.05,1491.0222343143096,1499.9777656856904,-8.955531371380857,Everton,1,1,19,14,1.0,2.0,15.0,12.0,1.4,1.4,12.6,12.8,Nott'm Forest,1,1,14,19,1.0,0.0,13.0,19.0,1.4,1.4,12.8,12.6,0.5076142131979695,0.28735632183908044,0.2469135802469136,0.487207939684943,0.2758044945917637,0.2369875657232933,1.737428313646593,0.9867671917616436,0.25022037396164976,0.2758044945917637,2.0558375634517767,1.766497461928934,0.8592592592592593,D,9,20,1
2022_23,2022-08-20,Crystal Palace,Aston Villa,3,1,H,1,1,D,17,13,9,5,4,2,16,14,2,1,0,0,2.52,3.2,3.0,1495.5779491185874,1499.9777656856904,-4.3998165671030165,Crystal Palace,3,1,17,13,1.0,1.0,7.0,24.0,1.4,1.4,12.6,12.8,Aston Villa,1,3,13,17,2.0,1.0,12.0,15.0,1.4,1.4,12.8,12.6,0.3968253968253968,0.3125,0.3333333333333333,0.3805899143672693,0.2997145575642246,0.3196955280685062,1.4414843006660325,1.2588011417697431,0.06089438629876309,0.2997145575642246,1.1904761904761905,1.26984126984127,1.0666666666666667,H,8,1,2
2022_23,2022-08-20,Tottenham,Wolves,1,0,H,0,0,D,11,20,4,3,8,6,10,8,2,2,0,0,1.41,4.88,7.96,1504.5222343143096,1495.5337752894275,8.988459024882104,Tottenham,1,0,11,20,2.0,2.0,10.0,16.0,1.4,1.4,12.6,12.8,Wolves,0,1,20,11,0.0,0.0,7.0,9.0,1.4,1.4,12.8,12.6,0.7092198581560284,0.20491803278688525,0.12562814070351758,0.6820956220631721,0.1970809071944821,0.1208234707423458,2.2433677733839983,0.5595513194215195,0.5612721513208263,0.1970809071944821,5.645390070921986,3.4609929078014185,0.6130653266331658,H,24,26,2
2022_23,2022-08-21,Leeds,Chelsea,3,0,H,2,0,H,12,14,6,3,4,6,16,15,0,1,0,1,5.93,4.43,1.55,1504.409936897715,1504.4777656856904,-0.0678287879754862,Leeds,3,0,12,14,2.0,2.0,13.0,14.0,1.4,1.4,12.6,12.8,Chelsea,0,3,14,12,2.0,2.0,16.0,10.0,1.4,1.4,12.8,12.6,0.16863406408094436,0.22573363431151244,0.6451612903225806,0.1622216079701568,0.2171499176665982,0.6206284743632451,0.7038147415770686,2.0790353407563336,-0.45840686639308825,0.2171499176665982,0.26138279932546377,0.7470489038785835,2.858064516129032,H,13,6,2
2022_23,2022-08-21,West Ham,Brighton,0,2,A,0,1,A,13,11,3,2,5,4,10,7,2,0,0,0,2.32,3.41,3.14,1491.0222343143096,1504.4777656856904,-13.455531371380857,West Ham,0,2,13,11,0.0,1.0,19.0,13.0,1.4,1.4,12.6,12.8,Brighton,2,0,11,13,0.0,0.0,13.0,4.0,1.4,1.4,12.8,12.6,0.4310344827586207,0.29325513196480935,0.3184713375796178,0.4133588640873399,0.2812294911092752,0.3054116448033849,1.5213060833712948,1.19746442551943,0.10794721928395501,0.2812294911092752,1.3534482758620692,1.4698275862068968,1.085987261146497,A,25,4,0
2022_23,2022-08-21,Newcastle,Man City,3,3,D,2,1,H,12,21,6,10,5,5,14,7,4,2,0,0,8.67,5.11,1.37,1504.5222343143096,1508.9777656856904,-4.455531371380857,Newcastle,3,3,12,21,0.0,0.0,4.0,13.0,1.4,1.4,12.6,12.8,Man City,3,3,21,12,4.0,0.0,19.0,3.0,1.4,1.4,12.8,12.6,0.11534025374855825,0.19569471624266144,0.7299270072992701,0.11080160108131551,0.18799410594422805,0.7012042929744565,0.5203989091881746,2.291606984867598,-0.590402691893141,0.18799410594422805,0.15801614763552482,0.5893886966551327,3.72992700729927,D,19,17,1
2022_23,2022-08-22,Man United,Liverpool,2,1,H,1,0,H,12,17,4,5,6,8,11,7,3,1,0,0,5.22,4.38,1.6,1491.0779491185874,1499.9220508814126,-8.844101762825176,Man United,2,1,12,17,0.0,4.0,15.0,13.0,1.4,1.4,12.6,12.8,Liverpool,1,2,17,12,1.0,1.0,24.0,7.0,1.4,1.4,12.8,12.6,0.19157088122605365,0.22831050228310504,0.625,0.18334222836153577,0.2185037516089536,0.5981540200295105,0.7685304366935609,2.0129658116974847,-0.41481179166797466,0.2185037516089536,0.30651340996168586,0.8390804597701149,2.7375,H,18,15,2
2022_23,2022-08-27,Brighton,Leeds,1,0,H,0,0,D,13,10,4,2,5,3,10,14,2,3,0,0,1.91,3.73,4.04,1509.7037337043546,1508.0162095631358,1.6875241412187734,Brighton,1,0,13,10,2.0,0.0,11.0,13.0,1.4,1.4,12.6,12.8,Leeds,0,1,10,13,3.0,0.0,12.0,14.0,1.4,1.4,12.8,12.6,0.5235602094240838,0.2680965147453083,0.24752475247524752,0.5038198054824656,0.2579881577671607,0.2381920367503736,1.7694475742145577,0.9725642680182816,0.26562776873209204,0.2579881577671607,2.1151832460732987,1.9528795811518325,0.9232673267326733,H,4,13,2
2022_23,2022-08-27,Southampton,Man United,0,1,A,0,0,D,17,11,5,6,5,3,4,14,0,3,0,0,4.27,4.06,1.8,1500.984483571355,1494.7939358464862,6.190547724868793,Southampton,0,1,17,11,2.0,1.0,9.0,6.0,1.4,1.4,12.6,12.8,Man United,1,0,11,17,2.0,1.0,12.0,17.0,1.4,1.4,12.8,12.6,0.234192037470726,0.24630541871921185,0.5555555555555556,0.2260425237084831,0.23773437838305983,0.5362230979084571,0.9158619495085092,1.8464036721084314,-0.310180574199974,0.23773437838305983,0.42154566744730687,0.9508196721311476,2.255555555555555,A,22,18,0
2022_23,2022-08-27,Liverpool,Bournemouth,9,0,H,5,0,H,19,5,12,2,8,1,6,5,0,1,0,0,1.11,10.17,25.51,1496.2060641535138,1494.738920777827,1.4671433756868737,Liverpool,9,0,19,5,1.0,2.0,17.0,12.0,1.4,1.4,12.6,12.8,Bournemouth,0,9,5,19,0.0,3.0,6.0,14.0,1.4,1.4,12.8,12.6,0.9009009009009008,0.09832841691248771,0.03920031360250882,0.8675608569379166,0.09468953305812071,0.037749610003962666,2.6973721038718703,0.2079383630700087,0.8298112469339539,0.09468953305812071,22.98198198198198,9.162162162162161,0.39866718933751466,H,15,2,2
2022_23,2022-08-27,Brentford,Everton,1,1,D,0,1,A,19,14,5,7,8,5,8,8,2,2,0,0,2.06,3.47,3.77,1500.7610520945707,1490.2396205525108,10.521431542059872,Brentford,1,1,19,14,2.0,3.0,13.0,18.0,1.4,1.4,12.6,12.8,Everton,1,1,14,19,1.0,1.0,19.0,14.0,1.4,1.4,12.8,12.6,0.4854368932038835,0.2881844380403458,0.26525198938992045,0.46727246100377556,0.2774009422673711,0.2553265967288535,1.6792183252786979,1.0433807324539317,0.21194586427492207,0.2774009422673711,1.8300970873786406,1.6844660194174759,0.9204244031830239,D,3,9,1
2022_23,2022-08-27,Man City,Crystal Palace,4,2,H,0,2,A,18,2,5,2,6,1,14,8,1,2,0,0,1.19,7.56,15.25,1509.816770584374,1499.238247705221,10.578522879152843,Man City,4,2,18,2,3.0,3.0,21.0,12.0,1.4,1.4,12.6,12.8,Crystal Palace,2,4,2,18,3.0,1.0,17.0,13.0,1.4,1.4,12.8,12.6,0.8403361344537815,0.1322751322751323,0.06557377049180328,0.8094280926099756,0.12740997754045913,0.06316192984956531,2.555694255370386,0.31689576708915507,0.7462661627604104,0.12740997754045913,12.815126050420169,6.352941176470588,0.49573770491803276,H,17,8,2
2022_23,2022-08-27,Arsenal,Fulham,2,1,H,0,0,D,22,11,8,3,9,2,6,12,2,3,0,0,1.32,5.77,9.44,1514.2053644178952,1503.6272234974144,10.578140920480791,Arsenal,2,1,22,11,3.0,0.0,14.0,6.0,1.4,1.4,12.6,12.8,Fulham,1,2,11,22,3.0,2.0,18.0,13.0,1.4,1.4,12.8,12.6,0.7575757575757576,0.1733102253032929,0.10593220338983052,0.7306736779974781,0.16715585007914577,0.10217047192337618,2.35917688407158,0.4736672658492743,0.6285032060741019,0.16715585007914577,7.1515151515151505,4.371212121212121,0.611228813559322,H,0,10,2
2022_23,2022-08-27,Chelsea,Leicester,2,1,H,0,0,D,7,17,3,5,3,11,10,7,1,2,1,0,1.42,4.93,7.52,1500.8714930202696,1490.1835286495175,10.68796437075207,Chelsea,2,1,7,17,0.0,3.0,14.0,12.0,1.4,1.4,12.6,12.8,Leicester,1,2,17,7,1.0,2.0,6.0,9.0,1.4,1.4,12.8,12.6,0.7042253521126761,0.20283975659229211,0.13297872340425532,0.6771112239418767,0.19503000770739654,0.1278587683507267,2.226363679533027,0.5786063127595766,0.54925245559115,0.19503000770739654,5.295774647887324,3.471830985915493,0.6555851063829787,H,6,14,2
2022_23,2022-08-28,Aston Villa,West Ham,0,1,A,0,0,D,9,7,3,2,3,2,10,10,2,0,0,0,2.3,3.43,3.18,1496.3174670990568,1485.7962662956454,10.521200803411375,Aston Villa,0,1,9,7,1.0,3.0,13.0,17.0,1.4,1.4,12.6,12.8,West Ham,1,0,7,9,0.0,2.0,13.0,11.0,1.4,1.4,12.8,12.6,0.4347826086956522,0.29154518950437314,0.31446540880503143,0.4177415895581838,0.2801182670506771,0.30214014339113915,1.5333430357252285,1.1865386972240946,0.11560144616704465,0.2801182670506771,1.3826086956521741,1.4913043478260872,1.078616352201258,A,1,25,0
2022_23,2022-08-28,Wolves,Newcastle,1,1,D,1,0,H,10,21,4,6,4,13,10,11,2,1,0,0,2.75,3.26,2.7,1492.0395677857794,1503.683229415626,-11.643661629846747,Wolves,1,1,10,21,0.0,1.0,20.0,11.0,1.4,1.4,12.6,12.8,Newcastle,1,1,21,10,3.0,3.0,12.0,21.0,1.4,1.4,12.8,12.6,0.36363636363636365,0.3067484662576687,0.37037037037037035,0.3493966338520165,0.2947364242616704,0.35586694188631307,1.34292632581772,1.3623372499206094,-0.006470308034296546,0.2947364242616704,0.9818181818181819,1.1854545454545453,1.2074074074074073,D,26,19,1
2022_23,2022-08-28,Nott'm Forest,Tottenham,0,2,A,0,1,A,17,18,1,7,6,1,11,13,6,1,0,0,6.98,4.59,1.47,1500.7603794474892,1508.0164418179577,-7.256062370468499,Nott'm Forest,0,2,17,18,1.0,1.0,14.0,19.0,1.4,1.4,12.6,12.8,Tottenham,2,0,18,17,1.0,0.0,11.0,20.0,1.4,1.4,12.8,12.6,0.14326647564469913,0.2178649237472767,0.6802721088435374,0.13757057136041398,0.20920317823435508,0.6532262504052311,0.621914892315597,2.1688819294500483,-0.5156556790448171,0.20920317823435508,0.21060171919770773,0.657593123209169,3.122448979591837,A,20,24,0
2022_23,2022-08-30,Crystal Palace,Brentford,1,1,D,0,0,D,13,9,4,3,4,6,11,8,1,2,0,0,2.1,3.42,3.72,1495.7635858120689,1499.7364150733586,-3.9728292612896894,Crystal Palace,1,1,13,9,2.0,4.0,2.0,18.0,1.4,1.4,12.6,12.8,Brentford,1,1,9,13,1.0,1.0,19.0,14.0,1.4,1.4,12.8,12.6,0.47619047619047616,0.29239766081871343,0.26881720430107525,0.4590206520327315,0.2818547863358878,0.2591245616313807,1.6589167424340823,1.05922847123003,0.1998960904013508,0.2818547863358878,1.7714285714285714,1.6285714285714286,0.9193548387096774,D,8,3,1
2022_23,2022-08-30,Fulham,Brighton,2,1,H,0,0,D,10,7,3,4,3,3,9,11,2,1,0,0,3.21,3.35,2.33,1500.1525569139574,1513.2881898269125,-13.135632912955089,Fulham,2,1,10,7,1.0,2.0,11.0,22.0,1.4,1.4,12.6,12.8,Brighton,1,2,7,10,1.0,0.0,13.0,10.0,1.4,1.4,12.8,12.6,0.3115264797507788,0.29850746268656714,0.4291845493562232,0.29976995425968667,0.2872422546786848,0.4129877910616285,1.1865521174577447,1.5262056278635703,-0.1132178368019418,0.2872422546786848,0.7258566978193147,1.043613707165109,1.4377682403433476,H,10,4,2
2022_23,2022-08-30,Southampton,Chelsea,2,1,H,2,1,H,9,10,7,4,5,3,15,10,2,1,0,0,5.22,4.16,1.65,1495.513180714954,1504.3448111110063,-8.831630396052333,Southampton,2,1,9,10,0.0,1.0,17.0,11.0,1.4,1.4,12.6,12.8,Chelsea,1,2,10,9,2.0,1.0,7.0,17.0,1.4,1.4,12.8,12.6,0.19157088122605365,0.24038461538461536,0.6060606060606061,0.18455482601190573,0.23158081533224706,0.5838643586558472,0.7852452933679642,1.9831738912997885,-0.3993095326439414,0.23158081533224706,0.3160919540229885,0.7969348659003832,2.5212121212121215,H,22,6,2
2022_23,2022-08-30,Leeds,Everton,1,1,D,0,1,A,14,7,5,2,10,2,10,9,3,3,0,0,2.14,3.57,3.46,1504.431753440578,1491.264257573723,13.167495866855006,Leeds,1,1,14,7,0.0,1.0,10.0,13.0,1.4,1.4,12.6,12.8,Everton,1,1,7,14,1.0,1.0,14.0,19.0,1.4,1.4,12.8,12.6,0.4672897196261682,0.2801120448179272,0.28901734104046245,0.4508694573009593,0.2702690864493145,0.2788614562497263,1.6228774583521923,1.1068534551984934,0.17200800105123298,0.2702690864493145,1.616822429906542,1.6682242990654204,1.0317919075144508,D,13,9,1
2022_23,2022-08-31,Liverpool,Newcastle,2,1,H,0,1,A,23,5,6,2,13,0,9,10,0,2,0,0,1.31,5.81,9.58,1499.7932568564886,1504.4320346590532,-4.6387778025646185,Liverpool,2,1,23,5,9.0,0.0,19.0,5.0,1.4,1.4,12.6,12.8,Newcastle,1,2,5,23,1.0,1.0,21.0,10.0,1.4,1.4,12.8,12.6,0.7633587786259541,0.17211703958691912,0.10438413361169102,0.7340976804487428,0.16551944257966494,0.10038287697159219,2.3678124839258934,0.4666680734944415,0.6337148034771506,0.16551944257966494,7.312977099236641,4.435114503816793,0.6064718162839248,H,15,19,2
2022_23,2022-08-31,West Ham,Tottenham,1,1,D,0,1,A,14,13,4,4,3,4,10,9,2,5,0,0,3.63,3.74,2.01,1491.3209004832643,1513.3203830932102,-21.99948260994597,West Ham,1,1,14,13,1.0,0.0,7.0,9.0,1.4,1.4,12.6,12.8,Tottenham,1,1,13,14,2.0,0.0,18.0,17.0,1.4,1.4,12.8,12.6,0.27548209366391185,0.267379679144385,0.49751243781094534,0.26479135185400443,0.2570033709171219,0.4782052772288737,1.0513774264791351,1.6916192026037429,-0.21341392537486925,0.2570033709171219,0.5537190082644627,1.0303030303030305,1.8606965174129357,D,25,24,1
2022_23,2022-08-31,Man City,Nott'm Forest,6,0,H,3,0,H,17,8,9,1,10,1,9,7,0,1,0,0,1.08,12.84,30.99,1513.291432477526,1495.4564381722366,17.834994305289456,Man City,6,0,17,8,4.0,2.0,18.0,2.0,1.4,1.4,12.6,12.8,Nott'm Forest,0,6,8,17,0.0,2.0,17.0,18.0,1.4,1.4,12.8,12.6,0.9259259259259258,0.0778816199376947,0.032268473701193935,0.8936853169469599,0.07516979301423028,0.03114489003880984,2.7562257438551097,0.1686044631306598,0.86254042690815,0.07516979301423028,28.694444444444443,11.888888888888888,0.41432720232333015,H,17,20,2
2022_23,2022-08-31,Bournemouth,Wolves,0,0,D,0,0,D,5,17,2,4,2,5,12,12,2,1,0,0,3.53,3.38,2.16,1491.1517280748521,1491.2907625423522,-0.13903446750009607,Bournemouth,0,0,5,17,0.0,9.0,5.0,19.0,1.4,1.4,12.6,12.8,Wolves,0,0,17,5,1.0,1.0,10.0,21.0,1.4,1.4,12.8,12.6,0.28328611898017,0.2958579881656805,0.4629629629629629,0.2718397438284246,0.28390363778530736,0.4442566183862679,1.099422869270581,1.616673492944111,-0.17241687455784332,0.28390363778530736,0.6118980169971672,0.9575070821529745,1.5648148148148147,D,2,26,1
2022_23,2022-08-31,Arsenal,Aston Villa,2,1,H,1,0,H,22,4,9,3,10,3,10,14,2,3,0,0,1.47,4.63,7.0,1517.6800310013523,1490.792832911438,26.887198089914364,Arsenal,2,1,22,4,2.0,1.0,22.0,11.0,1.4,1.4,12.6,12.8,Aston Villa,1,2,4,22,0.0,1.0,9.0,7.0,1.4,1.4,12.8,12.6,0.6802721088435374,0.2159827213822894,0.14285714285714285,0.6546667986369357,0.20785317364930786,0.13748002771375648,2.1718535695601147,0.6202932567905773,0.5171867709231792,0.20785317364930786,4.761904761904762,3.1496598639455784,0.6614285714285714,H,0,1,2
2022_23,2022-09-01,Leicester,Man United,0,1,A,0,1,A,10,9,2,2,1,3,7,15,1,3,0,0,3.41,3.81,2.07,1486.7102105587808,1500.2652387028872,-13.555028144106473,Leicester,0,1,10,9,1.0,2.0,17.0,7.0,1.4,1.4,12.6,12.8,Man United,1,0,9,10,1.0,0.0,11.0,17.0,1.4,1.4,12.8,12.6,0.29325513196480935,0.26246719160104987,0.48309178743961356,0.2822979865771812,0.25266040268456375,0.4650416107382551,1.0995543624161073,1.6477852348993292,-0.18274362416107393,0.25266040268456375,0.6070381231671553,1.1173020527859236,1.8405797101449277,A,14,18,0
2022_23,2022-09-03,Everton,Liverpool,0,0,D,0,0,D,14,23,3,8,7,9,7,11,2,2,0,0,7.77,5.06,1.4,1492.3213327875928,1503.456543093698,-11.135210306105137,Everton,0,0,14,23,1.0,1.0,7.0,14.0,0.8,1.2,12.6,14.8,Liverpool,0,0,23,14,2.0,1.0,23.0,5.0,3.0,1.2,18.8,7.6,0.1287001287001287,0.19762845849802374,0.7142857142857143,0.1236770708576736,0.18991518588223794,0.6864077432600885,0.5609463984552587,2.2491384156625034,-0.5627306724024148,0.18991518588223794,0.18018018018018017,0.6512226512226512,3.6142857142857143,D,9,15,1
2022_23,2022-09-03,Brentford,Leeds,5,2,H,2,1,H,14,17,8,6,2,6,8,9,2,2,0,0,2.17,3.59,3.33,1500.5814530521293,1503.374678226708,-2.7932251745787653,Brentford,5,2,14,17,1.0,1.0,9.0,13.0,2.0,1.4,12.4,14.8,Leeds,2,5,17,14,1.0,1.0,14.0,7.0,1.6,1.0,12.2,12.6,0.4608294930875576,0.2785515320334262,0.3003003003003003,0.4432410988057588,0.2679201070775757,0.28883879411666563,1.5976434034948521,1.1344364894275725,0.15440230468909316,0.2679201070775757,1.534562211981567,1.6543778801843319,1.078078078078078,H,3,13,2
2022_23,2022-09-03,Chelsea,West Ham,2,1,H,0,0,D,8,6,3,3,10,3,6,11,4,2,0,0,1.55,4.38,6.03,1500.628981008646,1490.703121381351,9.92585962729504,Chelsea,2,1,8,6,1.0,2.0,10.0,9.0,1.2,1.6,12.4,11.2,West Ham,1,2,6,8,1.0,1.0,14.0,13.0,0.4,1.2,11.8,12.0,0.6451612903225806,0.22831050228310504,0.16583747927031509,0.6207596793185873,0.2196752289826051,0.15956509169880767,2.081954266938367,0.6983705040790281,0.46119458761977966,0.2196752289826051,3.890322580645161,2.825806451612903,0.72636815920398,H,6,25,2
2022_23,2022-09-03,Newcastle,Crystal Palace,0,0,D,0,0,D,23,19,6,9,13,5,19,12,2,1,0,0,2.05,3.48,3.8,1500.7687484218438,1494.9185478332981,5.850200588545704,Newcastle,0,0,23,19,1.0,2.0,5.0,23.0,1.4,1.2,13.0,14.4,Crystal Palace,0,0,19,23,1.0,1.0,13.0,9.0,1.4,1.8,9.8,14.8,0.48780487804878053,0.28735632183908044,0.2631578947368421,0.46980247264459296,0.2767514565866136,0.25344607076879355,1.6861588745203926,1.0370896688929943,0.2163564018757994,0.2767514565866136,1.853658536585366,1.6975609756097563,0.9157894736842106,D,19,8,1
2022_23,2022-09-03,Nott'm Forest,Bournemouth,2,3,A,2,0,H,11,8,3,3,4,6,13,10,2,1,0,0,2.02,3.47,3.89,1492.070448050783,1490.2588866572883,1.811561393494685,Nott'm Forest,2,3,11,8,0.0,6.0,8.0,17.0,0.4,2.2,11.4,19.2,Bournemouth,3,2,8,11,0.0,0.0,5.0,17.0,0.4,3.2,5.2,16.8,0.49504950495049505,0.2881844380403458,0.2570694087403599,0.47587033544270324,0.2770196189032451,0.24711004565405156,1.704630625231355,1.0183497558653998,0.22876028978865168,0.2770196189032451,1.9257425742574257,1.7178217821782178,0.8920308483290489,A,20,2,0
2022_23,2022-09-03,Tottenham,Fulham,2,1,H,1,0,H,23,9,10,3,10,3,9,6,3,4,0,0,1.49,4.62,6.54,1513.9381621951236,1503.9225539929218,10.015608202201747,Tottenham,2,1,23,9,1.0,1.0,13.0,14.0,2.0,0.8,14.0,15.4,Fulham,1,2,9,23,2.0,1.0,10.0,7.0,1.6,1.4,11.4,12.0,0.6711409395973155,0.21645021645021645,0.1529051987767584,0.6450199815554873,0.20802592478737575,0.146954093657137,2.143085869453838,0.6488882057587868,0.4980658878983504,0.20802592478737575,4.389261744966443,3.1006711409395975,0.7064220183486238,H,24,10,2
2022_23,2022-09-03,Wolves,Southampton,1,0,H,1,0,H,7,12,2,1,5,6,10,14,4,2,0,0,2.24,3.4,3.33,1492.1836039599161,1499.2290108173142,-7.04540685739812,Wolves,1,0,7,12,0.0,0.0,17.0,5.0,0.4,0.8,13.8,11.6,Southampton,0,1,12,7,2.0,1.0,9.0,10.0,1.4,1.8,11.8,11.6,0.4464285714285714,0.29411764705882354,0.3003003003003003,0.4289091267255618,0.2825754246662525,0.28851544860818573,1.569302804842938,1.1481217704908095,0.14039367811737608,0.2825754246662525,1.4866071428571428,1.5178571428571426,1.0210210210210209,H,26,22,2
2022_23,2022-09-03,Aston Villa,Man City,1,1,D,0,0,D,3,13,1,4,1,4,7,6,2,0,0,0,8.75,5.63,1.34,1487.5161720881565,1516.6774225989798,-29.161250510823265,Aston Villa,1,1,3,13,1.0,2.0,4.0,22.0,0.8,1.8,10.6,13.6,Man City,1,1,13,3,6.0,0.0,17.0,8.0,3.8,1.0,17.8,6.2,0.11428571428571428,0.17761989342806395,0.7462686567164178,0.11008336288170292,0.17108870785344593,0.7188279292648511,0.5013387964985547,2.327572495647999,-0.6087445663831481,0.17108870785344593,0.15314285714285716,0.6434285714285715,4.201492537313433,D,1,17,1
2022_23,2022-09-04,Man United,Arsenal,3,1,H,1,0,H,10,16,6,3,2,5,13,9,3,3,0,0,2.61,3.55,2.67,1505.4899515168456,1520.9566918246337,-15.466740307788086,Man United,3,1,10,16,1.0,0.0,9.0,10.0,1.0,1.4,12.8,14.4,Arsenal,1,3,16,10,2.0,1.0,22.0,4.0,2.6,0.8,17.4,7.4,0.3831417624521073,0.28169014084507044,0.37453183520599254,0.36863106558237757,0.2710217130056354,0.3603472214119871,1.3769149097527682,1.3520633772415966,0.008283844170390464,0.2710217130056354,1.0229885057471264,1.3601532567049808,1.3295880149812733,H,18,0,2
2022_23,2022-09-04,Brighton,Leicester,5,2,H,2,2,D,23,6,11,4,10,1,6,8,1,1,0,0,1.87,3.6,4.43,1509.518192747948,1481.4854977448224,28.032695003125582,Brighton,5,2,23,6,1.0,2.0,7.0,10.0,1.2,0.6,11.8,10.8,Leicester,2,5,6,23,0.0,1.0,10.0,9.0,1.2,2.2,10.6,10.4,0.53475935828877,0.2777777777777778,0.22573363431151244,0.5150480717992771,0.2675388595179579,0.21741306868276492,1.8126830749157894,0.9197780655662526,0.29763500311651225,0.2675388595179579,2.368983957219251,1.9251336898395721,0.8126410835214448,H,4,14,2
2022_23,2022-09-16,Aston Villa,Southampton,1,0,H,1,0,H,11,7,3,1,6,3,13,13,3,1,0,0,2.1,3.55,3.53,1486.989649583242,1495.5355931417787,-8.545943558536692,Aston Villa,1,0,11,7,1.0,1.0,3.0,13.0,1.0,1.6,8.2,14.8,Southampton,0,1,7,11,0.0,1.0,12.0,7.0,1.2,1.2,12.2,9.4,0.47619047619047616,0.28169014084507044,0.28328611898017,0.4573623606270188,0.27055238234274354,0.27208525703023784,1.6426394642238,1.086808153433457,0.18527710359678096,0.27055238234274354,1.6809523809523808,1.6904761904761902,1.0056657223796035,H,1,22,2
2022_23,2022-09-16,Nott'm Forest,Fulham,2,3,A,1,0,H,11,15,3,7,2,10,11,10,2,4,0,0,2.81,3.4,2.57,1486.6533642499699,1500.4409771799824,-13.787612930012529,Nott'm Forest,2,3,11,15,2.0,3.0,11.0,8.0,0.8,2.4,12.6,16.2,Fulham,3,2,15,11,1.0,2.0,9.0,23.0,1.4,1.4,11.4,14.4,0.35587188612099646,0.29411764705882354,0.38910505836575876,0.34248266617542733,0.2830518505743973,0.3744654832501754,1.3104998491006794,1.4064483003249235,-0.03198281707474809,0.2830518505743973,0.9145907473309608,1.2099644128113878,1.3229571984435797,A,20,10,0
2022_23,2022-09-17,Wolves,Man City,0,3,A,0,2,A,6,16,1,7,5,7,7,9,2,1,1,0,9.25,5.47,1.34,1495.8770216354517,1517.2039451038943,-21.3269234684426,Wolves,0,3,6,16,1.0,0.0,7.0,12.0,0.4,0.4,12.2,11.6,Man City,3,0,16,6,1.0,1.0,13.0,3.0,3.6,1.2,17.6,5.6,0.10810810810810811,0.18281535648994515,0.7462686567164178,0.10423151688724631,0.17625987773437446,0.7195086053783794,0.4889544283961134,2.3347856938695126,-0.615277088491133,0.17625987773437446,0.14486486486486488,0.5913513513513513,4.082089552238806,A,26,17,0
2022_23,2022-09-17,Newcastle,Bournemouth,1,1,D,0,0,D,20,10,7,3,8,1,10,11,2,2,0,0,1.47,4.47,7.39,1499.8016492694474,1495.6759704581013,4.125678811346006,Newcastle,1,1,20,10,0.0,0.0,23.0,19.0,1.0,1.2,13.0,17.2,Bournemouth,1,1,10,20,3.0,2.0,8.0,11.0,0.6,3.6,5.4,16.0,0.6802721088435374,0.2237136465324385,0.13531799729364005,0.6545459949472432,0.21525338088869073,0.13020062416406597,2.1788913657304203,0.6058552533808886,0.5243453707831772,0.21525338088869073,5.0272108843537415,3.0408163265306123,0.6048714479025711,D,19,2,1
2022_23,2022-09-17,Tottenham,Leicester,6,2,H,2,2,D,16,19,11,7,6,1,9,9,1,2,0,0,1.49,4.59,6.7,1517.419739008063,1478.2225646103948,39.19717439766828,Tottenham,6,2,16,19,2.0,1.0,23.0,9.0,1.6,0.8,15.0,15.2,Leicester,2,6,19,16,2.0,5.0,6.0,23.0,1.2,2.8,9.0,13.4,0.6711409395973155,0.2178649237472767,0.14925373134328357,0.6464095713934389,0.20983665825190065,0.14375377035466028,2.1490653724322173,0.6410979693158815,0.5026558010387786,0.20983665825190065,4.496644295302014,3.0805369127516777,0.6850746268656716,H,24,14,2
2022_23,2022-09-18,Brentford,Arsenal,0,3,A,0,2,A,5,13,2,7,3,3,10,10,0,2,0,0,4.3,3.91,1.81,1504.221685008836,1517.157265112599,-12.935580103762959,Brentford,0,3,5,13,5.0,2.0,14.0,17.0,2.6,1.4,13.6,15.4,Arsenal,3,0,13,5,1.0,3.0,16.0,10.0,2.4,1.4,18.6,7.4,0.23255813953488372,0.2557544757033248,0.5524861878453039,0.2234419744199336,0.24572902557690912,0.5308290000031572,0.9160549488367099,1.8382160255863809,-0.3073870255832236,0.24572902557690912,0.42093023255813955,0.9093023255813955,2.160220994475138,A,3,0,0
2022_23,2022-09-18,Everton,West Ham,1,0,H,0,0,D,7,14,2,4,5,14,8,11,3,1,0,0,2.95,3.31,2.5,1491.5661259728822,1487.2204416151408,4.3456843577414475,Everton,1,0,7,14,0.0,0.0,14.0,23.0,0.8,1.0,13.8,16.4,West Ham,0,1,14,7,1.0,2.0,6.0,8.0,0.6,1.2,11.8,10.8,0.3389830508474576,0.3021148036253776,0.4,0.32560152668752085,0.2901886718212044,0.38420980149127465,1.266993251883767,1.4428180762950282,-0.0586082748037538,0.2901886718212044,0.847457627118644,1.1220338983050846,1.324,H,9,25,2
2022_23,2022-10-01,West Ham,Wolves,2,0,H,1,0,H,18,15,5,4,1,6,8,6,2,2,0,0,1.96,3.48,4.12,1483.6689370341542,1490.7506979774307,-7.081760943276549,West Ham,2,0,18,15,0.0,1.0,14.0,7.0,0.6,1.2,10.8,9.6,Wolves,0,2,15,18,0.0,3.0,6.0,16.0,0.4,1.0,12.0,13.0,0.5102040816326531,0.28735632183908044,0.24271844660194175,0.49044934595807566,0.27623009140167476,0.23332056264024958,1.7475781292759018,0.9761917793224235,0.25712878331782607,0.27623009140167476,2.1020408163265305,1.7755102040816326,0.8446601941747572,H,25,26,2
2022_23,2022-10-01,Southampton,Everton,1,2,A,0,0,D,22,12,6,5,7,6,11,10,2,2,0,0,2.19,3.41,3.44,1491.8233503891458,1495.1176305538688,-3.294280164722977,Southampton,1,2,22,12,0.0,1.0,7.0,11.0,0.8,1.0,10.8,9.0,Everton,2,1,12,22,1.0,0.0,7.0,14.0,0.8,0.6,12.2,16.8,0.4566210045662101,0.29325513196480935,0.29069767441860467,0.4388165450267284,0.2818205963661393,0.27936285860713234,1.5982702314463246,1.1199091721875363,0.15945368641959606,0.2818205963661393,1.5707762557077625,1.5570776255707763,0.991279069767442,A,22,9,0
2022_23,2022-10-01,Liverpool,Brighton,3,3,D,1,2,A,15,6,7,6,9,2,9,13,1,1,0,0,1.37,5.33,8.25,1504.2117499084086,1512.7811258823756,-8.569375973966999,Liverpool,3,3,15,6,0.0,0.0,23.0,14.0,2.6,0.8,21.2,8.6,Brighton,3,3,6,15,5.0,2.0,23.0,6.0,1.8,0.8,13.4,8.6,0.7299270072992701,0.18761726078799248,0.12121212121212122,0.7026931577206359,0.18061719063363438,0.11668965164572985,2.2886966637955424,0.5306861455708239,0.586003506074906,0.18061719063363438,6.021897810218977,3.890510948905109,0.6460606060606061,D,15,4,1
2022_23,2022-10-01,Fulham,Newcastle,1,4,A,0,3,A,3,19,1,10,1,8,9,10,2,0,1,0,3.04,3.46,2.37,1505.6627553618157,1498.85587713922,6.806878222595742,Fulham,1,4,3,19,3.0,2.0,15.0,11.0,2.0,1.8,12.6,15.2,Newcastle,4,1,19,3,1.0,1.0,20.0,10.0,1.2,1.4,16.2,16.6,0.32894736842105265,0.28901734104046245,0.42194092827004215,0.3163242475909796,0.2779265065539243,0.40574924585509614,1.2268992493268631,1.4951742441192126,-0.08942499826411654,0.2779265065539243,0.7796052631578948,1.138157894736842,1.459915611814346,A,10,19,0
2022_23,2022-10-01,Crystal Palace,Chelsea,1,2,A,1,1,D,7,13,3,3,5,2,11,13,1,3,0,0,4.29,3.57,1.9,1495.8856469856946,1504.111660774856,-8.22601378916147,Crystal Palace,1,2,7,13,0.0,0.0,19.0,23.0,1.4,1.4,11.6,17.4,Chelsea,2,1,13,7,2.0,1.0,8.0,6.0,1.4,1.8,11.0,10.8,0.2331002331002331,0.2801120448179272,0.5263157894736842,0.22423659390465236,0.2694607809106327,0.506302625184715,0.9421705626245898,1.7883686564647778,-0.2820660312800627,0.2694607809106327,0.4428904428904429,0.8321678321678321,1.8789473684210527,A,8,6,0
2022_23,2022-10-01,Bournemouth,Brentford,0,0,D,0,0,D,7,13,1,4,7,8,11,10,1,2,0,0,3.36,3.44,2.21,1496.6217425883287,1498.9891594193557,-2.367416831026958,Bournemouth,0,0,7,13,1.0,1.0,10.0,20.0,0.8,3.0,6.8,16.2,Brentford,0,0,13,7,0.0,3.0,5.0,13.0,1.8,2.0,12.0,15.0,0.2976190476190476,0.29069767441860467,0.45248868778280543,0.2859507116420425,0.2793006950922276,0.43474859326572984,1.137152830018355,1.5835464748894172,-0.14879788162368734,0.2793006950922276,0.6577380952380952,1.0238095238095237,1.5565610859728507,D,2,3,1
2022_23,2022-10-01,Arsenal,Tottenham,3,1,H,1,1,D,22,7,9,3,5,2,10,10,2,1,0,1,2.08,3.7,3.48,1522.3897907020792,1520.5502129780646,1.839577724014589,Arsenal,3,1,22,7,3.0,0.0,13.0,5.0,2.2,1.0,17.4,7.2,Tottenham,1,3,7,22,6.0,2.0,16.0,19.0,2.4,0.8,16.2,15.8,0.4807692307692307,0.27027027027027023,0.28735632183908044,0.46299226188763914,0.26027673100710524,0.27673100710525556,1.6492535166700226,1.090469752322872,0.1862612547823836,0.26027673100710524,1.673076923076923,1.778846153846154,1.0632183908045978,H,0,24,2
2022_23,2022-10-02,Man City,Man United,6,3,H,4,0,H,22,12,10,8,5,1,3,9,0,3,0,0,1.35,5.7,8.0,1522.3302687619152,1509.2893782288804,13.040890533034826,Man City,6,3,22,12,3.0,0.0,16.0,6.0,3.4,1.2,17.0,6.2,Man United,3,6,12,22,3.0,1.0,10.0,16.0,1.4,1.2,11.4,14.6,0.7407407407407407,0.17543859649122806,0.125,0.7114439503861456,0.1684998829861924,0.12005616662766208,2.302831734144629,0.5286683828691787,0.5913877837584836,0.1684998829861924,5.925925925925926,4.222222222222222,0.7125,H,17,18,2
2022_23,2022-10-02,Leeds,Aston Villa,0,0,D,0,0,D,9,19,1,7,2,9,23,12,3,2,1,0,2.36,3.46,3.03,1499.7344462700014,1490.7018923358748,9.032553934126554,Leeds,0,0,9,19,2.0,5.0,17.0,14.0,1.6,1.8,13.2,12.4,Aston Villa,0,0,19,9,1.0,0.0,11.0,7.0,0.8,1.4,8.0,13.2,0.42372881355932207,0.28901734104046245,0.33003300330033003,0.4063456872427345,0.2771606421655646,0.3164936705917008,1.4961977038937682,1.226641653940667,0.0898520166510337,0.2771606421655646,1.2838983050847457,1.4661016949152543,1.141914191419142,D,13,1,1
2022_23,2022-10-03,Leicester,Nott'm Forest,4,0,H,3,0,H,17,10,7,3,6,6,13,12,2,4,0,0,1.76,4.05,4.41,1475.0920906403933,1481.4315860681365,-6.339495427743259,Leicester,4,0,17,10,2.0,6.0,19.0,16.0,1.2,3.2,11.6,12.8,Nott'm Forest,0,4,10,17,2.0,3.0,11.0,15.0,1.0,3.0,12.2,15.4,0.5681818181818182,0.2469135802469136,0.22675736961451246,0.5453571134133941,0.23699469619940092,0.2176481903872049,1.8730660364395832,0.8899392673610156,0.3277089230261892,0.23699469619940092,2.5056818181818183,2.3011363636363633,0.9183673469387754,H,14,20,2
2022_23,2022-10-08,Bournemouth,Leicester,2,1,H,0,1,A,10,9,4,5,7,2,8,16,1,2,0,0,3.53,3.63,2.09,1495.756662025881,1478.7766622941847,16.979999731696353,Bournemouth,2,1,10,9,0.0,0.0,7.0,13.0,0.8,2.4,7.0,16.0,Leicester,1,2,9,10,4.0,0.0,17.0,10.0,1.8,2.8,13.8,13.0,0.28328611898017,0.27548209366391185,0.47846889952153115,0.2731160654179701,0.2655922068665109,0.46129172771551896,1.0849404031204213,1.6494673900130676,-0.18817566229754884,0.2655922068665109,0.5920679886685553,1.028328611898017,1.736842105263158,H,2,14,2
2022_23,2022-10-08,Chelsea,Wolves,3,0,H,1,0,H,20,8,7,2,4,2,8,8,2,0,0,0,1.4,4.82,8.5,1509.4034341321678,1487.0568245611169,22.346609571050976,Chelsea,3,0,20,8,2.0,1.0,13.0,7.0,1.4,1.6,10.4,10.2,Wolves,0,3,8,20,0.0,2.0,15.0,18.0,0.4,1.2,11.0,14.4,0.7142857142857143,0.20746887966804978,0.11764705882352941,0.6872085611728002,0.1996041463987386,0.11318729242846119,2.261229829917139,0.5391660236841221,0.574021268744339,0.1996041463987386,6.071428571428572,3.442857142857143,0.5670588235294118,H,6,26,2
2022_23,2022-10-08,Man City,Southampton,4,0,H,2,0,H,21,5,8,0,9,1,4,8,0,1,0,0,1.12,10.3,21.15,1525.7747429930228,1486.4698368518323,39.304906141190486,Man City,4,0,21,5,6.0,3.0,22.0,12.0,4.0,1.2,17.2,6.2,Southampton,0,4,5,21,1.0,2.0,22.0,12.0,0.6,1.2,13.4,10.2,0.8928571428571428,0.0970873786407767,0.047281323877068564,0.8608126637399286,0.09360293042608933,0.045584405833982045,2.676040921645875,0.23035614792803547,0.8152282579059466,0.09360293042608933,18.88392857142857,9.196428571428571,0.48699763593380624,H,17,22,2
2022_23,2022-10-08,Newcastle,Brentford,5,1,H,2,0,H,16,6,6,3,9,5,14,9,0,1,0,0,1.8,3.92,4.38,1504.3347879040025,1499.8542399818034,4.480547922199094,Newcastle,5,1,16,6,4.0,1.0,19.0,3.0,1.4,1.0,17.6,13.0,Brentford,1,5,6,16,0.0,0.0,13.0,7.0,1.4,1.4,12.0,12.8,0.5555555555555556,0.25510204081632654,0.22831050228310504,0.5347185888332461,0.24553404589281708,0.21974736527393676,1.8496898123925554,0.9047761417146274,0.3149712235593093,0.24553404589281708,2.433333333333333,2.1777777777777776,0.8949771689497716,H,19,3,2
2022_23,2022-10-08,Brighton,Tottenham,0,1,A,0,1,A,14,8,4,3,6,2,9,14,1,2,0,0,2.76,3.47,2.58,1513.5685889293484,1516.9676445708128,-3.399055641464429,Brighton,0,1,14,8,3.0,3.0,6.0,15.0,2.4,1.4,12.0,10.8,Tottenham,1,0,8,14,1.0,3.0,7.0,22.0,2.4,1.4,15.4,16.2,0.3623188405797102,0.2881844380403458,0.38759689922480617,0.349021075530397,0.2776075413440621,0.37337138312554086,1.3246707679352532,1.3977216907206849,-0.02435030759514384,0.2776075413440621,0.9347826086956522,1.2572463768115945,1.3449612403100775,A,4,24,0
2022_23,2022-10-09,Everton,Man United,1,2,A,1,2,A,11,12,2,4,5,4,7,13,2,1,0,0,3.56,3.58,2.09,1500.4711440911824,1505.844903997773,-5.3737599065905215,Everton,1,2,11,12,2.0,1.0,12.0,22.0,1.0,0.6,10.8,18.4,Man United,2,1,12,11,3.0,6.0,12.0,22.0,2.0,1.6,10.8,16.4,0.2808988764044944,0.27932960893854747,0.47846889952153115,0.2704337957307156,0.26892299240261097,0.4606432118666734,1.0802243795947577,1.6508526280026312,-0.19020941613595782,0.26892299240261097,0.5870786516853932,1.0056179775280898,1.7129186602870814,A,9,18,0
2022_23,2022-10-09,Arsenal,Liverpool,3,2,H,2,1,H,11,8,7,3,4,3,11,11,1,2,0,0,2.58,3.72,2.62,1525.972359109331,1503.4242868614358,22.548072247895107,Arsenal,3,2,11,8,3.0,1.0,22.0,7.0,2.2,1.2,19.0,7.4,Liverpool,2,3,8,11,3.0,3.0,15.0,6.0,3.0,1.2,19.4,8.4,0.38759689922480617,0.26881720430107525,0.38167938931297707,0.37337378752355993,0.25895278812117867,0.36767342435526135,1.3790741506918585,1.3619730611869627,0.005700363168298583,0.25895278812117867,1.0155038759689923,1.4418604651162792,1.4198473282442747,H,0,15,2
2022_23,2022-10-09,Crystal Palace,Leeds,2,1,H,1,1,D,13,10,5,4,5,3,13,23,3,3,0,0,2.07,3.62,3.57,1490.5938736283829,1498.7281112010583,-8.134237572675374,Crystal Palace,2,1,13,10,1.0,2.0,7.0,13.0,1.4,1.6,11.6,15.2,Leeds,1,2,10,13,0.0,0.0,9.0,19.0,1.2,1.4,12.4,13.4,0.48309178743961356,0.27624309392265195,0.2801120448179272,0.4647584934566129,0.26575969100972063,0.2694818155336663,1.6600351713795594,1.0742051376107196,0.19527667792294662,0.26575969100972063,1.7246376811594204,1.7487922705314012,1.0140056022408965,H,8,13,2
2022_23,2022-10-09,West Ham,Fulham,3,1,H,1,1,D,17,8,8,2,4,2,9,7,1,3,0,0,1.78,3.9,4.56,1487.362810450468,1500.1838445970332,-12.821034146565125,West Ham,3,1,17,8,2.0,0.0,18.0,15.0,1.0,0.8,11.8,10.4,Fulham,1,3,8,17,1.0,4.0,3.0,19.0,1.6,2.2,9.6,16.4,0.5617977528089888,0.25641025641025644,0.2192982456140351,0.5414885454346158,0.2471409258650298,0.21137052870035442,1.871606562168877,0.881252511966093,0.33011801673426133,0.2471409258650298,2.5617977528089884,2.191011235955056,0.855263157894737,H,25,10,2
2022_23,2022-10-10,Nott'm Forest,Aston Villa,1,1,D,1,1,D,6,12,3,2,1,4,13,19,3,3,0,0,3.35,3.49,2.19,1477.7470144143451,1491.708227404818,-13.961212990472859,Nott'm Forest,1,1,6,12,0.0,4.0,10.0,17.0,0.8,3.6,11.4,15.0,Aston Villa,1,1,12,6,0.0,0.0,19.0,9.0,0.6,0.8,9.2,11.6,0.29850746268656714,0.28653295128939826,0.4566210045662101,0.28656860796892514,0.27507301911057286,0.438358372920502,1.1347788430173482,1.5901481378720788,-0.15178976495157687,0.27507301911057286,0.6537313432835821,1.0417910447761194,1.5936073059360731,D,20,1,1
2022_23,2022-10-14,Brentford,Brighton,2,0,H,1,0,H,7,21,3,7,2,11,12,15,3,1,0,0,3.21,3.44,2.3,1496.3044044196536,1508.2163837035769,-11.911979283923301,Brentford,2,0,7,21,1.0,5.0,6.0,16.0,1.4,2.2,9.4,13.2,Brighton,0,2,21,7,0.0,1.0,14.0,8.0,2.0,1.6,12.6,9.8,0.3115264797507788,0.29069767441860467,0.4347826086956522,0.300409303879654,0.28032379809700275,0.41926689802334327,1.1815517097359647,1.5381244921670327,-0.1188575941436893,0.28032379809700275,0.7165109034267912,1.071651090342679,1.4956521739130435,H,3,4,2
2022_23,2022-10-15,Leicester,Crystal Palace,0,0,D,0,0,D,14,8,5,1,9,2,18,13,2,2,0,0,2.31,3.49,3.12,1475.380270595821,1494.3009484350705,-18.920677839249493,Leicester,0,0,14,8,1.0,2.0,9.0,10.0,1.8,2.8,12.2,13.6,Crystal Palace,0,0,8,14,2.0,1.0,13.0,10.0,1.2,1.6,10.8,14.6,0.4329004329004329,0.28653295128939826,0.3205128205128205,0.41627194843622767,0.2755267051254114,0.30820134643836083,1.5243425504340944,1.2001307444404938,0.10807060199786683,0.2755267051254114,1.3506493506493507,1.5108225108225108,1.1185897435897436,D,14,8,1
2022_23,2022-10-15,Fulham,Bournemouth,2,2,D,1,2,A,19,10,4,6,5,6,9,11,2,0,0,0,1.89,3.72,4.13,1496.4178143996896,1499.1530537242447,-2.7352393245550957,Fulham,2,2,19,10,1.0,3.0,8.0,17.0,1.6,2.4,9.0,15.4,Bournemouth,2,2,10,19,2.0,1.0,10.0,9.0,1.2,0.8,8.0,14.0,0.5291005291005292,0.26881720430107525,0.24213075060532688,0.5087267922953899,0.2584660315694319,0.23280717613517835,1.7846464084556013,0.9568875599749669,0.27591961616021154,0.2584660315694319,2.185185185185185,1.9682539682539684,0.900726392251816,D,10,2,1
2022_23,2022-10-15,Wolves,Nott'm Forest,1,0,H,0,0,D,9,10,2,2,4,5,17,13,2,2,0,0,1.72,3.81,5.13,1483.725509076341,1477.0274270374034,6.698082038937628,Wolves,1,0,9,10,0.0,3.0,8.0,20.0,0.2,1.6,10.6,14.2,Nott'm Forest,0,1,10,9,1.0,1.0,6.0,12.0,1.0,3.4,9.2,13.8,0.5813953488372093,0.26246719160104987,0.19493177387914232,0.5596828369427956,0.25266521772745626,0.18765194532974824,1.9317137285558432,0.815621053716701,0.37203089161304737,0.25266521772745626,2.9825581395348837,2.2151162790697674,0.7426900584795322,H,26,20,2
2022_23,2022-10-15,Tottenham,Everton,2,0,H,0,0,D,21,4,7,0,7,1,12,13,1,4,0,0,1.49,4.56,6.81,1522.3198497965843,1495.1436243374471,27.176225459137186,Tottenham,2,0,21,4,1.0,0.0,8.0,14.0,2.2,1.4,13.4,15.6,Everton,0,2,4,21,1.0,2.0,11.0,12.0,1.0,0.8,10.2,17.0,0.6711409395973155,0.2192982456140351,0.14684287812041116,0.6470187457417351,0.21141621297262836,0.1415650412856366,2.1524724501978336,0.6361113368295381,0.5054537044560985,0.21141621297262836,4.570469798657718,3.060402684563758,0.6696035242290749,H,24,9,2
2022_23,2022-10-16,Southampton,West Ham,1,1,D,1,0,H,10,25,8,4,4,14,7,3,1,1,0,0,2.96,3.42,2.44,1483.3406288681444,1491.1288406478116,-7.788211779667108,Southampton,1,1,10,25,0.0,4.0,5.0,21.0,0.6,1.8,11.0,12.2,West Ham,1,1,25,10,3.0,1.0,17.0,8.0,1.4,1.0,13.8,10.2,0.33783783783783783,0.29239766081871343,0.4098360655737705,0.3248217232896335,0.28113225173605705,0.39404602497430946,1.2555974216049575,1.4632703266589855,-0.06922430168467597,0.28113225173605705,0.8243243243243243,1.1554054054054055,1.401639344262295,D,22,25,1
2022_23,2022-10-16,Liverpool,Man City,1,0,H,0,0,D,13,16,2,6,5,6,10,7,3,1,0,0,3.74,4.06,1.91,1500.0954043670502,1528.9039509767106,-28.808546609660425,Liverpool,1,0,13,16,2.0,3.0,8.0,11.0,3.2,1.4,17.6,8.2,Man City,0,1,16,13,4.0,0.0,21.0,5.0,4.0,0.8,17.8,6.8,0.267379679144385,0.24630541871921185,0.5235602094240838,0.2577786346834029,0.23746110682658303,0.504760258490014,1.0107970108767916,1.7517418822966253,-0.24698162380661115,0.23746110682658303,0.5106951871657753,1.085561497326203,2.12565445026178,H,15,17,2
2022_23,2022-10-16,Leeds,Arsenal,0,1,A,0,1,A,16,9,4,4,6,3,10,11,0,2,0,0,5.83,4.41,1.56,1495.0210363943706,1529.3012416037166,-34.28020520934592,Leeds,0,1,16,9,1.0,2.0,10.0,13.0,0.8,1.8,12.0,13.2,Arsenal,1,0,9,16,3.0,2.0,11.0,8.0,2.4,1.4,16.8,6.8,0.17152658662092624,0.22675736961451246,0.641025641025641,0.16503897113329355,0.2181807713621545,0.6167802575045521,0.7132976847620351,2.0685215438758107,-0.45174128637125854,0.2181807713621545,0.26758147512864494,0.7564322469982847,2.826923076923077,A,13,0,0
2022_23,2022-10-16,Man United,Newcastle,0,0,D,0,0,D,15,9,2,2,4,4,13,11,3,1,0,0,2.0,3.78,3.65,1511.1724237515082,1507.8846234661523,3.287800285355843,Man United,0,0,15,9,2.0,1.0,12.0,11.0,2.0,1.6,10.8,15.2,Newcastle,0,0,9,15,5.0,1.0,16.0,6.0,2.2,1.0,16.6,12.2,0.5,0.2645502645502646,0.273972602739726,0.4814530481208779,0.2547370624978191,0.26380988938130295,1.699096206860453,1.046166730641728,0.21764315873957496,0.2547370624978191,1.825,1.89,1.0356164383561643,D,18,19,1
2022_23,2022-10-16,Aston Villa,Chelsea,0,2,A,0,1,A,18,8,7,4,7,1,12,11,0,3,0,0,4.54,3.69,1.82,1492.4278147817597,1512.7347496169436,-20.306934835183938,Aston Villa,0,2,18,8,1.0,1.0,12.0,6.0,0.8,0.8,9.8,11.4,Chelsea,2,0,8,18,3.0,0.0,20.0,8.0,2.0,1.0,11.6,9.4,0.22026431718061673,0.2710027100271003,0.5494505494505494,0.21164658128277533,0.260399858814038,0.5279535599031867,0.8953396026623639,1.8442605385235982,-0.31630697862041135,0.260399858814038,0.4008810572687225,0.8127753303964758,2.0274725274725274,A,1,6,0
2022_23,2022-10-18,Brighton,Nott'm Forest,0,0,D,0,0,D,19,3,7,0,9,1,10,14,3,1,0,0,1.4,4.91,8.19,1504.4618094798084,1473.5049952608113,30.956814218997124,Brighton,0,0,19,3,0.0,2.0,21.0,7.0,1.8,2.0,14.2,9.2,Nott'm Forest,0,0,3,19,0.0,1.0,10.0,9.0,1.0,2.4,9.6,12.2,0.7142857142857143,0.20366598778004072,0.12210012210012211,0.6867789639795808,0.19582292251963607,0.11739811350078305,2.2561598144583783,0.5480172630219853,0.5693808504787978,0.19582292251963607,5.85,3.5071428571428576,0.5995115995115996,D,4,20,1
2022_23,2022-10-18,Crystal Palace,Wolves,2,1,H,0,1,A,14,10,4,4,4,3,14,18,3,1,0,0,2.29,3.19,3.46,1494.957804224901,1487.2479408529332,7.709863371967913,Crystal Palace,2,1,14,10,0.0,0.0,8.0,14.0,0.8,0.8,12.0,13.8,Wolves,1,2,10,14,1.0,0.0,9.0,10.0,0.4,1.6,9.0,15.2,0.4366812227074236,0.31347962382445144,0.28901734104046245,0.4202178489981307,0.301661089092702,0.2781210619091674,1.562314636087094,1.1360242748202043,0.14209678708896328,0.301661089092702,1.5109170305676856,1.3930131004366813,0.9219653179190751,H,8,26,2
2022_23,2022-10-19,Bournemouth,Southampton,0,1,A,0,1,A,15,9,3,3,7,3,8,13,1,3,0,0,2.72,3.33,2.69,1500.0135453639698,1482.5433618488316,17.47018351513816,Bournemouth,0,1,15,9,2.0,2.0,10.0,19.0,1.6,1.2,9.0,14.4,Southampton,1,0,9,15,1.0,1.0,10.0,25.0,0.4,1.8,11.2,15.2,0.3676470588235294,0.3003003003003003,0.3717472118959108,0.3536106363072939,0.28883511434109294,0.3575542493516132,1.3496670232629746,1.3614978623959326,-0.003943613044319283,0.28883511434109294,0.988970588235294,1.2242647058823528,1.237918215613383,A,2,22,0
2022_23,2022-10-19,Brentford,Chelsea,0,0,D,0,0,D,8,14,5,5,6,2,7,7,0,0,0,0,4.79,3.92,1.74,1500.058978643422,1517.8740229600244,-17.815044316602325,Brentford,0,0,8,14,2.0,0.0,7.0,21.0,1.6,2.0,9.0,14.8,Chelsea,0,0,14,8,2.0,0.0,8.0,18.0,2.0,0.8,11.8,9.6,0.20876826722338204,0.25510204081632654,0.5747126436781609,0.20101260749376698,0.2456250994630469,0.5533622930431861,0.8486629219443478,1.905711978592605,-0.3523496855494191,0.2456250994630469,0.36325678496868474,0.8183716075156576,2.2528735632183907,D,3,6,1
2022_23,2022-10-19,Liverpool,West Ham,1,0,H,1,0,H,22,8,7,3,8,3,9,8,0,0,0,0,1.44,5.01,6.96,1504.0643767032825,1491.9261076671244,12.138269036158135,Liverpool,1,0,22,8,1.0,0.0,13.0,16.0,1.6,1.4,16.4,10.4,West Ham,0,1,8,22,1.0,1.0,25.0,10.0,1.4,1.0,16.0,9.6,0.6944444444444444,0.1996007984031936,0.14367816091954022,0.6691999447284788,0.19234489429321547,0.13845516097830596,2.1999447284786515,0.6077103772281334,0.5307447837501729,0.19234489429321547,4.833333333333334,3.4791666666666665,0.7198275862068966,H,15,25,2
2022_23,2022-10-19,Newcastle,Everton,1,0,H,1,0,H,16,1,4,0,8,2,9,12,2,4,0,0,1.64,4.05,5.46,1508.8200174852411,1491.8704295641783,16.949587921062857,Newcastle,1,0,16,1,0.0,0.0,9.0,15.0,2.0,0.6,17.4,10.6,Everton,0,1,1,16,0.0,2.0,4.0,21.0,0.8,1.0,9.6,18.4,0.6097560975609756,0.2469135802469136,0.18315018315018314,0.5864055116230967,0.23745803433626633,0.1761364540406371,1.9966745692055565,0.7658673964581776,0.41026905758245963,0.23745803433626633,3.329268292682927,2.4695121951219514,0.7417582417582417,H,19,9,2
2022_23,2022-10-19,Man United,Tottenham,2,0,H,0,0,D,28,9,10,2,8,3,7,7,1,0,0,0,2.45,3.57,2.86,1510.2370297324194,1525.5930445698532,-15.356014837433804,Man United,2,0,28,9,0.0,0.0,15.0,9.0,1.8,1.6,11.6,13.6,Tottenham,0,2,9,28,2.0,0.0,21.0,4.0,2.4,1.2,15.0,13.6,0.4081632653061224,0.2801120448179272,0.3496503496503497,0.39324903615432316,0.2698767895176728,0.3368741743280042,1.4496238979806424,1.2804993125016855,0.056374861826318956,0.2698767895176728,1.16734693877551,1.457142857142857,1.2482517482517483,H,18,24,2
2022_23,2022-10-20,Fulham,Aston Villa,3,0,H,1,0,H,18,12,8,6,9,7,11,11,0,2,0,1,2.88,3.42,2.51,1495.5573227599646,1487.288541438679,8.268781321285587,Fulham,3,0,18,12,2.0,2.0,19.0,10.0,1.6,2.6,10.8,16.0,Aston Villa,0,3,12,18,0.0,2.0,18.0,8.0,0.6,0.8,12.6,8.6,0.3472222222222222,0.29239766081871343,0.39840637450199207,0.33450234972294307,0.28168618924037314,0.38381146103668373,1.2851932384092022,1.4331205723504246,-0.04930911131374066,0.28168618924037314,0.8715277777777778,1.1875,1.3625498007968129,H,10,1,2
2022_23,2022-10-20,Leicester,Leeds,2,0,H,2,0,H,5,14,1,2,2,9,15,11,2,1,0,0,2.32,3.58,3.03,1474.7234148059904,1490.0600153087485,-15.336600502758074,Leicester,2,0,5,14,0.0,0.0,14.0,8.0,1.8,2.6,13.0,13.4,Leeds,0,2,14,5,0.0,1.0,16.0,9.0,0.8,1.8,13.2,12.4,0.4310344827586207,0.27932960893854747,0.33003300330033003,0.41429804526670383,0.268483649446579,0.3172183052867171,1.5113777852466905,1.2201385653067303,0.09707973997998676,0.268483649446579,1.3060344827586208,1.543103448275862,1.1815181518151816,H,14,13,2
2022_23,2022-10-22,Chelsea,Man United,1,1,D,0,0,D,6,13,2,6,6,4,8,10,1,4,0,0,2.14,3.51,3.5,1518.5448872907236,1514.0350571521271,4.509830138596499,Chelsea,1,1,6,13,0.0,0.0,14.0,8.0,1.8,0.4,12.6,9.4,Man United,1,1,13,6,2.0,0.0,28.0,9.0,2.0,1.6,15.4,13.4,0.4672897196261682,0.2849002849002849,0.2857142857142857,0.45022428755717137,0.27449571947930107,0.2752799929635276,1.625168582150815,1.100335698369884,0.17494429459364375,0.27449571947930107,1.6355140186915886,1.6401869158878504,1.002857142857143,D,6,18,1
2022_23,2022-10-22,Man City,Brighton,3,1,H,2,0,H,10,8,4,2,7,3,11,12,1,3,0,0,1.21,6.94,14.36,1524.9349786404782,1503.1898131065557,21.745165533922545,Man City,3,1,10,8,0.0,1.0,16.0,13.0,2.8,1.0,17.6,7.8,Brighton,1,3,8,10,0.0,0.0,19.0,3.0,1.6,1.6,16.6,7.8,0.8264462809917356,0.1440922190201729,0.06963788300835655,0.7945251348545899,0.13852671659568497,0.06694814854972518,2.5221021211594548,0.3393711622448605,0.7275769863048647,0.13852671659568497,11.867768595041323,5.7355371900826455,0.48328690807799446,H,17,4,2
2022_23,2022-10-22,Everton,Crystal Palace,3,0,H,1,0,H,9,9,6,2,3,4,16,14,3,4,0,0,2.58,3.18,2.96,1488.473667653954,1498.4677577323027,-9.99409007834879,Everton,3,0,9,9,0.0,1.0,1.0,16.0,0.8,1.2,7.0,17.0,Crystal Palace,0,3,9,9,2.0,1.0,14.0,10.0,1.0,0.8,12.2,14.0,0.38759689922480617,0.31446540880503143,0.33783783783783783,0.3727251128534093,0.30239961986220004,0.3248752672843906,1.420574958422428,1.2770254217153718,0.04784984556901872,0.30239961986220004,1.1472868217054264,1.2325581395348837,1.0743243243243243,H,9,8,2
2022_23,2022-10-22,Nott'm Forest,Liverpool,1,0,H,0,0,D,10,15,7,7,2,11,14,8,2,1,0,0,11.31,6.19,1.26,1474.776991634064,1507.5199052209834,-32.742913586919485,Nott'm Forest,1,0,10,15,0.0,0.0,3.0,19.0,0.6,1.8,8.0,14.4,Liverpool,0,1,15,10,1.0,0.0,22.0,8.0,1.4,1.2,16.2,11.0,0.08841732979664013,0.16155088852988692,0.7936507936507936,0.08472184655693257,0.15479872125345842,0.7604794321896091,0.4089642609242561,2.4362370178222856,-0.6757575856326765,0.15479872125345842,0.11140583554376657,0.5473032714412025,4.912698412698413,H,20,15,2
2022_23,2022-10-23,Wolves,Leicester,0,4,A,0,2,A,21,5,5,4,9,2,10,13,2,1,0,0,2.3,3.38,3.24,1483.7379873455316,1478.5211968915125,5.216790454019019,Wolves,0,4,21,5,1.0,2.0,10.0,14.0,0.4,2.0,9.6,15.6,Leicester,4,0,5,21,2.0,0.0,5.0,14.0,1.8,1.6,12.8,11.6,0.4347826086956522,0.2958579881656805,0.30864197530864196,0.41834879207860276,0.28467521354461134,0.29697599437678585,1.5397215897804197,1.175603196674969,0.12137279770181691,0.28467521354461134,1.4086956521739133,1.4695652173913045,1.0432098765432098,A,26,14,0
2022_23,2022-10-23,Aston Villa,Brentford,4,0,H,3,0,H,19,12,11,3,7,6,14,11,1,0,0,0,2.14,3.5,3.49,1483.7854742096395,1499.3881143127228,-15.602640103083331,Aston Villa,4,0,19,12,0.0,3.0,12.0,18.0,0.4,1.2,14.4,9.6,Brentford,0,4,12,19,0.0,0.0,8.0,14.0,0.6,1.6,7.8,14.2,0.4672897196261682,0.2857142857142857,0.28653295128939826,0.44951717843789557,0.2748476462448847,0.27563517531721965,1.6233991815585715,1.1017531721965437,0.17388200312067592,0.2748476462448847,1.6308411214953271,1.6355140186915886,1.002865329512894,H,1,3,2
2022_23,2022-10-23,Leeds,Fulham,2,3,A,1,1,D,14,11,5,5,3,6,12,8,1,1,0,0,2.06,3.62,3.59,1486.2622332232263,1499.060389989004,-12.798156765777776,Leeds,2,3,14,11,0.0,2.0,14.0,5.0,0.6,2.0,13.2,12.0,Fulham,3,2,11,14,3.0,0.0,18.0,12.0,2.0,2.2,12.6,13.8,0.4854368932038835,0.27624309392265195,0.2785515320334262,0.4666623576219819,0.2655592421826748,0.2677784001953434,1.6655463150486205,1.068894442768705,0.1988839574266385,0.2655592421826748,1.7427184466019416,1.7572815533980584,1.0083565459610029,A,13,10,0
2022_23,2022-10-23,Southampton,Arsenal,1,1,D,0,1,A,10,12,3,3,9,4,11,8,2,1,0,0,5.78,4.27,1.58,1488.152935104984,1534.2622626893387,-46.10932758435479,Southampton,1,1,10,12,1.0,0.0,9.0,15.0,0.6,1.6,10.6,16.8,Arsenal,1,1,12,10,1.0,0.0,9.0,16.0,2.2,1.2,14.2,9.2,0.17301038062283736,0.234192037470726,0.6329113924050632,0.16633793232674876,0.22516001143995504,0.6085020562332961,0.7241738084202013,2.0506661801398436,-0.44216412390654736,0.22516001143995504,0.27335640138408307,0.7387543252595155,2.70253164556962,D,22,0,1
2022_23,2022-10-23,Tottenham,Newcastle,1,2,A,0,2,A,17,13,5,5,6,7,12,6,4,2,0,0,2.09,3.58,3.53,1521.7950171501454,1512.2167793954654,9.578237754680003,Tottenham,1,2,17,13,0.0,2.0,9.0,28.0,2.0,1.4,12.2,17.4,Newcastle,2,1,13,17,1.0,0.0,16.0,1.0,2.2,0.6,16.0,7.0,0.47846889952153115,0.27932960893854747,0.28328611898017,0.459586941263324,0.2683063428045662,0.27210671593210967,1.6470671665945382,1.084626490600895,0.18748022533121433,0.2683063428045662,1.6889952153110048,1.7129186602870814,1.0141643059490086,A,24,19,0
2022_23,2022-10-24,West Ham,Bournemouth,2,0,H,1,0,H,20,5,4,3,5,0,9,11,0,2,0,0,1.55,4.16,6.2,1488.4705791494234,1494.4039721078175,-5.933392958394052,West Ham,2,0,20,5,0.0,1.0,8.0,22.0,1.2,0.8,16.4,12.4,Bournemouth,0,2,5,20,0.0,1.0,15.0,9.0,1.0,1.0,10.4,14.0,0.6451612903225806,0.24038461538461536,0.16129032258064516,0.6162962962962963,0.2296296296296296,0.15407407407407409,2.0785185185185187,0.6918518518518518,0.46222222222222226,0.2296296296296296,4.0,2.6838709677419357,0.6709677419354839,H,25,2,2
2022_23,2022-10-29,Liverpool,Leeds,1,2,A,1,1,D,22,14,10,6,14,5,9,3,0,1,0,0,1.3,6.07,9.16,1503.5006193324668,1481.0279749976066,22.472644334860206,Liverpool,1,2,22,14,0.0,1.0,15.0,10.0,1.4,1.4,14.6,10.2,Leeds,2,1,14,22,2.0,3.0,14.0,11.0,0.6,1.6,12.6,11.4,0.7692307692307692,0.16474464579901152,0.1091703056768559,0.7374144896167384,0.15793061556865898,0.10465489481460262,2.370174084418874,0.4718953000124668,0.6327595948021357,0.15793061556865898,7.046153846153846,4.6692307692307695,0.6626637554585153,A,15,13,0
2022_23,2022-10-29,Fulham,Everton,0,0,D,0,0,D,24,9,6,4,13,4,10,8,2,1,0,0,2.36,3.43,3.07,1504.2946482146237,1492.2041052387747,12.090542975849075,Fulham,0,0,24,9,3.0,2.0,11.0,14.0,2.0,2.2,11.8,14.4,Everton,0,0,9,24,3.0,0.0,9.0,9.0,1.2,1.2,7.4,16.0,0.42372881355932207,0.29154518950437314,0.32573289902280134,0.407037467964948,0.28006076513040146,0.3129017669046506,1.5011731690252454,1.2187660658443533,0.0941357010602974,0.28006076513040146,1.3008474576271187,1.4533898305084747,1.1172638436482085,D,10,9,1
2022_23,2022-10-29,Crystal Palace,Southampton,1,0,H,1,0,H,12,14,3,4,8,4,13,12,3,3,0,0,1.95,3.57,4.03,1494.737320147482,1487.8439889129763,6.893331234505695,Crystal Palace,1,0,12,14,0.0,3.0,9.0,9.0,1.0,1.4,10.2,11.2,Southampton,0,1,14,12,1.0,1.0,10.0,12.0,0.8,1.6,11.2,17.0,0.5128205128205129,0.2801120448179272,0.24813895781637715,0.4925891307250635,0.26906128989184136,0.2383495793830952,1.746828682067032,0.984110028041127,0.2542395513419683,0.26906128989184136,2.066666666666667,1.8307692307692307,0.8858560794044664,H,8,22,2
2022_23,2022-10-29,Newcastle,Aston Villa,4,0,H,1,0,H,20,3,7,0,3,0,11,11,1,1,0,0,1.83,3.73,4.41,1517.7298263613848,1487.5866185441264,30.14320781725837,Newcastle,4,0,20,3,2.0,1.0,13.0,17.0,2.4,0.6,14.6,8.4,Aston Villa,0,4,3,20,4.0,0.0,19.0,12.0,1.0,1.2,16.0,10.6,0.5464480874316939,0.2680965147453083,0.22675736961451246,0.5247738909891372,0.2574627937024454,0.2177633153084175,1.8317844666698568,0.9107527396276979,0.30701057568071966,0.2574627937024454,2.4098360655737703,2.0382513661202184,0.8458049886621315,H,19,1,2
2022_23,2022-10-29,Brentford,Wolves,1,1,D,0,0,D,12,14,3,4,3,6,10,17,3,3,0,1,2.2,3.46,3.33,1495.5869699782359,1478.2787162920642,17.30825368617161,Brentford,1,1,12,14,0.0,4.0,12.0,19.0,0.6,1.8,9.2,15.4,Wolves,1,1,14,12,0.0,4.0,21.0,5.0,0.4,2.2,12.6,13.4,0.45454545454545453,0.28901734104046245,0.3003003003003003,0.43544546821971447,0.27687284106455834,0.2876816907157273,1.583209245723702,1.13991791321174,0.14776377750398717,0.27687284106455834,1.5136363636363634,1.5727272727272725,1.039039039039039,D,3,26,1
2022_23,2022-10-29,Brighton,Chelsea,4,1,H,3,0,H,19,15,9,7,8,7,16,6,1,2,0,0,3.03,3.34,2.41,1499.8512298493208,1517.5943605037246,-17.743130654403785,Brighton,4,1,19,15,1.0,3.0,8.0,10.0,0.8,1.8,13.6,8.6,Chelsea,1,4,15,19,1.0,1.0,6.0,13.0,1.6,0.4,12.2,10.8,0.33003300330033003,0.29940119760479045,0.41493775933609955,0.31601097680188756,0.28668061667955674,0.3973084065185557,1.2347135470852195,1.478605836235224,-0.08129742971666815,0.28668061667955674,0.7953795379537955,1.1023102310231023,1.3858921161825726,H,4,6,2
2022_23,2022-10-29,Bournemouth,Tottenham,2,3,A,1,0,H,6,23,4,7,2,19,10,5,1,2,0,0,5.1,3.91,1.69,1490.7244865191826,1516.281970184226,-25.557483665043492,Bournemouth,2,3,6,23,0.0,2.0,5.0,20.0,0.8,1.2,9.4,14.0,Tottenham,3,2,23,6,1.0,2.0,17.0,13.0,1.0,1.4,12.4,16.2,0.19607843137254904,0.2557544757033248,0.591715976331361,0.18789577995842802,0.24508145211968868,0.5670227679218833,0.8087687919949728,1.9461497558853387,-0.37912698796345534,0.24508145211968868,0.33137254901960783,0.7666666666666667,2.3136094674556213,A,2,24,0
2022_23,2022-10-29,Leicester,Man City,0,1,A,0,0,D,10,15,5,5,3,10,5,10,0,0,0,0,9.66,6.09,1.29,1483.9804679449799,1528.273561897713,-44.293093952733216,Leicester,0,1,10,15,4.0,0.0,5.0,21.0,2.2,0.4,10.0,12.6,Man City,1,0,15,10,3.0,1.0,10.0,8.0,3.2,1.0,17.0,8.8,0.10351966873706003,0.16420361247947454,0.7751937984496123,0.09925973095598185,0.15744646979224708,0.7432937992517711,0.45522566266019265,2.3873278675475604,-0.6440340682957892,0.15744646979224708,0.13354037267080746,0.6304347826086957,4.720930232558139,A,14,17,0
2022_23,2022-10-30,Arsenal,Nott'm Forest,5,0,H,1,0,H,24,5,10,2,9,4,9,8,0,1,0,0,1.2,6.96,14.82,1534.5712088813464,1478.7962775225806,55.7749313587658,Arsenal,5,0,24,5,1.0,1.0,12.0,10.0,2.2,0.8,13.4,9.2,Nott'm Forest,0,5,5,24,1.0,0.0,10.0,15.0,0.4,1.2,7.8,14.4,0.8333333333333334,0.14367816091954022,0.06747638326585695,0.7978391623969704,0.1375584762753397,0.06460236132768991,2.531075963466251,0.33136556025840946,0.7332368010692805,0.1375584762753397,12.350000000000001,5.8,0.46963562753036436,H,0,20,2
2022_23,2022-10-30,Man United,West Ham,1,0,H,1,0,H,16,13,3,5,5,10,12,10,1,3,0,0,1.7,4.02,4.85,1514.9855839391262,1492.1500647380583,22.835519201067882,Man United,1,0,16,13,1.0,1.0,13.0,6.0,1.6,1.6,16.0,11.4,West Ham,0,1,13,16,2.0,0.0,20.0,5.0,1.6,0.6,17.6,12.0,0.5882352941176471,0.24875621890547267,0.2061855670103093,0.563888246182323,0.2384602036094401,0.19765155020823694,1.9301249421564093,0.8314148542341508,0.3662366959740861,0.2384602036094401,2.8529411764705883,2.3647058823529408,0.8288659793814432,H,18,25,2
2022_23,2022-11-05,Leeds,Bournemouth,4,3,H,1,2,A,18,9,4,6,13,3,16,10,2,2,0,0,1.74,3.93,4.73,1486.698181674069,1485.6519843333808,1.0461973406881953,Leeds,4,3,18,9,2.0,1.0,14.0,22.0,1.0,1.8,13.6,12.0,Bournemouth,3,4,9,18,2.0,3.0,6.0,23.0,1.2,1.8,9.2,16.0,0.5747126436781609,0.2544529262086514,0.2114164904862579,0.5522992040359743,0.2445294185808131,0.20317137738321253,1.901427030688736,0.8540435507304507,0.34912782665276176,0.2445294185808131,2.718390804597701,2.2586206896551726,0.8308668076109936,H,13,2,2
2022_23,2022-11-05,Man City,Fulham,2,1,H,1,1,D,16,4,5,2,9,0,6,11,2,4,1,0,1.13,9.74,19.8,1533.1059125301865,1503.2507615995073,29.8551509306792,Man City,2,1,16,4,1.0,0.0,15.0,10.0,2.8,1.0,16.8,9.6,Fulham,1,2,4,16,0.0,0.0,24.0,9.0,1.8,1.4,16.0,12.4,0.8849557522123894,0.1026694045174538,0.050505050505050504,0.8524515961918773,0.09889838846989951,0.048650015338223294,2.656253177045531,0.2448484344845694,0.8038015808536539,0.09889838846989951,17.52212389380531,8.619469026548673,0.4919191919191919,H,17,10,2
2022_23,2022-11-05,Nott'm Forest,Brentford,2,2,D,1,1,D,15,6,7,2,3,3,10,11,2,2,0,0,2.78,3.39,2.59,1475.8576996609227,1494.4793667578672,-18.62166709694452,Nott'm Forest,2,2,15,6,0.0,5.0,5.0,24.0,0.4,1.4,6.8,15.8,Brentford,2,2,6,15,1.0,1.0,12.0,14.0,0.8,2.0,9.0,16.8,0.3597122302158274,0.2949852507374631,0.3861003861003861,0.34561199787439234,0.28342222834537184,0.37096577378023576,1.3202582219685488,1.396319549686079,-0.025353775905843423,0.28342222834537184,0.9316546762589928,1.2194244604316549,1.308880308880309,D,20,3,1
2022_23,2022-11-05,Wolves,Brighton,2,3,A,2,2,D,8,19,5,8,4,9,15,11,2,0,1,0,3.39,3.33,2.24,1479.386319512433,1503.6794548191517,-24.293135306718796,Wolves,2,3,8,19,1.0,1.0,14.0,12.0,0.6,2.0,12.4,12.2,Brighton,3,2,19,8,4.0,1.0,19.0,15.0,1.0,1.4,16.2,8.6,0.2949852507374631,0.3003003003003003,0.4464285714285714,0.28317294003758325,0.2882751551733956,0.4285519047890211,1.1377939752861452,1.5739308695404588,-0.14537896475143786,0.2882751551733956,0.6607669616519174,0.9823008849557522,1.4866071428571428,A,26,4,0
2022_23,2022-11-05,Everton,Leicester,0,2,A,0,1,A,12,22,2,8,8,3,9,5,0,0,0,0,2.43,3.33,3.03,1493.247991853891,1479.1481173125064,14.099874541384679,Everton,0,2,12,22,0.0,0.0,9.0,24.0,0.8,1.0,6.8,16.4,Leicester,2,0,22,12,0.0,1.0,10.0,15.0,1.4,0.6,8.6,13.6,0.4115226337448559,0.3003003003003003,0.33003300330033003,0.3949899587781418,0.28823591586513053,0.3167741253567276,1.4732057921995558,1.2385582919353135,0.0782158334214142,0.28823591586513053,1.2469135802469133,1.3703703703703702,1.099009900990099,A,9,14,0
2022_23,2022-11-06,West Ham,Crystal Palace,1,2,A,1,1,D,5,15,2,6,2,5,10,7,1,1,0,0,1.94,3.49,4.18,1488.8246523630098,1498.2573426857377,-9.432690322727922,West Ham,1,2,5,15,0.0,1.0,13.0,16.0,1.2,0.8,16.6,12.2,Crystal Palace,2,1,15,5,1.0,0.0,12.0,14.0,1.0,1.0,11.2,11.4,0.5154639175257733,0.28653295128939826,0.23923444976076558,0.49505226007872954,0.27518664313831953,0.22976109678295104,1.760343423374508,0.9644699334871726,0.2652911632957785,0.27518664313831953,2.154639175257732,1.7989690721649487,0.8349282296650719,A,25,8,0
2022_23,2022-11-06,Chelsea,Arsenal,0,1,A,0,0,D,5,14,1,2,4,6,20,13,5,2,0,0,2.64,3.42,2.7,1513.7661355338937,1537.5097867430043,-23.743651209110567,Chelsea,0,1,5,14,1.0,4.0,15.0,19.0,1.4,1.0,12.6,13.2,Arsenal,1,0,14,5,5.0,0.0,24.0,5.0,2.6,0.8,15.6,9.2,0.3787878787878788,0.29239766081871343,0.37037037037037035,0.3636750319013186,0.2807316035729477,0.35559336452573376,1.3717566992769035,1.3475116971501488,0.008081667375584856,0.2807316035729477,1.0227272727272727,1.2954545454545454,1.2666666666666666,A,6,0,0
2022_23,2022-11-06,Aston Villa,Man United,3,1,H,2,1,H,6,8,4,3,3,5,6,12,3,3,0,0,3.39,3.54,2.15,1484.348912624445,1518.3109963141746,-33.96208368972975,Aston Villa,3,1,6,8,0.0,4.0,3.0,20.0,1.0,2.0,12.8,12.8,Man United,1,3,8,6,1.0,0.0,16.0,13.0,1.2,0.4,16.8,9.6,0.2949852507374631,0.2824858757062147,0.46511627906976744,0.2829357511682113,0.2709469481526091,0.44611730067917965,1.1197542016572428,1.609298850190148,-0.16318154951096836,0.2709469481526091,0.6342182890855457,1.0442477876106195,1.646511627906977,H,1,18,2
2022_23,2022-11-06,Southampton,Newcastle,1,4,A,0,1,A,16,7,5,4,8,2,7,10,1,0,0,0,4.02,3.66,1.92,1484.3239663747206,1520.9675322810663,-36.64356590634566,Southampton,1,4,16,7,0.0,1.0,14.0,12.0,0.6,1.4,9.6,17.0,Newcastle,4,1,7,16,4.0,0.0,20.0,3.0,2.4,0.4,14.8,8.4,0.24875621890547267,0.27322404371584696,0.5208333333333334,0.2385433215202249,0.26200659904680434,0.4994500794329708,0.9776365636074791,1.7603568373457168,-0.2609067579127459,0.26200659904680434,0.4776119402985075,0.91044776119403,1.9062500000000002,A,22,19,0
2022_23,2022-11-06,Tottenham,Liverpool,1,2,A,0,2,A,14,13,5,6,5,3,10,8,0,0,0,0,3.28,3.67,2.16,1521.354472370028,1497.8304126560045,23.52405971402345,Tottenham,1,2,14,13,3.0,2.0,23.0,6.0,1.4,1.2,15.6,13.0,Liverpool,2,1,13,14,1.0,2.0,22.0,14.0,1.0,1.2,16.0,11.8,0.3048780487804878,0.2724795640326976,0.4629629629629629,0.2930616349225127,0.2619188453803383,0.4450195196971488,1.1411037501478765,1.5969774044717848,-0.15195788477463612,0.2619188453803383,0.6585365853658537,1.1189024390243902,1.699074074074074,A,24,15,0
2022_23,2022-11-12,Newcastle,Chelsea,1,0,H,0,0,D,10,5,3,2,5,3,14,11,3,2,0,0,2.33,3.44,3.11,1525.8982436474548,1508.6705363119736,17.227707335481227,Newcastle,1,0,10,5,4.0,1.0,7.0,16.0,2.2,0.4,13.0,10.4,Chelsea,0,1,5,10,0.0,1.0,5.0,14.0,0.8,1.2,9.6,14.4,0.4291845493562232,0.29069767441860467,0.3215434083601286,0.41211252739802534,0.27913435722017416,0.30875311538180034,1.5154719394142502,1.205393703365575,0.103359412016225,0.27913435722017416,1.334763948497854,1.4763948497854076,1.1061093247588425,H,19,6,2
2022_23,2022-11-12,West Ham,Leicester,0,2,A,0,1,A,18,9,6,6,7,2,9,8,3,1,0,0,2.09,3.51,3.6,1483.5480332849888,1484.7165951449729,-1.1685618599840382,West Ham,0,2,18,9,1.0,2.0,5.0,15.0,0.8,1.0,14.2,13.6,Leicester,2,0,9,18,2.0,0.0,22.0,12.0,1.6,0.2,11.2,14.0,0.47846889952153115,0.2849002849002849,0.2777777777777778,0.45955942522339704,0.2736407973552421,0.266799777421361,1.6523190730254333,1.0740401296193252,0.19275964780203603,0.2736407973552421,1.722488038277512,1.6794258373205742,0.9749999999999999,A,25,14,0
2022_23,2022-11-12,Tottenham,Leeds,4,3,H,1,2,A,14,12,8,5,9,2,8,7,1,1,0,1,1.64,4.26,5.04,1515.6715786415723,1490.2906034345633,25.380975207008987,Tottenham,4,3,14,12,1.0,2.0,14.0,13.0,1.4,1.6,16.8,12.8,Leeds,3,4,12,14,4.0,3.0,18.0,9.0,1.6,2.0,15.2,11.2,0.6097560975609756,0.2347417840375587,0.1984126984126984,0.5846676687798184,0.22508332788706623,0.19024900333311548,1.9790863342265215,0.7958303378864127,0.3944186654467029,0.22508332788706623,3.073170731707317,2.597560975609756,0.8452380952380952,H,24,13,2
2022_23,2022-11-12,Wolves,Arsenal,0,2,A,0,0,D,11,14,2,4,6,4,5,6,3,2,0,0,6.15,4.26,1.55,1474.2977140150988,1542.6053859649244,-68.30767194982559,Wolves,0,2,11,14,2.0,3.0,8.0,19.0,1.0,2.0,12.4,12.0,Arsenal,2,0,14,11,1.0,0.0,14.0,5.0,2.2,0.6,14.0,8.8,0.16260162601626016,0.2347417840375587,0.6451612903225806,0.15597207950961983,0.2251709598554371,0.6188569606349431,0.6930871983842966,2.0817418417602664,-0.4628848811253233,0.2251709598554371,0.25203252032520324,0.6926829268292682,2.7483870967741932,A,26,0,0
2022_23,2022-11-12,Liverpool,Southampton,3,1,H,3,1,H,15,9,7,5,6,0,8,8,0,2,0,0,1.25,6.52,11.38,1503.51330638446,1479.393255008332,24.120051376128004,Liverpool,3,1,15,9,2.0,1.0,13.0,14.0,1.0,0.8,17.0,12.4,Southampton,1,3,9,15,1.0,4.0,16.0,7.0,0.8,1.4,11.8,14.2,0.8,0.15337423312883436,0.08787346221441124,0.7683090234704253,0.1472985091009251,0.08439246742864952,2.452225579512201,0.40047591138687366,0.6839165560417758,0.1472985091009251,9.104000000000001,5.215999999999999,0.5729349736379613,H,15,22,2
2022_23,2022-11-12,Bournemouth,Everton,3,0,H,2,0,H,16,15,9,3,3,5,12,8,2,0,0,0,2.86,3.25,2.6,1482.0595625728865,1487.6795140214247,-5.6199514485381314,Bournemouth,3,0,16,15,3.0,4.0,9.0,18.0,1.4,2.4,9.0,17.8,Everton,0,3,15,16,0.0,2.0,12.0,22.0,0.6,1.0,7.0,18.4,0.3496503496503497,0.3076923076923077,0.3846153846153846,0.33557046979865773,0.29530201342281875,0.3691275167785234,1.302013422818792,1.4026845637583891,-0.03355704697986567,0.29530201342281875,0.9090909090909092,1.1363636363636365,1.25,H,2,9,2
2022_23,2022-11-12,Man City,Brentford,1,2,A,1,1,D,29,10,6,8,10,2,9,7,2,2,0,0,1.14,8.92,19.14,1536.347056602749,1495.140012353756,41.20704424899304,Man City,1,2,29,10,2.0,1.0,16.0,4.0,2.0,0.6,15.6,8.0,Brentford,2,1,10,29,2.0,2.0,6.0,15.0,1.0,1.4,9.0,16.6,0.8771929824561404,0.11210762331838565,0.0522466039707419,0.8422018457239938,0.10763566189746109,0.05016249237854508,2.6342411990694425,0.2581231390330963,0.7920393533454487,0.10763566189746109,16.789473684210527,7.824561403508772,0.46603970741901773,A,17,3,0
2022_23,2022-11-12,Nott'm Forest,Crystal Palace,1,0,H,0,0,D,9,8,2,0,1,5,11,13,1,4,0,0,3.12,3.24,2.43,1475.1970540650339,1503.5339617637587,-28.336907698724872,Nott'm Forest,1,0,9,8,2.0,2.0,15.0,6.0,0.6,1.6,8.6,14.6,Crystal Palace,0,1,8,9,2.0,1.0,15.0,5.0,1.0,1.0,11.6,10.4,0.3205128205128205,0.30864197530864196,0.4115226337448559,0.30798479087452474,0.2965779467680608,0.39543726235741444,1.2205323193916349,1.4828897338403042,-0.0874524714828897,0.2965779467680608,0.7788461538461539,1.0384615384615385,1.3333333333333333,H,20,8,2
2022_23,2022-11-13,Brighton,Aston Villa,1,2,A,1,1,D,7,8,2,2,11,4,14,11,2,7,0,0,1.86,3.71,4.21,1508.7680603164858,1488.3838148455513,20.384245470934502,Brighton,1,2,7,8,3.0,2.0,19.0,8.0,1.6,1.6,17.2,8.6,Aston Villa,2,1,8,7,3.0,1.0,6.0,8.0,1.4,2.0,11.6,13.2,0.5376344086021505,0.2695417789757412,0.23752969121140144,0.5146275325120344,0.25800733435913314,0.22736513312883233,1.8018899318952364,0.9401027337456301,0.2872623993832021,0.25800733435913314,2.2634408602150535,1.9946236559139783,0.8812351543942993,A,4,1,0
2022_23,2022-11-13,Fulham,Man United,1,2,A,0,1,A,14,14,7,9,10,3,9,10,1,1,0,0,3.91,3.88,1.89,1500.0096175269448,1514.2760940930682,-14.266476566123401,Fulham,1,2,14,14,1.0,2.0,4.0,16.0,1.8,1.2,15.2,12.2,Man United,2,1,14,14,1.0,3.0,8.0,6.0,1.0,0.8,16.0,8.6,0.2557544757033248,0.2577319587628866,0.5291005291005292,0.24530757110982507,0.2472042791338701,0.5074881497563049,0.9831269924633453,1.7696687284027846,-0.2621805786464798,0.2472042791338701,0.4833759590792838,0.9923273657289002,2.052910052910053,A,10,18,0
2022_23,2022-12-26,Aston Villa,Liverpool,1,3,A,0,2,A,12,16,6,9,0,6,7,12,0,0,0,0,4.51,4.04,1.75,1494.0287624759194,1506.8232299832782,-12.794467507358831,Aston Villa,1,3,12,16,2.0,1.0,8.0,7.0,1.8,1.8,9.6,13.0,Liverpool,3,1,16,12,3.0,1.0,15.0,9.0,1.4,1.0,17.4,11.0,0.22172949002217296,0.24752475247524752,0.5714285714285714,0.2130615467605303,0.2378484098737603,0.5490900433657094,0.8770330501553512,1.8851185399708887,-0.33602849660517914,0.2378484098737603,0.3880266075388027,0.8957871396895788,2.3085714285714287,A,1,15,0
2022_23,2022-12-26,Arsenal,West Ham,3,1,H,0,1,A,16,8,5,4,7,5,13,17,0,2,0,0,1.51,4.39,6.52,1547.1273048941187,1478.1680089185725,68.95929597554618,Arsenal,3,1,16,8,2.0,0.0,14.0,11.0,2.0,0.2,14.6,9.4,West Ham,1,3,8,16,0.0,2.0,18.0,9.0,0.6,1.2,12.8,13.4,0.6622516556291391,0.22779043280182235,0.15337423312883436,0.6346955112213922,0.21831212344972714,0.1469923653288807,2.1223986571139037,0.6592892194363692,0.4877031458925115,0.21831212344972714,4.317880794701987,2.9072847682119205,0.6733128834355828,H,0,25,2
2022_23,2022-12-26,Brentford,Tottenham,2,2,D,1,0,H,9,16,5,8,6,5,11,10,3,1,0,0,3.85,3.74,1.95,1501.0331173894485,1518.9663275593748,-17.93321016992627,Brentford,2,2,9,16,2.0,1.0,10.0,29.0,1.0,1.6,9.6,18.2,Tottenham,2,2,16,9,4.0,3.0,14.0,12.0,1.8,2.2,15.4,14.4,0.2597402597402597,0.267379679144385,0.5128205128205129,0.2497645507628555,0.257110566961763,0.4931248822753815,1.0064042192503295,1.7364852137879074,-0.24336033151252598,0.257110566961763,0.5064935064935064,0.9714285714285714,1.917948717948718,D,3,24,1
2022_23,2022-12-26,Crystal Palace,Fulham,0,3,A,0,1,A,4,23,0,11,1,8,12,15,0,0,2,0,2.07,3.55,3.58,1499.571012079415,1494.7938833758244,4.777128703590506,Crystal Palace,0,3,4,23,0.0,1.0,8.0,9.0,1.0,1.2,11.6,9.4,Fulham,3,0,23,4,1.0,2.0,14.0,14.0,1.6,1.2,14.2,13.0,0.48309178743961356,0.28169014084507044,0.27932960893854747,0.46268216585784966,0.2697893192466898,0.26752851489546053,1.6578358168202387,1.0723748639330715,0.19515365096238912,0.2697893192466898,1.7294685990338166,1.714975845410628,0.9916201117318435,A,8,10,0
2022_23,2022-12-26,Everton,Wolves,1,2,A,1,1,D,12,7,6,4,2,2,9,22,1,6,0,0,2.35,3.25,3.24,1484.0039525220448,1469.7757950859045,14.228157436140236,Everton,1,2,12,7,0.0,3.0,15.0,16.0,0.6,1.2,9.2,17.4,Wolves,2,1,7,12,0.0,2.0,11.0,14.0,0.8,2.4,12.8,12.8,0.425531914893617,0.3076923076923077,0.30864197530864196,0.4084324030797277,0.29532804530380313,0.29623955161646914,1.5206252545429864,1.1840467001532107,0.11219285146325858,0.29532804530380313,1.3787234042553191,1.3829787234042552,1.0030864197530864,A,9,26,0
2022_23,2022-12-26,Leicester,Newcastle,0,3,A,0,3,A,8,12,2,5,5,5,9,6,0,0,0,0,3.24,3.54,2.21,1490.0966195113892,1529.2916205211295,-39.19500100974028,Leicester,0,3,8,12,2.0,0.0,9.0,18.0,2.0,0.2,10.2,16.0,Newcastle,3,0,12,8,1.0,0.0,10.0,5.0,2.4,0.4,13.2,8.4,0.30864197530864196,0.2824858757062147,0.45248868778280543,0.295742702261335,0.27067976139173033,0.4335775363469346,1.157907868175735,1.571412370432534,-0.1378348340855996,0.27067976139173033,0.6820987654320987,1.0925925925925926,1.6018099547511313,A,14,19,0
2022_23,2022-12-26,Southampton,Brighton,1,3,A,0,2,A,14,7,4,4,4,2,9,10,1,2,0,0,3.4,3.51,2.15,1476.083331409514,1503.1231126861178,-27.03978127660389,Southampton,1,3,14,7,1.0,3.0,9.0,15.0,0.8,1.8,11.6,12.2,Brighton,3,1,7,14,1.0,2.0,7.0,8.0,1.8,1.6,14.4,8.8,0.29411764705882354,0.2849002849002849,0.46511627906976744,0.2816856721599075,0.272857916052332,0.4454564117877606,1.1179149325320545,1.6092271514156136,-0.1637707396278531,0.272857916052332,0.6323529411764706,1.0323529411764705,1.6325581395348836,A,22,4,0
2022_23,2022-12-27,Man United,Nott'm Forest,3,0,H,2,0,H,17,8,8,3,9,9,13,4,3,1,0,0,1.31,5.51,10.4,1519.4918282441886,1479.1600037493777,40.33182449481092,Man United,3,0,17,8,2.0,1.0,14.0,14.0,1.4,1.0,15.8,9.6,Nott'm Forest,0,3,8,17,1.0,0.0,9.0,8.0,0.8,1.4,8.4,14.4,0.7633587786259541,0.18148820326678766,0.09615384615384615,0.7332931521854577,0.17434011422195092,0.0923667335925913,2.374219570778324,0.4514403149997248,0.6409264185928664,0.17434011422195092,7.938931297709924,4.206106870229007,0.5298076923076923,H,18,20,2
2022_23,2022-12-27,Chelsea,Bournemouth,2,0,H,2,0,H,15,9,5,4,6,8,8,10,0,0,0,0,1.32,5.46,9.72,1505.277159438299,1485.7351240722664,19.54203536603245,Chelsea,2,0,15,9,0.0,1.0,5.0,10.0,0.4,1.4,9.0,12.8,Bournemouth,0,2,9,15,3.0,0.0,16.0,15.0,1.6,2.0,10.2,17.0,0.7575757575757576,0.18315018315018314,0.10288065843621398,0.7259208193815244,0.17549734094937952,0.09858183966909591,2.3532597990939528,0.47124285995666726,0.6273389797124285,0.17549734094937952,7.363636363636364,4.136363636363636,0.5617283950617283,H,6,2,2
2022_23,2022-12-28,Leeds,Man City,1,3,A,0,1,A,9,26,1,9,3,5,11,14,3,3,0,0,9.46,5.99,1.3,1486.9958545167608,1530.4539515670565,-43.45809705029569,Leeds,1,3,9,26,3.0,4.0,12.0,14.0,2.2,2.6,14.4,12.2,Man City,3,1,26,9,1.0,2.0,29.0,10.0,1.4,1.0,17.2,9.0,0.10570824524312895,0.1669449081803005,0.7692307692307692,0.1014587546123538,0.16023369259313305,0.7383075527945131,0.4646099564301944,2.375156350976672,-0.6368487981821593,0.16023369259313305,0.13742071881606766,0.6331923890063424,4.607692307692307,A,13,17,0
2022_23,2022-12-30,West Ham,Brentford,0,2,A,0,2,A,20,9,5,6,8,1,9,5,1,0,0,0,2.06,3.59,3.64,1475.3776136964982,1500.3637496082447,-24.986135911746487,West Ham,0,2,20,9,1.0,3.0,8.0,16.0,0.8,1.6,12.8,12.2,Brentford,2,0,9,20,2.0,2.0,9.0,16.0,1.4,2.0,9.8,18.6,0.4854368932038835,0.2785515320334262,0.2747252747252747,0.46734426745441937,0.26816969107412364,0.26448604147145705,1.6702024934373818,1.0616278154884948,0.20285822598296233,0.26816969107412364,1.766990291262136,1.7427184466019416,0.9862637362637362,A,25,3,0
2022_23,2022-12-30,Liverpool,Leicester,2,1,H,2,1,H,21,7,5,2,4,5,8,15,0,1,0,0,1.3,6.03,9.64,1512.0575347200604,1485.1986741387525,26.85886058130791,Liverpool,2,1,21,7,3.0,1.0,16.0,12.0,1.8,1.2,16.2,11.8,Leicester,1,2,7,21,0.0,3.0,8.0,12.0,1.6,0.8,10.8,15.6,0.7692307692307692,0.16583747927031509,0.10373443983402489,0.7404974764395504,0.15964290536839398,0.09985961819205556,2.381135334687045,0.45922175994456066,0.6406378582474949,0.15964290536839398,7.415384615384616,4.638461538461539,0.6255186721991701,H,15,14,2
2022_23,2022-12-31,Wolves,Man United,0,1,A,0,0,D,10,16,3,6,7,5,11,11,1,3,0,0,4.09,3.64,1.92,1475.345840633505,1522.6089806477103,-47.26314001420519,Wolves,0,1,10,16,2.0,1.0,7.0,12.0,1.0,2.2,12.2,12.4,Man United,1,0,16,10,3.0,0.0,17.0,8.0,1.6,1.0,13.6,9.4,0.24449877750611249,0.2747252747252747,0.5208333333333334,0.2350820069157596,0.264144342935565,0.5007736501486754,0.9693903636828438,1.766465293381591,-0.2656916432329158,0.264144342935565,0.46943765281173594,0.8899755501222495,1.8958333333333335,A,26,18,0
2022_23,2022-12-31,Bournemouth,Crystal Palace,0,2,A,0,2,A,6,15,2,6,2,7,17,11,4,1,0,0,2.91,3.27,2.55,1482.3698632493597,1494.1171782364825,-11.747314987122763,Bournemouth,0,2,6,15,0.0,2.0,9.0,15.0,1.6,2.2,9.0,18.2,Crystal Palace,2,0,15,6,0.0,3.0,4.0,23.0,0.6,1.6,9.6,12.0,0.3436426116838488,0.3058103975535168,0.3921568627450981,0.3299148951322864,0.2935939892461631,0.3764911156215504,1.2833386746430224,1.4230673361108144,-0.04657622048926402,0.2935939892461631,0.8762886597938143,1.1237113402061856,1.2823529411764707,A,2,8,0
2022_23,2022-12-31,Fulham,Southampton,2,1,H,1,0,H,8,9,2,3,4,4,8,13,0,1,0,0,2.02,3.57,3.77,1500.2477172187569,1471.0297274022046,29.21798981655229,Fulham,2,1,8,9,3.0,0.0,23.0,4.0,1.6,1.2,15.2,11.4,Southampton,1,2,9,8,1.0,3.0,14.0,7.0,0.8,2.4,12.6,10.6,0.49504950495049505,0.2801120448179272,0.26525198938992045,0.4758199372827966,0.2692314491067925,0.25494861361041093,1.696691260955182,1.0340772899380253,0.22087132367238566,0.2692314491067925,1.8663366336633664,1.7673267326732673,0.9469496021220158,H,10,22,2
2022_23,2022-12-31,Man City,Everton,1,1,D,1,0,H,16,2,3,1,7,1,13,14,3,4,0,0,1.14,8.61,21.51,1535.2970561925251,1478.4339069744442,56.863149218080935,Man City,1,1,16,2,3.0,1.0,26.0,9.0,2.0,1.0,19.2,8.2,Everton,1,1,2,16,1.0,2.0,12.0,7.0,0.8,1.4,11.4,15.6,0.8771929824561404,0.11614401858304298,0.04649000464900046,0.843595115012032,0.11169552045455475,0.04470936453341312,2.6424808654906506,0.2458236140547941,0.7988857504786189,0.11169552045455475,18.868421052631582,7.552631578947368,0.40027894002789394,D,17,9,1
2022_23,2022-12-31,Newcastle,Leeds,0,0,D,0,0,D,16,8,5,1,9,3,13,19,3,5,0,0,1.47,4.73,6.73,1534.1895658937663,1482.1527498912922,52.0368160024741,Newcastle,0,0,16,8,3.0,0.0,12.0,8.0,2.8,0.4,12.4,9.8,Leeds,0,0,8,16,1.0,3.0,9.0,26.0,2.4,2.8,13.4,16.4,0.6802721088435374,0.2114164904862579,0.1485884101040119,0.653933618329016,0.2032309553792079,0.14283542629177615,2.165031810366256,0.6317372342545363,0.5110981920372398,0.2032309553792079,4.578231292517007,3.217687074829932,0.7028231797919763,D,19,13,1
2022_23,2022-12-31,Brighton,Arsenal,2,4,A,0,2,A,9,14,5,7,7,4,7,11,3,3,0,0,3.46,3.56,2.12,1508.1767166934271,1549.917700116193,-41.740983422765794,Brighton,2,4,9,14,3.0,1.0,7.0,14.0,2.4,1.8,12.0,11.0,Arsenal,4,2,14,9,3.0,1.0,16.0,8.0,2.4,0.4,16.0,7.8,0.28901734104046245,0.2808988764044944,0.4716981132075471,0.2774705882352942,0.26967647058823535,0.45285294117647057,1.102088235294118,1.628235294117647,-0.17538235294117638,0.26967647058823535,0.6127167630057804,1.0289017341040463,1.6792452830188678,A,4,0,0
2022_23,2023-01-01,Nott'm Forest,Chelsea,1,1,D,0,1,A,12,7,5,2,1,2,16,14,2,2,0,0,5.21,3.88,1.69,1476.042851345856,1508.6424202612056,-32.599568915349664,Nott'm Forest,1,1,12,7,0.0,3.0,8.0,17.0,0.8,2.0,9.4,14.0,Chelsea,1,1,7,12,2.0,0.0,15.0,9.0,0.8,1.4,9.2,13.0,0.19193857965451055,0.2577319587628866,0.591715976331361,0.184310606039312,0.24748924161464322,0.5682001523460447,0.8004210597325793,1.9520896986527774,-0.38388954630673267,0.24748924161464322,0.32437619961612285,0.744721689059501,2.2958579881656807,D,20,6,1
2022_23,2023-01-01,Tottenham,Aston Villa,0,2,A,0,0,D,6,13,2,4,5,3,15,10,4,3,0,0,1.68,4.06,4.94,1519.6356953405786,1488.7944577391372,30.841237601441435,Tottenham,0,2,6,13,2.0,2.0,16.0,9.0,2.2,2.2,16.8,10.6,Aston Villa,2,0,13,6,1.0,3.0,12.0,16.0,2.0,1.8,9.6,12.6,0.5952380952380952,0.24630541871921185,0.20242914979757085,0.5701663615378493,0.23593090822255836,0.19390273023959245,1.946429992836106,0.8176390989413357,0.3762636312982568,0.23593090822255836,2.9404761904761907,2.4166666666666665,0.8218623481781375,A,24,1,0
2022_23,2023-01-02,Brentford,Liverpool,3,1,H,2,0,H,10,16,7,6,4,9,5,8,1,3,0,0,5.65,4.52,1.56,1505.4435306087603,1515.3345354545256,-9.891004845765337,Brentford,3,1,10,16,2.0,0.0,9.0,20.0,1.8,1.2,9.2,18.8,Liverpool,1,3,16,10,2.0,1.0,21.0,7.0,2.2,1.2,17.4,11.2,0.17699115044247787,0.22123893805309736,0.641025641025641,0.1703056768558952,0.21288209606986902,0.6168122270742358,0.7237991266375545,2.0633187772925763,-0.44650655021834057,0.21288209606986902,0.2761061946902655,0.7999999999999998,2.897435897435897,H,3,15,2
2022_23,2023-01-03,Arsenal,Newcastle,0,0,D,0,0,D,17,8,4,1,5,5,10,16,4,4,0,0,1.82,3.83,4.39,1554.7829070692446,1532.670888739629,22.112018329615694,Arsenal,0,0,17,8,4.0,2.0,14.0,9.0,3.0,0.6,16.4,7.6,Newcastle,0,0,8,17,0.0,0.0,16.0,8.0,2.4,0.2,13.0,8.0,0.5494505494505494,0.2610966057441253,0.22779043280182235,0.529163689923554,0.2514563748461797,0.21937993523026617,1.838947444616842,0.9095961805369783,0.30978375469328784,0.2514563748461797,2.412087912087912,2.1043956043956045,0.8724373576309796,D,0,19,1
2022_23,2023-01-03,Everton,Brighton,1,4,A,0,1,A,10,19,4,8,5,2,8,10,3,1,0,0,3.56,3.46,2.13,1480.0077133030873,1503.3115097403754,-23.303796437288156,Everton,1,4,10,19,1.0,1.0,2.0,16.0,0.4,1.6,10.0,17.0,Brighton,4,1,19,10,2.0,4.0,9.0,14.0,2.6,2.0,12.2,11.8,0.2808988764044944,0.28901734104046245,0.4694835680751174,0.27025104326334237,0.27806176705708063,0.45168718967957694,1.0888148968471079,1.6331233360958115,-0.18143614641623457,0.27806176705708063,0.598314606741573,0.9719101123595505,1.6244131455399062,A,9,4,0
2022_23,2023-01-03,Leicester,Fulham,0,1,A,0,1,A,15,11,6,2,6,3,12,11,2,6,0,0,2.23,3.63,3.16,1481.9216734042873,1503.4964718996982,-21.57479849541096,Leicester,0,1,15,11,1.0,2.0,7.0,21.0,1.0,1.2,11.2,15.6,Fulham,1,0,11,15,2.0,1.0,8.0,9.0,1.4,1.0,14.6,10.4,0.4484304932735426,0.27548209366391185,0.3164556962025316,0.4310305307656177,0.26479286049788636,0.304176608736496,1.5578844527947395,1.1773226867073743,0.1268539220291217,0.26479286049788636,1.4170403587443947,1.6278026905829597,1.1487341772151898,A,14,10,0
2022_23,2023-01-03,Man United,Bournemouth,3,0,H,1,0,H,18,7,6,4,6,5,13,7,0,3,0,0,1.29,5.94,10.56,1527.4030497155327,1477.1223634196745,50.28068629585823,Man United,3,0,18,7,1.0,0.0,16.0,10.0,1.6,0.8,14.2,10.2,Bournemouth,0,3,7,18,0.0,2.0,6.0,15.0,1.6,2.2,9.2,17.2,0.7751937984496123,0.16835016835016833,0.0946969696969697,0.7466415272213056,0.16214942257836434,0.09120905020032996,2.402074004242281,0.4357765731793542,0.6554324770209756,0.16214942257836434,8.186046511627907,4.604651162790698,0.5625,H,18,2,2
2022_23,2023-01-04,Southampton,Nott'm Forest,0,1,A,0,1,A,8,11,0,1,6,2,14,17,2,2,0,0,2.03,3.46,3.82,1467.7809727212632,1475.560301896235,-7.7793291749717355,Southampton,0,1,8,11,1.0,2.0,9.0,8.0,0.8,2.6,12.4,9.8,Nott'm Forest,1,0,11,8,1.0,1.0,12.0,7.0,0.8,2.2,9.8,12.4,0.4926108374384237,0.28901734104046245,0.2617801047120419,0.47211704696452306,0.27699352755433,0.25088942548114707,1.6933446684478992,1.0296618039977712,0.221227621483376,0.27699352755433,1.8817733990147785,1.704433497536946,0.9057591623036649,A,22,20,0
2022_23,2023-01-04,Leeds,West Ham,2,2,D,1,1,D,14,15,6,2,8,1,11,18,3,1,0,0,2.62,3.52,2.65,1483.6714270454295,1470.2978326959826,13.373594349446876,Leeds,2,2,14,15,0.0,0.0,8.0,16.0,2.0,2.2,12.2,17.4,West Ham,2,2,15,14,0.0,2.0,20.0,9.0,0.4,2.0,12.8,13.0,0.38167938931297707,0.2840909090909091,0.37735849056603776,0.3658986247420901,0.27234499909780574,0.3617563761601042,1.370040873324076,1.3576141275781184,0.004142248581985919,0.27234499909780574,1.0114503816793892,1.3435114503816794,1.328301886792453,D,13,25,1
2022_23,2023-01-04,Aston Villa,Wolves,1,1,D,0,1,A,13,10,4,3,7,8,6,12,1,3,0,0,1.99,3.57,3.86,1494.565076636346,1470.5517715656827,24.013305070663364,Aston Villa,1,1,13,10,2.0,0.0,13.0,6.0,1.6,1.8,8.4,11.4,Wolves,1,1,10,13,0.0,1.0,10.0,16.0,1.0,1.6,10.0,14.6,0.5025125628140703,0.2801120448179272,0.2590673575129534,0.4824003444666543,0.2689010323497597,0.24869862318358607,1.7161020657497228,1.0149969019005178,0.23370172128306824,0.2689010323497597,1.9396984924623115,1.793969849246231,0.9248704663212435,D,1,26,1
2022_23,2023-01-04,Crystal Palace,Tottenham,0,4,A,0,0,D,19,14,4,6,10,4,11,8,1,2,0,0,3.34,3.48,2.19,1499.3646780661677,1513.8650764433698,-14.500398377202146,Crystal Palace,0,4,19,14,2.0,0.0,15.0,6.0,1.0,1.0,10.8,11.4,Tottenham,4,0,14,19,0.0,2.0,6.0,13.0,2.0,2.2,14.6,10.6,0.29940119760479045,0.28735632183908044,0.4566210045662101,0.2869535750593019,0.2754094657178357,0.4376369592228623,1.1362701908957413,1.5883203433864224,-0.15068338416356036,0.2754094657178357,0.655688622754491,1.0419161676646707,1.589041095890411,A,8,24,0
2022_23,2023-01-05,Chelsea,Man City,0,1,A,0,0,D,8,12,2,3,3,2,9,9,2,0,0,0,5.17,4.03,1.66,1509.1249697108267,1533.723249863882,-24.598280153055384,Chelsea,0,1,8,12,1.0,1.0,7.0,12.0,0.8,1.4,9.4,12.8,Man City,1,0,12,8,1.0,1.0,16.0,2.0,1.6,1.0,20.4,7.0,0.19342359767891684,0.24813895781637715,0.6024096385542169,0.18527657995241936,0.23768732465359999,0.5770360953939808,0.793517064510858,1.9687956108355424,-0.39175951544156146,0.23768732465359999,0.32108317214700194,0.7794970986460349,2.4277108433734944,A,6,17,0
2022_23,2023-01-12,Fulham,Chelsea,2,1,H,1,0,H,8,20,3,10,5,7,12,16,4,3,0,1,3.36,3.54,2.18,1508.6196469513502,1504.0402492885544,4.579397662795827,Fulham,2,1,8,20,1.0,0.0,11.0,15.0,1.6,1.0,12.0,11.6,Chelsea,1,2,20,8,0.0,1.0,8.0,12.0,0.6,0.8,8.0,11.4,0.2976190476190476,0.2824858757062147,0.4587155963302752,0.2864970820154141,0.2719294337773422,0.4415734842072437,1.1314206798235844,1.5966498863990732,-0.1550764021918296,0.2719294337773422,0.6488095238095238,1.0535714285714286,1.6238532110091741,H,10,6,2
2022_23,2023-01-13,Aston Villa,Leeds,2,1,H,1,0,H,11,16,5,4,0,11,12,8,2,2,0,0,1.94,3.63,4.02,1493.3762862245483,1482.6118300862104,10.764456138337891,Aston Villa,2,1,11,16,1.0,1.0,13.0,10.0,1.8,1.2,10.4,9.4,Leeds,1,2,16,11,2.0,2.0,14.0,15.0,2.0,2.4,12.2,16.0,0.5154639175257733,0.27548209366391185,0.24875621890547267,0.4957803326810176,0.26496249184605347,0.2392571754729289,1.7523034898891061,0.9827340182648402,0.2565231572080887,0.26496249184605347,2.072164948453608,1.8711340206185567,0.9029850746268657,H,1,13,2
2022_23,2023-01-14,Man United,Man City,2,1,H,0,0,D,8,5,4,1,1,2,15,5,3,0,0,0,4.21,3.9,1.84,1530.4045616908627,1538.8079702861544,-8.403408595291694,Man United,2,1,8,5,3.0,0.0,18.0,7.0,2.0,0.8,14.6,9.0,Man City,1,2,5,8,1.0,0.0,12.0,8.0,1.6,1.0,19.8,6.6,0.23752969121140144,0.25641025641025644,0.5434782608695652,0.22896233097436616,0.24716190087232862,0.5238757681533052,0.9340488937954271,1.818789205332244,-0.29491343717893903,0.24716190087232862,0.43705463182897863,0.9263657957244655,2.119565217391304,H,18,17,2
2022_23,2023-01-14,Brighton,Liverpool,3,0,H,0,0,D,16,6,9,2,7,1,8,15,1,3,0,0,3.31,3.76,2.12,1508.4127052386384,1511.6053939202097,-3.192688681571326,Brighton,3,0,16,6,4.0,1.0,19.0,10.0,2.6,2.0,12.2,10.8,Liverpool,0,3,6,16,1.0,3.0,16.0,10.0,2.2,1.4,16.2,10.4,0.3021148036253776,0.26595744680851063,0.4716981132075471,0.29055916016621713,0.25578479259313264,0.45365604724065034,1.127462273091784,1.6167529343150837,-0.1630968870744332,0.25578479259313264,0.6404833836858006,1.1359516616314198,1.7735849056603772,H,4,15,2
2022_23,2023-01-14,Everton,Southampton,1,2,A,1,0,H,12,13,4,5,6,4,7,19,0,3,0,0,2.25,3.39,3.32,1474.9065178048243,1462.4835942658733,12.422923538950954,Everton,1,2,12,13,1.0,4.0,10.0,19.0,0.6,2.4,10.2,16.0,Southampton,2,1,13,12,0.0,1.0,8.0,11.0,0.8,2.6,11.2,9.6,0.4444444444444444,0.2949852507374631,0.30120481927710846,0.4270898555344316,0.2834667182750652,0.28944342619050334,1.56473628487836,1.151796996846575,0.13764642934392823,0.2834667182750652,1.4755555555555555,1.5066666666666668,1.0210843373493976,A,9,22,0
2022_23,2023-01-14,Nott'm Forest,Leicester,2,0,H,0,0,D,15,6,5,1,3,5,11,12,1,2,0,0,2.72,3.4,2.65,1480.8576803516248,1476.7984983526353,4.059181998989516,Nott'm Forest,2,0,15,6,1.0,0.0,11.0,8.0,1.0,1.2,11.0,9.2,Leicester,0,2,6,15,0.0,1.0,15.0,11.0,1.0,1.2,12.2,14.8,0.3676470588235294,0.29411764705882354,0.37735849056603776,0.3538050734312416,0.28304405874499333,0.36315086782376504,1.3444592790387182,1.3724966622162886,-0.009345794392523421,0.28304405874499333,0.9742647058823528,1.2499999999999998,1.2830188679245282,H,20,14,2
2022_23,2023-01-14,Wolves,West Ham,1,0,H,0,0,D,17,16,4,4,4,3,10,7,0,2,0,0,2.7,3.27,2.75,1471.7405619774804,1471.3574296552017,0.38313232227869776,Wolves,1,0,17,16,1.0,1.0,10.0,13.0,1.0,1.6,9.2,14.8,West Ham,0,1,16,17,2.0,2.0,15.0,14.0,0.8,2.2,13.2,12.6,0.37037037037037035,0.3058103975535168,0.36363636363636365,0.35618798645356775,0.294100172301111,0.3497118412453211,1.3626641316618142,1.3432356960370744,0.006476145208246631,0.294100172301111,1.0185185185185184,1.211111111111111,1.1890909090909092,H,26,25,2
2022_23,2023-01-14,Brentford,Bournemouth,2,0,H,1,0,H,12,7,4,2,5,3,5,9,1,1,0,0,1.66,4.09,5.2,1509.1726721430762,1474.1208514443445,35.05182069873172,Brentford,2,0,12,7,3.0,1.0,10.0,16.0,2.2,1.2,8.8,19.2,Bournemouth,0,2,7,12,0.0,3.0,7.0,18.0,1.2,2.2,9.4,16.2,0.6024096385542169,0.24449877750611249,0.1923076923076923,0.579676963918734,0.23527231298413165,0.18505072309713427,1.9743032047403337,0.7904244822755344,0.39462624082159975,0.23527231298413165,3.132530120481928,2.463855421686747,0.7865384615384615,H,3,2,2
2022_23,2023-01-15,Chelsea,Crystal Palace,1,0,H,0,0,D,15,10,5,5,11,7,10,17,2,5,0,0,1.66,3.93,5.47,1500.4916368784968,1494.1518973501695,6.3397395283273,Chelsea,1,0,15,10,1.0,2.0,20.0,8.0,0.8,1.0,11.0,10.2,Crystal Palace,0,1,10,15,0.0,4.0,19.0,14.0,0.8,1.8,12.2,11.4,0.6024096385542169,0.2544529262086514,0.18281535648994515,0.5794194781286809,0.24474206964214001,0.1758384522291792,1.9830005040281828,0.7722574263296778,0.4035810258995017,0.24474206964214001,3.2951807228915664,2.3674698795180724,0.7184643510054846,H,6,8,2
2022_23,2023-01-15,Newcastle,Fulham,1,0,H,0,0,D,20,5,5,0,10,5,6,14,1,3,0,0,1.52,4.42,6.32,1533.836739259528,1512.1682593614078,21.668479898120268,Newcastle,1,0,20,5,0.0,0.0,8.0,17.0,1.6,0.2,10.6,10.8,Fulham,0,1,5,20,2.0,1.0,8.0,20.0,1.8,0.8,12.8,12.4,0.6578947368421053,0.22624434389140272,0.1582278481012658,0.6311546525920034,0.21704865880991972,0.15179668859807677,2.11051261658593,0.67243872460415,0.47935796399392666,0.21704865880991972,4.157894736842105,2.9078947368421053,0.6993670886075949,H,19,10,2
2022_23,2023-01-15,Tottenham,Arsenal,0,2,A,0,2,A,17,14,7,5,4,3,16,15,4,2,0,0,3.24,3.63,2.18,1519.077857159368,1553.6170565493455,-34.53919938997751,Tottenham,0,2,17,14,4.0,0.0,14.0,19.0,2.2,1.8,12.8,13.2,Arsenal,2,0,14,17,0.0,0.0,17.0,8.0,2.0,0.6,15.0,8.2,0.30864197530864196,0.27548209366391185,0.4587155963302752,0.29596301864775715,0.2641653389583287,0.43987164239391424,1.1520543949016002,1.5837802661400715,-0.1439086237461571,0.2641653389583287,0.6728395061728395,1.1203703703703702,1.665137614678899,A,24,0,0
2022_23,2023-01-18,Crystal Palace,Man United,1,1,D,0,1,A,10,15,5,4,3,3,9,10,1,2,0,0,4.56,3.78,1.8,1490.625042348192,1534.1150150277263,-43.489972679534276,Crystal Palace,1,1,10,15,0.0,1.0,10.0,15.0,0.4,1.8,11.2,13.4,Man United,1,1,15,10,2.0,1.0,8.0,5.0,2.2,0.4,14.6,8.8,0.2192982456140351,0.2645502645502646,0.5555555555555556,0.21098459477561954,0.25452109845947757,0.5344943067649028,0.8874748827863362,1.858004018754186,-0.3235097119892833,0.25452109845947757,0.3947368421052632,0.8289473684210527,2.0999999999999996,D,8,18,1
2022_23,2023-01-19,Man City,Tottenham,4,2,H,0,2,A,16,9,6,3,8,3,10,14,1,2,0,0,1.37,5.41,8.06,1535.0975169492908,1514.1201556216533,20.97736132763748,Man City,4,2,16,9,1.0,2.0,5.0,8.0,1.4,1.2,17.6,7.4,Tottenham,2,4,9,16,0.0,2.0,17.0,14.0,2.0,1.8,13.4,13.4,0.7299270072992701,0.18484288354898337,0.12406947890818858,0.7026370279655486,0.17793211244229237,0.119430859592159,2.2858431963389383,0.5362246912187694,0.5832061683733896,0.17793211244229237,5.883211678832117,3.948905109489051,0.6712158808933002,H,17,24,2
2022_23,2023-01-21,West Ham,Everton,2,0,H,2,0,H,11,5,4,2,4,9,9,6,1,1,0,0,1.8,3.68,4.76,1467.7567660182353,1469.358558750342,-1.60179273210656,West Ham,2,0,11,5,0.0,1.0,16.0,17.0,0.6,2.0,15.4,13.0,Everton,0,2,5,11,1.0,2.0,12.0,13.0,0.8,2.4,10.2,14.2,0.5555555555555556,0.2717391304347826,0.21008403361344538,0.5355378369123905,0.26194785501149537,0.20251430807611406,1.8685613657486668,0.8694907792398376,0.3330235288362765,0.26194785501149537,2.6444444444444444,2.0444444444444443,0.773109243697479,H,25,9,2
2022_23,2023-01-21,Crystal Palace,Newcastle,0,0,D,0,0,D,6,16,1,7,3,15,13,7,4,2,0,0,4.4,3.58,1.88,1490.2823481799783,1537.1762496438728,-46.89390146389451,Crystal Palace,0,0,6,16,1.0,1.0,10.0,15.0,0.6,1.8,11.6,14.6,Newcastle,0,0,16,6,1.0,0.0,20.0,5.0,1.0,0.0,13.2,8.6,0.22727272727272727,0.27932960893854747,0.5319148936170213,0.21884348255859323,0.2689696433681034,0.5121868740733033,0.9255000910438831,1.8055302655880134,-0.2933433915147101,0.2689696433681034,0.4272727272727272,0.8136363636363636,1.9042553191489364,D,8,19,1
2022_23,2023-01-21,Southampton,Aston Villa,0,1,A,0,0,D,8,16,5,5,2,2,19,9,1,2,0,0,2.88,3.38,2.53,1468.0315533203557,1496.8486652082559,-28.817111887900182,Southampton,0,1,8,16,2.0,1.0,13.0,12.0,1.0,2.0,10.6,10.6,Aston Villa,1,0,16,8,2.0,1.0,11.0,16.0,1.6,1.2,11.4,11.0,0.3472222222222222,0.2958579881656805,0.3952569169960475,0.33440220239165963,0.28493442097277505,0.38066337663556515,1.2881410281477539,1.4269245508794706,-0.04626117424390552,0.28493442097277505,0.8784722222222222,1.1736111111111112,1.3359683794466404,A,22,1,0
2022_23,2023-01-21,Leicester,Brighton,2,2,D,1,1,D,9,13,2,4,5,6,9,9,0,1,0,0,3.51,3.65,2.08,1473.2434472243829,1512.057923290611,-38.81447606622805,Leicester,2,2,9,13,0.0,2.0,6.0,15.0,0.6,1.6,9.0,15.4,Brighton,2,2,13,9,3.0,0.0,16.0,6.0,2.6,1.6,11.6,10.4,0.2849002849002849,0.273972602739726,0.4807692307692307,0.2740368823612219,0.2635258786542161,0.4624372389845619,1.085636525737882,1.6508375956079018,-0.18840035662333998,0.2635258786542161,0.5925925925925927,1.03988603988604,1.7548076923076923,D,14,4,1
2022_23,2023-01-21,Bournemouth,Nott'm Forest,1,1,D,1,0,H,16,20,4,5,4,6,10,7,1,2,0,0,2.76,3.18,2.76,1470.9414844289026,1484.4127314798773,-13.471247050974625,Bournemouth,1,1,16,20,0.0,2.0,7.0,12.0,0.6,1.8,9.0,15.0,Nott'm Forest,1,1,20,16,2.0,0.0,15.0,6.0,1.0,0.8,11.0,9.2,0.3623188405797102,0.31446540880503143,0.3623188405797102,0.3486842105263158,0.3026315789473684,0.3486842105263158,1.3486842105263157,1.3486842105263157,0.0,0.3026315789473684,1.0,1.1521739130434785,1.1521739130434785,D,2,20,1
2022_23,2023-01-21,Liverpool,Chelsea,0,0,D,0,0,D,15,11,3,2,5,5,16,9,3,1,0,0,1.89,3.82,4.08,1507.9601758682372,1504.0184918804744,3.9416839877628718,Liverpool,0,0,15,11,0.0,3.0,6.0,16.0,1.8,1.8,14.8,10.8,Chelsea,0,0,11,15,1.0,0.0,15.0,10.0,1.0,0.8,13.0,10.2,0.5291005291005292,0.2617801047120419,0.24509803921568626,0.510725310159061,0.25268870057607984,0.23658598926485908,1.7848646310532628,0.9624466683706571,0.2741393208942019,0.25268870057607984,2.158730158730159,2.0211640211640214,0.9362745098039215,D,15,6,1
2022_23,2023-01-22,Leeds,Brentford,0,0,D,0,0,D,9,6,5,0,2,3,10,18,2,2,0,0,2.38,3.67,2.89,1479.1394511025028,1512.352039158518,-33.21258805601519,Leeds,0,0,9,6,1.0,2.0,16.0,11.0,1.4,2.2,11.8,16.4,Brentford,0,0,6,9,2.0,0.0,12.0,7.0,2.2,0.8,10.0,17.6,0.42016806722689076,0.2724795640326976,0.3460207612456747,0.4045257083576477,0.2623354729948778,0.3331388186474745,1.4759125980678207,1.2617519289373014,0.07138688971017315,0.2623354729948778,1.2142857142857144,1.5420168067226891,1.2698961937716262,D,13,3,1
2022_23,2023-01-22,Man City,Wolves,3,0,H,1,0,H,13,10,7,1,5,7,10,10,1,2,0,0,1.2,7.38,14.81,1538.4453876905552,1475.3412256144468,63.10416207610842,Man City,3,0,13,10,4.0,2.0,16.0,9.0,2.0,1.2,15.0,7.2,Wolves,0,3,10,13,1.0,0.0,17.0,16.0,0.8,1.0,11.0,14.2,0.8333333333333334,0.13550135501355015,0.06752194463200539,0.8040990010726441,0.13074780505246245,0.0651531938748935,2.5430448082703947,0.326207386677143,0.7389458071977506,0.13074780505246245,12.341666666666667,6.15,0.4983119513841998,H,17,26,2
2022_23,2023-01-22,Arsenal,Man United,3,2,H,1,1,D,25,6,5,4,12,4,8,9,1,2,0,0,1.86,3.86,4.08,1558.5747580870602,1534.45770919594,24.11704889112025,Arsenal,3,2,25,6,2.0,0.0,14.0,17.0,2.2,0.6,15.0,10.6,Man United,2,3,6,25,1.0,1.0,15.0,10.0,2.0,0.4,14.8,8.0,0.5376344086021505,0.2590673575129534,0.24509803921568626,0.5160630726278951,0.24867287955644687,0.23526404781565805,1.796862097440132,0.9544650230034211,0.28079902481223706,0.24867287955644687,2.193548387096774,2.075268817204301,0.946078431372549,H,0,18,2
2022_23,2023-01-23,Fulham,Tottenham,0,1,A,0,1,A,10,10,5,3,3,8,10,10,1,3,0,0,3.25,3.75,2.13,1508.828748977063,1510.772284880389,-1.9435359033259374,Fulham,0,1,10,10,0.0,1.0,5.0,20.0,1.6,0.6,11.0,13.6,Tottenham,1,0,10,10,2.0,4.0,9.0,16.0,1.6,2.0,12.4,14.2,0.3076923076923077,0.26666666666666666,0.4694835680751174,0.29476889011901475,0.25546637143647943,0.44976473844450604,1.1397730417935237,1.6047605867699977,-0.1549958483254913,0.25546637143647943,0.6553846153846153,1.1538461538461537,1.7605633802816902,A,10,24,0
2022_23,2023-02-03,Chelsea,Fulham,0,0,D,0,0,D,12,10,3,4,6,2,16,12,1,4,0,0,1.64,4.05,5.55,1504.9619859157267,1503.4583824282386,1.5036034874881352,Chelsea,0,0,12,10,0.0,0.0,11.0,15.0,0.6,0.8,12.2,11.4,Fulham,0,0,10,12,0.0,1.0,10.0,10.0,1.0,0.8,8.4,14.8,0.6097560975609756,0.2469135802469136,0.1801801801801802,0.5880852399827322,0.23813822063498294,0.17377653938228485,2.0023939405831794,0.7594678387818374,0.41430870060044733,0.23813822063498294,3.3841463414634148,2.4695121951219514,0.7297297297297297,D,6,10,1
2022_23,2023-02-04,Brentford,Southampton,3,0,H,2,0,H,14,14,4,6,4,4,10,9,1,2,0,0,1.89,3.64,4.21,1512.8267385819186,1463.000635049883,49.82610353203563,Brentford,3,0,14,14,0.0,0.0,6.0,9.0,1.8,0.6,9.2,13.6,Southampton,0,3,14,14,0.0,1.0,8.0,16.0,0.8,1.6,10.4,10.8,0.5291005291005292,0.2747252747252747,0.23752969121140144,0.5080882864901247,0.26381507183141084,0.22809664167846452,1.7880799313017848,0.9481049968668044,0.27999164481166017,0.26381507183141084,2.2275132275132274,1.925925925925926,0.8646080760095012,H,3,22,2
2022_23,2023-02-04,Everton,Arsenal,1,0,H,0,0,D,12,15,4,3,7,5,13,8,4,1,0,0,8.22,4.75,1.41,1465.7331851753481,1561.8847178544281,-96.15153267907999,Everton,1,0,12,15,0.0,2.0,5.0,11.0,0.8,2.2,8.2,13.2,Arsenal,0,1,15,12,3.0,2.0,25.0,6.0,2.4,1.0,17.2,9.6,0.121654501216545,0.21052631578947367,0.7092198581560284,0.11681815089817851,0.20215688429116369,0.6810249648106579,0.5526113369856993,2.2452317787231375,-0.5642068139124794,0.20215688429116369,0.17153284671532845,0.5778588807785887,3.368794326241135,H,9,0,2
2022_23,2023-02-04,Man United,Crystal Palace,2,1,H,1,0,H,14,10,5,3,5,5,9,9,1,2,1,0,1.4,4.83,8.33,1531.147749428572,1489.9835174747159,41.16423195385619,Man United,2,1,14,10,2.0,3.0,6.0,25.0,1.8,1.0,12.6,11.4,Crystal Palace,1,2,10,14,0.0,0.0,6.0,16.0,0.6,1.2,12.0,13.2,0.7142857142857143,0.20703933747412007,0.12004801920768307,0.6859076100576392,0.198813800016707,0.11527858992565365,2.2565366301896246,0.544649569793668,0.5706290201319856,0.198813800016707,5.95,3.45,0.5798319327731093,H,18,8,2
2022_23,2023-02-04,Aston Villa,Leicester,2,4,A,2,3,A,19,9,4,5,11,3,10,10,0,2,0,0,1.99,3.64,3.83,1501.8795834787286,1472.8406122953481,29.038971183380454,Aston Villa,2,4,19,9,1.0,0.0,16.0,8.0,1.4,1.0,13.0,11.2,Leicester,4,2,9,19,2.0,2.0,9.0,13.0,0.6,2.0,9.0,14.4,0.5025125628140703,0.2747252747252747,0.2610966057441253,0.483960217312065,0.2645826462777498,0.2514571364101852,1.716463298213945,1.0189540555083054,0.23250308090187982,0.2645826462777498,1.9246231155778895,1.8291457286432162,0.9503916449086162,A,1,14,0
2022_23,2023-02-04,Wolves,Liverpool,3,0,H,2,0,H,12,22,6,4,2,7,9,7,1,1,0,0,4.02,3.85,1.88,1472.4855281931536,1507.016681832985,-34.531153639831246,Wolves,3,0,12,22,0.0,3.0,10.0,13.0,0.8,1.2,10.8,14.0,Liverpool,0,3,22,12,0.0,0.0,15.0,11.0,1.2,1.6,14.8,11.2,0.24875621890547267,0.2597402597402597,0.5319148936170213,0.23909409829350636,0.24965150003633646,0.5112544016701571,0.9669337949168555,1.7834147050468077,-0.27216030337665076,0.24965150003633646,0.4676616915422886,0.9577114427860698,2.047872340425532,H,26,15,2
2022_23,2023-02-04,Newcastle,West Ham,1,1,D,1,1,D,8,10,2,1,4,2,11,13,2,1,0,0,1.62,3.92,6.03,1537.4750803491352,1471.382139593229,66.09294075590606,Newcastle,1,1,8,10,0.0,0.0,16.0,6.0,0.8,0.0,14.4,8.8,West Ham,1,1,10,8,2.0,0.0,11.0,5.0,1.0,1.6,14.0,12.2,0.6172839506172839,0.25510204081632654,0.16583747927031509,0.5945578847285734,0.24571014623986961,0.15973196903155704,2.0293838004255895,0.7249060533345407,0.43482591569701634,0.24571014623986961,3.7222222222222223,2.4197530864197527,0.6500829187396351,D,19,25,1
2022_23,2023-02-04,Brighton,Bournemouth,1,0,H,0,0,D,20,12,6,2,7,3,14,7,3,1,0,0,1.35,5.22,9.18,1512.4607582196456,1470.2157146641873,42.245043555458324,Brighton,1,0,20,12,2.0,2.0,13.0,9.0,2.8,1.6,12.8,10.6,Bournemouth,0,1,12,20,1.0,1.0,16.0,20.0,0.2,2.0,9.0,16.0,0.7407407407407407,0.19157088122605365,0.10893246187363835,0.7113997113997114,0.183982683982684,0.10461760461760464,2.3181818181818183,0.49783549783549796,0.6067821067821068,0.183982683982684,6.799999999999999,3.8666666666666663,0.5686274509803921,H,4,2,2
2022_23,2023-02-05,Nott'm Forest,Leeds,1,0,H,1,0,H,6,10,2,4,0,2,15,14,4,2,0,0,2.64,3.43,2.71,1485.1385012445926,1478.6647516791022,6.47374956549038,Nott'm Forest,1,0,6,10,1.0,1.0,20.0,16.0,1.0,1.0,13.2,10.8,Leeds,0,1,10,6,0.0,0.0,9.0,6.0,0.8,1.4,11.2,14.8,0.3787878787878788,0.29154518950437314,0.36900369003690037,0.3644515367635238,0.28051080380632737,0.3550376594301487,1.3738654140968989,1.3456237820967734,0.00941387733337512,0.28051080380632737,1.0265151515151514,1.2992424242424243,1.2656826568265684,H,20,13,2
2022_23,2023-02-05,Tottenham,Man City,1,0,H,1,0,H,12,15,3,5,4,6,19,14,2,3,1,0,4.43,4.16,1.75,1516.1426514292134,1541.3010851118484,-25.15843368263495,Tottenham,1,0,12,15,1.0,0.0,10.0,10.0,1.4,1.6,11.2,14.4,Man City,0,1,15,12,3.0,0.0,13.0,10.0,2.0,1.0,12.4,7.4,0.22573363431151244,0.24038461538461536,0.5714285714285714,0.21756476885237577,0.23168555913846742,0.5507496720091568,0.8843798656955948,1.8839345751659378,-0.33318490315678106,0.23168555913846742,0.39503386004514673,0.9390519187358918,2.3771428571428572,H,24,17,2
2022_23,2023-02-08,Man United,Leeds,2,2,D,0,1,A,24,8,7,2,6,5,7,11,1,3,0,0,1.47,4.83,6.54,1534.255145775201,1475.1395510706782,59.11559470452289,Man United,2,2,24,8,2.0,1.0,14.0,10.0,2.0,1.2,12.2,11.4,Leeds,2,2,8,24,0.0,1.0,10.0,6.0,0.6,1.0,11.4,10.8,0.6802721088435374,0.20703933747412007,0.1529051987767584,0.6539715664536324,0.19903482457284463,0.14699360897352287,2.160949523933742,0.6400156514934132,0.5069779574801095,0.19903482457284463,4.448979591836735,3.285714285714286,0.7385321100917431,D,18,13,1
2022_23,2023-02-11,Fulham,Nott'm Forest,2,0,H,1,0,H,16,10,3,1,5,4,9,11,0,1,0,0,1.93,3.56,4.22,1504.3716425177497,1488.6637018530166,15.707940664733087,Fulham,2,0,16,10,0.0,0.0,10.0,12.0,0.6,0.6,8.8,15.4,Nott'm Forest,0,2,10,16,1.0,0.0,6.0,10.0,1.2,0.4,12.8,9.4,0.5181347150259068,0.2808988764044944,0.23696682464454977,0.5001298329482733,0.2711378026938672,0.22873236435785954,1.7715273015386872,0.9573348957674458,0.27139746859041375,0.2711378026938672,2.186528497409326,1.844559585492228,0.8436018957345972,H,10,20,2
2022_23,2023-02-11,Leicester,Tottenham,4,1,H,3,1,H,15,11,7,4,1,5,14,9,5,2,0,0,3.39,3.64,2.13,1478.589717916691,1520.0650651323135,-41.475347215622605,Leicester,4,1,15,11,4.0,2.0,9.0,19.0,1.4,1.8,9.2,15.8,Tottenham,1,4,11,15,1.0,0.0,12.0,15.0,1.6,1.2,12.4,14.8,0.2949852507374631,0.2747252747252747,0.4694835680751174,0.2838596298533692,0.2643637761546488,0.451776593991982,1.1159426657147564,1.619693558130595,-0.1679169641386128,0.2643637761546488,0.6283185840707964,1.0737463126843658,1.7089201877934275,H,14,24,2
2022_23,2023-02-11,Southampton,Wolves,1,2,A,1,0,H,17,11,2,2,5,2,12,14,2,2,0,1,3.03,3.18,2.54,1459.9938859000943,1476.5277235248586,-16.533837624764374,Southampton,1,2,17,11,0.0,3.0,14.0,14.0,0.6,1.6,10.4,12.2,Wolves,2,1,11,17,3.0,0.0,12.0,22.0,1.0,1.0,11.8,16.0,0.33003300330033003,0.31446540880503143,0.39370078740157477,0.31788986492868615,0.30289505997921984,0.37921507509209407,1.2565646547652785,1.4405402852555018,-0.06132521016340792,0.30289505997921984,0.8382838283828383,1.0495049504950495,1.2519685039370079,A,22,26,0
2022_23,2023-02-11,West Ham,Chelsea,1,1,D,1,1,D,10,12,2,4,5,6,9,11,1,1,0,0,3.4,3.29,2.27,1473.059878460421,1504.0487258262156,-30.988847365794527,West Ham,1,1,10,12,1.0,1.0,10.0,8.0,1.0,1.2,14.4,10.6,Chelsea,1,1,12,10,0.0,0.0,12.0,10.0,0.4,0.6,13.2,11.0,0.29411764705882354,0.303951367781155,0.44052863436123346,0.2831872836271391,0.2926555514687759,0.4241571649040849,1.1422174023501932,1.5651270461810305,-0.14096988127694582,0.2926555514687759,0.6676470588235295,0.9676470588235294,1.449339207048458,D,25,6,1
2022_23,2023-02-11,Arsenal,Brentford,1,1,D,0,0,D,23,9,7,2,7,4,9,9,0,2,0,0,1.45,4.72,7.52,1557.0466403563712,1515.8334877317072,41.21315262466396,Arsenal,1,1,23,9,0.0,1.0,15.0,12.0,1.8,1.0,17.0,10.4,Brentford,1,1,9,23,3.0,0.0,14.0,14.0,2.0,0.2,10.2,13.2,0.6896551724137931,0.21186440677966104,0.13297872340425532,0.6666566495875468,0.20479918260634383,0.12854416780610942,2.2047691313689843,0.5904316860246721,0.5381124817814373,0.20479918260634383,5.186206896551724,3.2551724137931033,0.6276595744680851,D,0,3,1
2022_23,2023-02-11,Crystal Palace,Brighton,1,1,D,0,0,D,6,17,1,7,1,6,10,11,4,1,0,0,3.81,3.51,2.04,1486.8761211280869,1515.5555087236223,-28.679387595535445,Crystal Palace,1,1,6,17,1.0,2.0,10.0,14.0,0.4,1.6,11.0,14.8,Brighton,1,1,17,6,1.0,0.0,20.0,12.0,2.4,1.4,15.4,10.2,0.26246719160104987,0.2849002849002849,0.49019607843137253,0.25296492957298655,0.27458586372452387,0.4724492067024896,1.0334806524434836,1.6919334838319928,-0.21948427712950302,0.27458586372452387,0.5354330708661418,0.921259842519685,1.7205882352941175,D,8,4,1
2022_23,2023-02-11,Bournemouth,Newcastle,1,1,D,1,1,D,11,15,5,7,4,6,8,10,2,3,0,0,6.39,4.06,1.57,1467.1209641602106,1535.7973414819432,-68.67637732173262,Bournemouth,1,1,11,15,0.0,1.0,12.0,20.0,0.2,1.8,9.6,17.0,Newcastle,1,1,15,11,1.0,1.0,8.0,10.0,0.4,0.2,13.6,9.2,0.1564945226917058,0.24630541871921185,0.6369426751592356,0.15051275209622691,0.23689076007263302,0.6125964878311401,0.6884290163613137,2.074680223566053,-0.4620837357349131,0.23689076007263302,0.2456964006259781,0.6353677621283255,2.5859872611464967,D,2,19,1
2022_23,2023-02-12,Man City,Aston Villa,3,1,H,3,0,H,17,6,9,2,8,4,13,14,1,2,0,0,1.25,6.59,11.89,1537.3786714087482,1496.1304778573858,41.24819355136242,Man City,3,1,17,6,0.0,1.0,15.0,12.0,1.8,1.0,12.2,9.4,Aston Villa,1,3,6,17,2.0,4.0,19.0,9.0,1.6,1.2,14.4,9.8,0.8,0.15174506828528073,0.08410428931875526,0.7723130724823098,0.14649337490180384,0.08119355261588622,2.4634325923487332,0.3900740327494625,0.6911195198664236,0.14649337490180384,9.512,5.272,0.5542472666105971,H,17,1,2
2022_23,2023-02-12,Leeds,Man United,0,2,A,0,0,D,16,11,6,5,7,3,10,13,2,1,0,0,3.86,3.85,1.92,1476.7389045123427,1532.6557923335365,-55.91688782119377,Leeds,0,2,16,11,2.0,2.0,8.0,24.0,1.0,1.4,11.4,12.4,Man United,2,0,11,16,2.0,2.0,24.0,8.0,1.8,1.6,13.4,11.6,0.2590673575129534,0.2597402597402597,0.5208333333333334,0.24918925843272363,0.24983650325982157,0.5009742383074548,0.9974042785579924,1.7527592181821858,-0.25178497987473114,0.24983650325982157,0.49740932642487046,0.9974093264248706,2.0052083333333335,A,13,18,0
2022_23,2023-02-13,Liverpool,Everton,2,0,H,1,0,H,15,6,6,1,3,3,8,16,1,3,0,0,1.53,4.38,6.23,1502.97448650128,1470.571262673405,32.403223827874854,Liverpool,2,0,15,6,0.0,3.0,22.0,12.0,0.6,2.0,16.0,11.2,Everton,0,2,6,15,1.0,0.0,12.0,15.0,0.8,1.8,8.2,14.8,0.6535947712418301,0.22831050228310504,0.16051364365971107,0.6269981870696014,0.21901991466129914,0.15398189826909955,2.100014475870103,0.6809656094685977,0.47301628880050184,0.21901991466129914,4.071895424836602,2.8627450980392157,0.7030497592295345,H,15,9,2
2022_23,2023-02-15,Arsenal,Man City,1,3,A,1,1,D,10,9,1,6,1,3,11,15,2,3,0,0,2.93,3.51,2.42,1555.6534637875343,1540.4850845023864,15.168379285147921,Arsenal,1,3,10,9,1.0,1.0,23.0,9.0,1.2,0.8,18.8,10.4,Man City,3,1,9,10,3.0,1.0,17.0,6.0,2.2,1.2,13.2,9.0,0.341296928327645,0.2849002849002849,0.4132231404958678,0.3283531317285874,0.27409534927770973,0.39755151899370295,1.2591547444634719,1.4667499062588187,-0.06919838726511557,0.27409534927770973,0.825938566552901,1.197952218430034,1.4504132231404958,A,0,17,0
2022_23,2023-02-18,Aston Villa,Arsenal,2,4,A,2,1,H,7,20,5,5,2,9,13,4,2,1,0,0,4.43,3.71,1.84,1493.0240647637477,1550.0719364343147,-57.04787167056702,Aston Villa,2,4,7,20,1.0,3.0,6.0,17.0,1.4,1.8,13.0,12.0,Arsenal,4,2,20,7,1.0,3.0,10.0,9.0,1.4,1.4,17.4,10.6,0.22573363431151244,0.2695417789757412,0.5434782608695652,0.2173119960271099,0.25948575266848967,0.5232022513044005,0.9114217407498193,1.8290925065816912,-0.3058902552772905,0.25948575266848967,0.4153498871331829,0.8374717832957111,2.016304347826087,A,1,0,0
2022_23,2023-02-18,Brentford,Crystal Palace,1,1,D,0,0,D,12,10,5,4,2,6,10,8,2,2,0,0,1.86,3.54,4.59,1517.2266643005441,1486.3434439594,30.883220341144124,Brentford,1,1,12,10,1.0,1.0,9.0,23.0,1.8,0.4,10.2,13.8,Crystal Palace,1,1,10,12,1.0,1.0,6.0,17.0,0.6,1.0,8.4,15.4,0.5376344086021505,0.2824858757062147,0.2178649237472767,0.5179596052329584,0.2721482671563002,0.20989212761074133,1.8260270828551755,0.9018246499885243,0.30806747762221703,0.2721482671563002,2.4677419354838706,1.9032258064516128,0.7712418300653595,D,3,8,1
2022_23,2023-02-18,Brighton,Fulham,0,1,A,0,0,D,21,5,7,2,10,2,12,14,0,5,0,0,1.67,4.06,5.15,1516.0881858923092,1507.783532877826,8.304653014483165,Brighton,0,1,21,5,1.0,1.0,17.0,6.0,2.2,0.8,17.0,8.6,Fulham,1,0,5,21,2.0,0.0,16.0,10.0,0.8,0.6,9.8,14.4,0.5988023952095809,0.24630541871921185,0.1941747572815534,0.5761689956103246,0.236995621347104,0.18683538304257127,1.965502608178078,0.7975017704748177,0.38933361256775334,0.236995621347104,3.0838323353293418,2.431137724550898,0.7883495145631066,A,4,10,0
2022_23,2023-02-18,Chelsea,Southampton,0,1,A,0,1,A,17,8,5,5,8,2,16,24,3,6,0,0,1.38,4.76,9.42,1504.551887120209,1454.8068051253738,49.74508199483512,Chelsea,0,1,17,8,1.0,1.0,12.0,10.0,0.6,0.6,14.0,10.6,Southampton,1,0,8,17,1.0,2.0,17.0,11.0,0.6,1.6,12.0,12.8,0.7246376811594204,0.21008403361344538,0.10615711252653928,0.6961787118290388,0.20183332401766246,0.10198796415329867,2.2903694595047788,0.5077972164775584,0.5941907476757401,0.20183332401766246,6.826086956521739,3.449275362318841,0.505307855626327,A,6,22,0
2022_23,2023-02-18,Everton,Leeds,1,0,H,0,0,D,15,8,6,0,6,4,8,6,2,3,0,0,2.48,3.31,2.99,1467.3604758009262,1472.0565992980196,-4.696123497093367,Everton,1,0,15,8,0.0,2.0,6.0,15.0,0.6,2.0,9.0,14.6,Leeds,0,1,8,15,0.0,2.0,16.0,11.0,0.6,1.4,11.8,11.6,0.40322580645161293,0.3021148036253776,0.33444816053511706,0.3877958849413618,0.29055401651195684,0.32165009854668136,1.4539416713360422,1.2555043121520009,0.06614578639468044,0.29055401651195684,1.2056451612903227,1.3346774193548387,1.1070234113712374,H,9,13,2
2022_23,2023-02-18,Nott'm Forest,Man City,1,1,D,0,1,A,4,26,1,6,0,10,8,6,1,0,0,0,10.01,5.62,1.31,1485.2518114929403,1546.066611855606,-60.814800362665665,Nott'm Forest,1,1,4,26,0.0,2.0,10.0,16.0,1.0,0.6,12.4,11.2,Man City,1,1,26,4,3.0,1.0,9.0,10.0,2.6,1.0,14.0,9.4,0.0999000999000999,0.17793594306049823,0.7633587786259541,0.095947557391684,0.1708959162794941,0.7331565263288219,0.45873858845454607,2.37036549526596,-0.6372089689371379,0.1708959162794941,0.13086913086913088,0.5614385614385614,4.290076335877862,D,20,17,1
2022_23,2023-02-18,Wolves,Bournemouth,0,1,A,0,0,D,15,5,4,1,12,2,12,10,3,3,0,0,1.68,3.81,5.53,1481.714804299579,1467.103820627756,14.610983671823078,Wolves,0,1,15,5,2.0,1.0,11.0,17.0,1.4,1.0,12.0,16.2,Bournemouth,1,0,5,15,1.0,1.0,11.0,15.0,0.4,1.6,10.6,17.0,0.5952380952380952,0.26246719160104987,0.18083182640144665,0.5731505284204513,0.25272779205941165,0.17412167952013713,1.9721793773207654,0.775092830619823,0.3990288489003142,0.25272779205941165,3.291666666666667,2.267857142857143,0.6889692585895117,A,26,2,0
2022_23,2023-02-18,Newcastle,Liverpool,0,2,A,0,2,A,14,13,4,7,6,7,3,8,1,1,1,0,2.57,3.51,2.75,1535.8144850143979,1506.1852733737587,29.62921164063914,Newcastle,0,2,14,13,1.0,1.0,15.0,11.0,0.6,0.4,13.4,9.8,Liverpool,2,0,13,14,2.0,0.0,15.0,6.0,0.6,1.8,14.8,11.0,0.38910505836575876,0.2849002849002849,0.36363636363636365,0.3749898021421329,0.2745651827650375,0.35044501509282966,1.3995345891914361,1.3259002280435264,0.02454478704930324,0.2745651827650375,1.0700389105058365,1.3657587548638133,1.2763636363636364,A,19,15,0
2022_23,2023-02-19,Tottenham,West Ham,2,0,H,0,0,D,16,6,6,1,4,7,16,10,2,1,0,0,1.83,3.76,4.39,1515.9336897427481,1472.5567171664277,43.37697257632044,Tottenham,2,0,16,6,1.0,4.0,11.0,15.0,1.0,2.0,11.8,14.0,West Ham,0,2,6,16,1.0,1.0,10.0,12.0,1.2,1.0,12.4,11.2,0.5464480874316939,0.26595744680851063,0.22779043280182235,0.525331865096162,0.25568013646967463,0.21898799843416328,1.8316757317581607,0.9126441317721645,0.30634386666199875,0.25568013646967463,2.3989071038251364,2.054644808743169,0.856492027334852,H,24,25,2
2022_23,2023-02-19,Man United,Leicester,3,0,H,1,0,H,26,19,8,3,6,6,9,9,0,2,0,0,1.62,4.32,5.22,1537.3380975478597,1482.7210933062563,54.617004241603354,Man United,3,0,26,19,2.0,0.0,11.0,16.0,1.8,1.4,14.0,13.8,Leicester,0,3,19,26,4.0,1.0,15.0,11.0,2.0,1.6,10.8,13.8,0.6172839506172839,0.23148148148148145,0.19157088122605365,0.5933503836317134,0.22250639386189255,0.18414322250639387,2.0025575447570327,0.7749360613810741,0.4092071611253196,0.22250639386189255,3.222222222222222,2.6666666666666665,0.8275862068965518,H,18,14,2
2022_23,2023-02-24,Fulham,Wolves,1,1,D,0,1,A,10,8,5,2,4,3,12,17,2,0,0,0,2.54,3.22,3.0,1513.2809074470727,1476.140081960246,37.14082548682654,Fulham,1,1,10,8,1.0,0.0,5.0,21.0,0.6,0.4,9.2,14.6,Wolves,1,1,8,10,0.0,1.0,15.0,5.0,1.2,1.0,13.0,14.6,0.39370078740157477,0.3105590062111801,0.3333333333333333,0.3794365798859334,0.2993071158106431,0.3212563043034236,1.4376168554684432,1.263076028720914,0.058180275582509766,0.2993071158106431,1.1811023622047243,1.2677165354330708,1.0733333333333335,D,10,26,1
2022_23,2023-02-25,Everton,Aston Villa,0,2,A,0,0,D,15,9,5,5,5,1,12,12,2,1,0,0,2.54,3.21,2.98,1471.024479125539,1488.3563859341546,-17.331906808615486,Everton,0,2,15,9,1.0,0.0,15.0,8.0,0.6,1.2,10.0,12.4,Aston Villa,2,0,9,15,2.0,4.0,7.0,20.0,1.6,2.4,11.8,14.0,0.39370078740157477,0.3115264797507788,0.33557046979865773,0.3782682969266541,0.2993151009949226,0.3224166020784233,1.4341199917748848,1.2665649072301925,0.05585169484823077,0.2993151009949226,1.1732283464566928,1.263779527559055,1.0771812080536913,A,9,1,0
2022_23,2023-02-25,Leeds,Southampton,1,0,H,0,0,D,14,8,4,2,9,2,15,13,2,4,0,0,1.99,3.57,3.89,1468.3925959734067,1460.7991220615124,7.593473911894307,Leeds,1,0,14,8,0.0,1.0,8.0,15.0,0.4,1.2,10.2,12.4,Southampton,0,1,8,14,1.0,0.0,8.0,17.0,0.8,1.4,12.0,14.0,0.5025125628140703,0.2801120448179272,0.2570694087403599,0.48332735872368415,0.2694177713893926,0.24725486988692327,1.719399847560445,1.0111823810501623,0.23607248883676088,0.2694177713893926,1.9547738693467338,1.793969849246231,0.9177377892030848,H,13,22,2
2022_23,2023-02-25,Leicester,Arsenal,0,1,A,0,0,D,1,10,0,2,0,8,14,9,0,1,0,0,4.73,4.09,1.71,1479.7693083571792,1554.7396152639078,-74.97030690672864,Leicester,0,1,1,10,0.0,3.0,19.0,26.0,2.0,2.0,11.6,16.8,Arsenal,1,0,10,1,4.0,2.0,20.0,7.0,1.8,1.8,18.6,8.6,0.2114164904862579,0.24449877750611249,0.5847953216374269,0.20314628542548338,0.23493445722800407,0.5619192573465126,0.8443733135044542,1.920692229267542,-0.3587729719210292,0.23493445722800407,0.36152219873150104,0.8646934460887948,2.391812865497076,A,14,0,0
2022_23,2023-02-25,West Ham,Nott'm Forest,4,0,H,0,0,D,18,8,5,3,12,3,8,5,0,0,0,0,1.78,3.61,4.97,1469.4751842781482,1485.132872117768,-15.657687839619939,West Ham,4,0,18,8,0.0,2.0,6.0,16.0,0.8,1.0,10.6,11.6,Nott'm Forest,0,4,8,18,1.0,1.0,4.0,26.0,1.0,0.8,11.0,14.8,0.5617977528089888,0.2770083102493075,0.2012072434607646,0.5401832354331444,0.2663507365847637,0.19346602798209195,1.886900442884197,0.8467488205310396,0.34671720745105244,0.2663507365847637,2.792134831460674,2.028089887640449,0.7263581488933601,H,25,20,2
2022_23,2023-02-25,Bournemouth,Man City,1,4,A,0,3,A,13,20,2,5,4,6,10,9,2,2,0,0,10.21,5.81,1.3,1472.678542967089,1546.1855512307782,-73.50700826368916,Bournemouth,1,4,13,20,1.0,0.0,5.0,15.0,0.6,1.0,10.2,16.4,Man City,4,1,20,13,1.0,1.0,26.0,4.0,2.0,0.8,16.0,8.4,0.0979431929480901,0.17211703958691912,0.7692307692307692,0.09424039348140459,0.16561005463771789,0.7401495518808775,0.4483312350819317,2.3860587102803503,-0.6459091583994729,0.16561005463771789,0.12732615083251714,0.5690499510284034,4.4692307692307685,A,2,17,0
2022_23,2023-02-25,Crystal Palace,Liverpool,0,0,D,0,0,D,6,12,0,4,5,3,11,14,2,5,0,0,4.7,3.93,1.74,1487.6145632491618,1511.9414314471503,-24.32686819798846,Crystal Palace,0,0,6,12,1.0,1.0,10.0,12.0,0.8,1.0,8.4,14.8,Liverpool,0,0,12,6,2.0,0.0,13.0,14.0,0.8,1.2,14.2,11.8,0.2127659574468085,0.2544529262086514,0.5747126436781609,0.20420339711889918,0.2442127141116606,0.5515838887694403,0.856822905468358,1.8989643804199816,-0.34738049165054113,0.2442127141116606,0.3702127659574468,0.8361702127659575,2.2586206896551726,D,8,15,1
2022_23,2023-02-26,Tottenham,Chelsea,2,0,H,0,0,D,8,10,3,2,4,4,10,10,2,3,0,0,2.54,3.33,2.91,1519.0152226310277,1498.5595701840703,20.4556524469574,Tottenham,2,0,8,10,2.0,0.0,16.0,6.0,1.4,1.6,11.6,12.4,Chelsea,0,2,10,8,0.0,1.0,17.0,8.0,0.4,0.4,13.4,10.6,0.39370078740157477,0.3003003003003003,0.3436426116838488,0.3794180869932928,0.28940598827716635,0.3311759247295408,1.4276602492570447,1.2829337624657888,0.048242162263752,0.28940598827716635,1.1456692913385826,1.3110236220472442,1.1443298969072164,H,24,6,2
2022_23,2023-03-01,Arsenal,Everton,4,0,H,2,0,H,15,8,5,5,5,1,5,12,0,2,0,0,1.36,5.04,9.33,1559.1752440355253,1465.847497526435,93.32774650909028,Arsenal,4,0,15,8,1.0,0.0,10.0,1.0,1.4,1.4,15.6,7.6,Everton,0,4,8,15,0.0,2.0,15.0,9.0,0.4,1.2,10.6,11.6,0.7352941176470588,0.1984126984126984,0.10718113612004287,0.7064104413037208,0.19061869051052785,0.10297086818575138,2.3098500144216905,0.49953129506778193,0.6034395731179694,0.19061869051052785,6.860294117647058,3.705882352941176,0.5401929260450161,H,0,9,2
2022_23,2023-03-01,Liverpool,Wolves,2,0,H,0,0,D,15,4,6,1,5,2,13,14,2,3,0,0,1.49,4.59,6.6,1512.5296075043084,1477.485397642208,35.04420986210039,Liverpool,2,0,15,4,0.0,0.0,12.0,6.0,0.8,0.6,15.4,9.8,Wolves,0,2,4,15,1.0,1.0,8.0,10.0,1.2,1.2,11.2,13.4,0.6711409395973155,0.2178649237472767,0.15151515151515152,0.6450046947757047,0.20938060897947713,0.14561469624481818,2.144394693306591,0.6462246977139317,0.4993899985308865,0.20938060897947713,4.429530201342281,3.0805369127516777,0.6954545454545454,H,15,26,2
2022_23,2023-03-04,Brighton,West Ham,4,0,H,1,0,H,20,3,9,2,7,3,6,8,0,3,0,0,1.79,3.8,4.61,1510.5908113230626,1473.2770244142912,37.31378690877136,Brighton,4,0,20,3,0.0,1.0,21.0,5.0,1.4,0.8,17.4,7.6,West Ham,0,4,3,20,4.0,0.0,18.0,8.0,1.6,0.8,11.0,9.8,0.5586592178770949,0.2631578947368421,0.21691973969631234,0.5378255490161765,0.2533441401944621,0.20883031078936137,1.8668207872429916,0.8798350725625461,0.32899523822681515,0.2533441401944621,2.575418994413408,2.1229050279329607,0.8242950108459869,H,4,25,2
2022_23,2023-03-04,Wolves,Tottenham,1,0,H,0,0,D,8,21,5,6,4,8,11,18,1,1,0,0,3.31,3.36,2.27,1474.3059405403603,1522.3694100519908,-48.0634695116305,Wolves,1,0,8,21,0.0,2.0,4.0,15.0,1.2,1.0,10.0,13.8,Tottenham,0,1,21,8,2.0,0.0,8.0,10.0,1.4,0.8,11.4,11.2,0.3021148036253776,0.2976190476190476,0.44052863436123346,0.29042170395049977,0.28609995240361735,0.42347834364588294,1.1573650642551168,1.5565349833412663,-0.13305663969538317,0.28609995240361735,0.6858006042296072,1.0151057401812689,1.4801762114537445,H,26,24,2
2022_23,2023-03-04,Chelsea,Leeds,1,0,H,0,0,D,13,11,3,2,5,7,10,7,2,0,0,0,1.64,4.02,5.52,1495.205382763107,1471.9039840986286,23.301398664478484,Chelsea,1,0,13,11,0.0,2.0,10.0,8.0,0.2,0.8,12.4,10.2,Leeds,0,1,11,13,1.0,0.0,14.0,8.0,0.6,1.2,11.2,12.8,0.6097560975609756,0.24875621890547267,0.1811594202898551,0.586489058039962,0.2392641928322233,0.17424674912781482,1.9987313669521092,0.7620044402156678,0.4122423089121472,0.2392641928322233,3.3658536585365852,2.451219512195122,0.7282608695652174,H,6,13,2
2022_23,2023-03-04,Southampton,Leicester,1,0,H,1,0,H,11,11,5,0,3,4,12,11,4,2,0,0,2.77,3.31,2.64,1457.2877339362906,1475.3336795855616,-18.04594564927106,Southampton,1,0,11,11,0.0,1.0,8.0,14.0,0.4,1.4,11.0,14.4,Leicester,0,1,11,11,0.0,1.0,1.0,10.0,2.0,1.8,10.6,15.8,0.36101083032490977,0.3021148036253776,0.3787878787878788,0.3464882890098692,0.2899614986578059,0.3635502123323249,1.3294263656874135,1.3806121356547805,-0.017061923322455652,0.2899614986578059,0.9530685920577617,1.1949458483754514,1.2537878787878787,H,22,14,2
2022_23,2023-03-04,Aston Villa,Crystal Palace,1,0,H,1,0,H,8,3,1,0,2,4,14,17,2,3,0,1,2.07,3.32,3.88,1493.5333675332586,1487.0263871920038,6.506980341254803,Aston Villa,1,0,8,3,2.0,0.0,9.0,15.0,1.6,2.2,11.4,13.8,Crystal Palace,0,1,3,8,0.0,0.0,6.0,12.0,0.6,0.8,7.6,14.2,0.48309178743961356,0.30120481927710846,0.2577319587628866,0.4636070482552113,0.28905620177358055,0.2473367499712081,1.6798773465392145,1.0310664516872048,0.2162702982840032,0.28905620177358055,1.8743961352657006,1.603864734299517,0.8556701030927835,H,1,8,2
2022_23,2023-03-04,Man City,Newcastle,2,0,H,1,0,H,11,5,3,2,8,4,8,13,2,4,0,0,1.48,4.59,6.76,1550.6401298580674,1530.0583269410063,20.581802917061168,Man City,2,0,11,5,4.0,1.0,20.0,13.0,2.2,1.0,17.4,9.0,Newcastle,0,2,5,11,0.0,2.0,14.0,13.0,0.6,0.8,14.6,9.0,0.6756756756756757,0.2178649237472767,0.14792899408284024,0.6487713898599936,0.20918990348426808,0.14203870665573826,2.155504073064249,0.6353060234514829,0.5067326832042554,0.20918990348426808,4.5675675675675675,3.1013513513513513,0.6789940828402367,H,17,19,2
2022_23,2023-03-04,Arsenal,Bournemouth,3,2,H,0,1,A,31,4,9,4,17,1,6,8,0,2,0,0,1.22,6.82,13.83,1561.7030015648666,1468.2239643397997,93.4790372250668,Arsenal,3,2,31,4,4.0,0.0,15.0,8.0,2.2,1.2,15.6,6.8,Bournemouth,2,3,4,31,1.0,4.0,13.0,20.0,0.8,1.4,11.4,18.0,0.819672131147541,0.14662756598240467,0.07230657989877079,0.7892039065010175,0.14117723840634033,0.06961885509264217,2.5087889579093927,0.35003380368426684,0.7195850514083753,0.14117723840634033,11.336065573770492,5.59016393442623,0.49313087490961677,H,0,2,2
2022_23,2023-03-05,Nott'm Forest,Everton,2,2,D,1,2,A,10,10,4,3,3,3,11,17,3,5,0,0,2.68,3.08,2.92,1481.331031981625,1463.3197399970938,18.011291984531226,Nott'm Forest,2,2,10,10,0.0,4.0,8.0,18.0,0.6,1.6,9.6,17.2,Everton,2,2,10,10,0.0,4.0,8.0,15.0,0.4,1.6,11.2,12.4,0.3731343283582089,0.3246753246753247,0.3424657534246575,0.3586880224618722,0.31210516240188885,0.3292068151362389,1.3881692297875055,1.2997256078106056,0.029481207325633307,0.31210516240188885,1.08955223880597,1.1492537313432836,1.0547945205479452,D,20,9,1
2022_23,2023-03-05,Liverpool,Man United,7,0,H,1,0,H,18,8,8,4,4,3,13,14,2,3,0,0,2.4,3.68,2.85,1515.709064606156,1540.2898824969368,-24.580817890780736,Liverpool,7,0,18,8,2.0,0.0,15.0,4.0,1.2,0.6,15.4,8.4,Man United,0,7,8,18,3.0,0.0,26.0,19.0,2.2,1.2,16.2,15.6,0.4166666666666667,0.2717391304347826,0.3508771929824561,0.4009174311926606,0.26146788990825687,0.3376146788990826,1.4642201834862387,1.2743119266055047,0.06330275229357801,0.26146788990825687,1.1875,1.5333333333333334,1.2912280701754386,H,15,18,2
2022_23,2023-03-06,Brentford,Fulham,3,2,H,1,1,D,14,9,6,5,2,3,12,17,0,3,0,0,2.0,3.65,3.71,1515.9555450107823,1511.9355917651108,4.019953245671559,Brentford,3,2,14,9,1.0,1.0,12.0,10.0,1.4,0.4,10.6,12.6,Fulham,2,3,9,14,1.0,1.0,10.0,8.0,0.8,0.4,10.2,12.2,0.5,0.273972602739726,0.2695417789757412,0.47915008049820423,0.2625479893140845,0.2583019301877112,1.6999982308086972,1.037453779877218,0.22084815031049304,0.2625479893140845,1.855,1.825,0.9838274932614555,H,3,10,2
2022_23,2023-03-11,Crystal Palace,Man City,0,1,A,0,0,D,4,14,0,4,2,6,11,17,2,2,0,0,9.05,5.12,1.36,1483.5015967845802,1553.9927894467717,-70.49119266219145,Crystal Palace,0,1,4,14,0.0,1.0,3.0,8.0,0.6,1.0,7.0,12.6,Man City,1,0,14,4,2.0,0.0,11.0,5.0,2.6,0.8,16.6,7.6,0.11049723756906077,0.1953125,0.7352941176470588,0.10613469253374629,0.18760136082625078,0.7062639466400029,0.5060054384274897,2.3063932007462595,-0.6001292541062566,0.18760136082625078,0.15027624309392265,0.5657458563535911,3.764705882352941,A,8,17,0
2022_23,2023-03-11,Leicester,Chelsea,1,3,A,1,2,A,17,12,7,6,2,5,10,11,1,2,1,0,3.83,3.56,2.0,1471.5016194508332,1498.5251741284956,-27.023554677662332,Leicester,1,3,17,12,0.0,1.0,11.0,11.0,1.6,1.6,11.0,15.4,Chelsea,3,1,12,17,1.0,0.0,13.0,11.0,0.4,0.8,12.8,9.4,0.2610966057441253,0.2808988764044944,0.5,0.250573644720357,0.26957782564015936,0.47984852963948366,1.0212987598012302,1.7091234145586103,-0.22927488491912668,0.26957782564015936,0.5221932114882506,0.9295039164490861,1.78,A,14,6,0
2022_23,2023-03-11,Tottenham,Nott'm Forest,3,1,H,2,0,H,15,9,7,5,2,10,13,13,3,1,0,0,1.44,4.62,7.52,1518.1531559505756,1480.2148788964007,37.93827705417493,Tottenham,3,1,15,9,0.0,1.0,21.0,8.0,1.2,1.0,13.6,10.8,Nott'm Forest,1,3,9,15,2.0,2.0,10.0,10.0,0.8,1.8,7.6,16.0,0.6944444444444444,0.21645021645021645,0.13297872340425532,0.6652573529411764,0.20735294117647057,0.12738970588235293,2.203125,0.5895220588235294,0.5378676470588235,0.20735294117647057,5.222222222222222,3.2083333333333335,0.6143617021276596,H,24,20,2
2022_23,2023-03-11,Everton,Brentford,1,0,H,1,0,H,13,12,6,4,5,8,11,12,2,1,0,0,2.71,3.2,2.76,1464.4358930823182,1519.5110818385242,-55.07518875620599,Everton,1,0,13,12,2.0,2.0,10.0,10.0,0.6,2.0,10.8,11.4,Brentford,0,1,12,13,3.0,2.0,14.0,9.0,1.6,0.8,11.0,13.0,0.36900369003690037,0.3125,0.3623188405797102,0.3535119038088986,0.299380393538161,0.34710770265294033,1.3599161049648567,1.340703501496982,0.006404201155958245,0.299380393538161,1.018450184501845,1.1808118081180812,1.1594202898550727,H,9,3,2
2022_23,2023-03-11,Bournemouth,Liverpool,1,0,H,1,0,H,5,15,2,6,3,8,7,9,2,1,0,0,7.07,4.95,1.43,1465.6977896349235,1519.6241218320497,-53.92633219712616,Bournemouth,1,0,5,15,2.0,3.0,4.0,31.0,1.0,1.8,9.0,20.2,Liverpool,0,1,15,5,7.0,0.0,18.0,8.0,2.6,0.0,14.6,7.6,0.14144271570014144,0.20202020202020202,0.6993006993006994,0.1356421660588942,0.19373537657300646,0.6706224573680993,0.600661874749689,2.2056027486773044,-0.5349802913092051,0.19373537657300646,0.20226308345120225,0.7001414427157001,3.4615384615384617,H,2,15,2
2022_23,2023-03-11,Leeds,Brighton,2,2,D,1,1,D,12,14,4,2,4,7,12,9,1,1,0,0,3.84,3.67,1.97,1468.5841927332401,1513.7434559629394,-45.15926322969926,Leeds,2,2,12,14,0.0,1.0,11.0,13.0,0.6,1.2,11.4,14.2,Brighton,2,2,14,12,4.0,0.0,20.0,3.0,1.6,0.8,18.2,7.0,0.2604166666666667,0.2724795640326976,0.5076142131979695,0.25027780181739506,0.2618710514928602,0.48785114668974466,1.0127044569450454,1.7254244915620942,-0.2375733448723496,0.2618710514928602,0.5130208333333334,0.9557291666666666,1.8629441624365481,D,13,4,1
2022_23,2023-03-12,Fulham,Arsenal,0,3,A,0,3,A,12,15,2,7,4,8,10,9,0,1,0,0,5.74,4.17,1.59,1508.3800549373689,1564.2291762697428,-55.8491213323739,Fulham,0,3,12,15,2.0,3.0,9.0,14.0,1.2,0.8,10.0,13.0,Arsenal,3,0,15,12,3.0,2.0,31.0,4.0,2.6,1.4,17.2,5.8,0.17421602787456444,0.23980815347721823,0.6289308176100629,0.16704079087590412,0.22993144835196397,0.6030277607721318,0.7310538209796763,2.0390147306683595,-0.4359869698962277,0.22993144835196397,0.2770034843205575,0.7264808362369337,2.622641509433962,A,10,0,0
2022_23,2023-03-12,Man United,Southampton,0,0,D,0,0,D,10,17,4,4,7,8,12,9,2,0,0,0,1.34,5.26,9.22,1536.3748252710432,1461.119794071019,75.25503120002418,Man United,0,0,10,17,0.0,7.0,8.0,18.0,1.8,2.0,16.6,14.2,Southampton,0,0,17,10,1.0,0.0,11.0,11.0,0.6,1.2,11.6,13.4,0.7462686567164178,0.19011406844106465,0.10845986984815617,0.7142402695713131,0.18195474548014445,0.10380498494854226,2.324675554194084,0.4933697003257712,0.6104352846227709,0.18195474548014445,6.880597014925373,3.9253731343283578,0.5704989154013015,D,18,22,1
2022_23,2023-03-12,West Ham,Aston Villa,1,1,D,1,1,D,17,12,6,4,13,2,8,6,1,0,0,0,2.23,3.37,3.36,1470.1243797744144,1497.0581579406821,-26.933778166267757,West Ham,1,1,17,12,0.0,4.0,3.0,20.0,1.2,1.6,9.4,12.8,Aston Villa,1,1,12,17,1.0,0.0,8.0,3.0,1.6,2.2,9.8,12.8,0.4484304932735426,0.29673590504451036,0.2976190476190476,0.43003140772698445,0.2845608425018324,0.2854077497711831,1.5746550656827858,1.1407840918153818,0.14462365795580134,0.2845608425018324,1.506726457399103,1.5112107623318387,1.0029761904761905,D,25,1,1
2022_23,2023-03-12,Newcastle,Wolves,2,1,H,1,0,H,19,7,8,4,10,3,11,10,1,2,0,0,1.67,3.81,5.47,1526.705667352302,1478.5221946417755,48.18347271052653,Newcastle,2,1,19,7,0.0,2.0,5.0,11.0,0.4,1.2,11.6,10.2,Wolves,1,2,7,19,1.0,0.0,8.0,21.0,0.8,1.0,9.2,13.6,0.5988023952095809,0.26246719160104987,0.18281535648994515,0.5735188492582207,0.2513849024307686,0.1750962483110107,1.9719414502054309,0.7766736473638007,0.39842260094721005,0.2513849024307686,3.2754491017964074,2.281437125748503,0.696526508226691,H,19,26,2
2022_23,2023-03-15,Brighton,Crystal Palace,1,0,H,1,0,H,11,11,5,3,1,4,13,20,1,2,0,0,1.46,4.44,7.58,1514.0646470976944,1479.007958727914,35.05668836978043,Brighton,1,0,11,11,2.0,2.0,14.0,12.0,1.6,0.8,18.4,7.6,Crystal Palace,0,1,11,11,0.0,1.0,4.0,14.0,0.4,0.8,5.8,12.6,0.684931506849315,0.2252252252252252,0.13192612137203166,0.6572716407183756,0.21612986383982621,0.12659849544179796,2.187944785994953,0.5959253501652201,0.5306731452765776,0.21612986383982621,5.191780821917808,3.041095890410959,0.5857519788918206,H,4,8,2
2022_23,2023-03-15,Southampton,Brentford,0,2,A,0,1,A,7,11,1,5,3,3,14,10,1,2,0,0,2.97,3.31,2.46,1462.8986875751527,1515.204269792008,-52.30558221685533,Southampton,0,2,7,11,0.0,0.0,17.0,10.0,0.6,0.6,12.2,12.6,Brentford,2,0,11,7,0.0,1.0,12.0,13.0,1.6,1.0,12.2,13.8,0.33670033670033667,0.3021148036253776,0.4065040650406504,0.3221028896932297,0.2890167922625052,0.38888031804426515,1.2553254613421942,1.4556577463953007,-0.06677742835103545,0.2890167922625052,0.8282828282828282,1.1144781144781144,1.3455284552845528,A,22,3,0
2022_23,2023-03-17,Nott'm Forest,Newcastle,1,2,A,1,1,D,5,15,3,4,3,7,17,9,5,1,0,0,5.58,3.83,1.67,1477.0695936014158,1529.731378821246,-52.66178521983011,Nott'm Forest,1,2,5,15,1.0,3.0,9.0,15.0,0.8,2.4,8.2,17.0,Newcastle,2,1,15,5,2.0,1.0,19.0,7.0,0.8,1.4,12.2,10.4,0.17921146953405018,0.2610966057441253,0.5988023952095809,0.1724662339798469,0.25126934350066465,0.5762644225194885,0.7686680454402054,1.9800626110591302,-0.4037981885396416,0.25126934350066465,0.2992831541218638,0.6863799283154122,2.2934131736526946,A,20,19,0
2022_23,2023-03-18,Wolves,Leeds,2,4,A,0,1,A,23,11,8,4,5,4,15,9,3,5,1,0,2.28,3.23,3.41,1475.4964831728316,1468.263001598485,7.23348157434657,Wolves,2,4,23,11,1.0,2.0,7.0,19.0,0.6,1.2,8.4,14.0,Leeds,4,2,11,23,2.0,2.0,12.0,14.0,0.6,1.2,12.2,12.2,0.4385964912280702,0.30959752321981426,0.29325513196480935,0.4211405739193607,0.2972756992371958,0.28158372684344346,1.560697420995278,1.1420268797675261,0.13955684707591726,0.2972756992371958,1.4956140350877194,1.4166666666666667,0.9472140762463342,A,26,13,0
2022_23,2023-03-18,Chelsea,Everton,2,2,D,0,0,D,20,12,7,3,8,2,8,12,2,2,0,0,1.49,4.18,7.62,1503.5789851213724,1468.7427051288344,34.83627999253804,Chelsea,2,2,20,12,3.0,1.0,12.0,17.0,1.0,1.0,12.8,10.8,Everton,2,2,12,20,1.0,0.0,13.0,12.0,0.8,1.6,12.2,10.8,0.6711409395973155,0.23923444976076558,0.13123359580052493,0.64433098135681,0.22967779000517868,0.1259912286380114,2.1626707340756086,0.6076514759192129,0.5183397527187986,0.22967779000517868,5.114093959731544,2.8053691275167782,0.5485564304461942,D,6,9,1
2022_23,2023-03-18,Brentford,Leicester,1,1,D,1,0,H,11,14,2,1,8,4,10,11,1,2,1,0,1.95,3.7,3.85,1519.9332506822839,1466.4478084579564,53.48544222432747,Brentford,1,1,11,14,2.0,0.0,11.0,7.0,1.4,1.0,11.6,12.4,Leicester,1,1,14,11,1.0,3.0,17.0,12.0,1.0,1.8,12.6,14.0,0.5128205128205129,0.27027027027027023,0.2597402597402597,0.4917580046603954,0.259169759212911,0.24907223612669369,1.7344437731940971,1.006386467592992,0.2426857685337017,0.259169759212911,1.9743589743589745,1.8974358974358976,0.961038961038961,D,3,14,1
2022_23,2023-03-18,Southampton,Tottenham,3,3,D,0,1,A,19,17,7,3,10,3,13,8,1,1,0,0,4.56,3.68,1.82,1458.169706684877,1521.2984412455605,-63.1287345606836,Southampton,3,3,19,17,0.0,2.0,7.0,11.0,0.4,0.6,10.2,12.6,Tottenham,3,3,17,19,3.0,1.0,15.0,9.0,1.6,1.2,14.2,9.6,0.2192982456140351,0.2717391304347826,0.5494505494505494,0.21076481546749914,0.26116509742711846,0.5280700871053824,0.8934595438296159,1.8453753587432655,-0.31730527163788325,0.26116509742711846,0.39912280701754393,0.8070175438596492,2.021978021978022,D,22,24,1
2022_23,2023-03-18,Aston Villa,Bournemouth,3,0,H,1,0,H,20,10,9,3,9,6,8,13,1,4,0,0,1.72,3.85,4.99,1497.613114074577,1469.9897512307975,27.623362843779432,Aston Villa,3,0,20,10,1.0,1.0,12.0,17.0,1.4,1.6,8.4,14.4,Bournemouth,0,3,10,20,1.0,0.0,5.0,15.0,1.2,1.6,7.6,19.2,0.5813953488372093,0.2597402597402597,0.2004008016032064,0.5582093368549206,0.24938183360791252,0.19240882953716695,1.9240098441726743,0.8266083222194134,0.3658005073177536,0.24938183360791252,2.9011627906976747,2.238372093023256,0.7715430861723447,H,1,2,2
2022_23,2023-03-19,Arsenal,Crystal Palace,4,1,H,2,0,H,15,8,5,4,5,4,8,10,0,1,0,0,1.26,5.93,12.83,1568.912357750939,1475.8286493285252,93.08370842241379,Arsenal,4,1,15,8,3.0,0.0,15.0,12.0,3.0,0.8,18.2,6.4,Crystal Palace,1,4,8,15,0.0,1.0,11.0,11.0,0.2,0.8,6.8,11.4,0.7936507936507936,0.16863406408094436,0.0779423226812159,0.7629591002762749,0.16211272619698255,0.07492817352674251,2.4509900270258074,0.38689724677721005,0.6880309267495324,0.16211272619698255,10.182539682539682,4.7063492063492065,0.4621979734996103,H,0,8,2
2022_23,2023-04-01,Man City,Liverpool,4,1,H,1,1,D,17,4,8,1,7,1,9,12,1,1,0,0,1.64,4.2,5.19,1558.4864275034379,1515.3321602361757,43.154267267262185,Man City,4,1,17,4,1.0,0.0,14.0,4.0,2.2,0.6,16.0,7.2,Liverpool,1,4,4,17,0.0,1.0,15.0,5.0,2.2,0.2,14.6,7.4,0.6097560975609756,0.23809523809523808,0.19267822736030826,0.5860055487450804,0.2288212142718885,0.18517323698303115,1.9868378605071295,0.784340925220982,0.40083231176204925,0.2288212142718885,3.164634146341464,2.5609756097560976,0.8092485549132947,H,17,15,2
2022_23,2023-04-01,Arsenal,Leeds,4,1,H,1,0,H,13,7,6,5,4,3,11,13,0,2,0,0,1.29,5.84,10.48,1571.4426697139804,1473.7471748680725,97.69549484590789,Arsenal,4,1,13,7,4.0,1.0,15.0,8.0,3.0,0.6,17.2,6.6,Leeds,1,4,7,13,4.0,2.0,11.0,23.0,1.4,1.2,11.2,14.6,0.7751937984496123,0.17123287671232876,0.09541984732824427,0.7440575763470142,0.16435518381637815,0.09158723983660766,2.3965279128574206,0.4391169033262011,0.6524703365104065,0.16435518381637815,8.124031007751938,4.5271317829457365,0.5572519083969465,H,0,13,2
2022_23,2023-04-01,Bournemouth,Fulham,2,1,H,0,1,A,12,10,7,2,4,3,15,13,1,4,0,0,2.56,3.34,2.84,1466.7219154832778,1503.6968734561726,-36.9749579728948,Bournemouth,2,1,12,10,0.0,3.0,10.0,20.0,1.0,2.0,7.4,20.2,Fulham,1,2,10,12,0.0,3.0,12.0,15.0,1.2,1.4,10.4,13.6,0.390625,0.29940119760479045,0.35211267605633806,0.3748300825087724,0.28729491353965797,0.33787500395156955,1.4117851610659753,1.3009199253943664,0.03695507855720287,0.28729491353965797,1.109375,1.3046875,1.176056338028169,H,2,10,2
2022_23,2023-04-01,Brighton,Brentford,3,3,D,2,2,D,33,7,15,5,14,0,16,10,2,1,0,0,1.67,4.08,5.05,1517.2439564970832,1518.3979712994167,-1.1540148023334496,Brighton,3,3,33,7,1.0,0.0,11.0,11.0,1.6,0.8,16.6,7.4,Brentford,3,3,7,33,1.0,1.0,11.0,14.0,1.4,1.0,12.0,10.6,0.5988023952095809,0.24509803921568626,0.19801980198019803,0.574710399401971,0.23523685465717925,0.1900527459408498,1.9593680528630921,0.8053950924797286,0.3846576534611212,0.23523685465717925,3.0239520958083834,2.44311377245509,0.807920792079208,D,4,3,1
2022_23,2023-04-01,Crystal Palace,Leicester,2,1,H,0,0,D,31,3,9,2,10,1,12,16,3,4,0,0,2.54,3.24,2.94,1473.2983373654838,1467.9830878408236,5.315249524660203,Crystal Palace,2,1,31,3,1.0,4.0,8.0,15.0,0.2,1.4,6.4,12.0,Leicester,1,2,3,31,1.0,1.0,14.0,11.0,0.4,1.8,12.4,14.0,0.39370078740157477,0.30864197530864196,0.3401360544217687,0.3776583091488653,0.29606546457966604,0.3262762262714687,1.429040392026262,1.2748941433940721,0.051382082877396595,0.29606546457966604,1.1574803149606299,1.2755905511811025,1.1020408163265307,H,8,14,2
2022_23,2023-04-01,Nott'm Forest,Wolves,1,1,D,1,0,H,17,8,7,1,4,3,14,13,3,5,0,0,2.96,3.13,2.61,1472.3452145599167,1470.0123099032442,2.3329046566725538,Nott'm Forest,1,1,17,8,1.0,2.0,5.0,15.0,1.0,2.4,7.2,16.8,Wolves,1,1,8,17,2.0,4.0,23.0,11.0,1.0,1.8,10.0,15.2,0.33783783783783783,0.3194888178913738,0.3831417624521073,0.32469783026029714,0.3070624848467986,0.3682396848929041,1.28115597562769,1.4117815395255109,-0.04354185463260696,0.3070624848467986,0.8817567567567567,1.0574324324324325,1.199233716475096,D,20,26,1
2022_23,2023-04-01,Chelsea,Aston Villa,0,2,A,0,1,A,27,5,8,2,13,2,14,16,3,3,0,0,1.68,3.83,5.4,1502.260903853131,1500.8809498220967,1.3799540310342309,Chelsea,0,2,27,5,2.0,2.0,20.0,12.0,1.2,1.2,14.4,11.2,Aston Villa,2,0,5,27,3.0,0.0,20.0,10.0,1.8,1.0,11.2,13.0,0.5952380952380952,0.2610966057441253,0.18518518518518517,0.5715091023642935,0.25068806578903735,0.1778028318466691,1.965215372881918,0.7840965613290446,0.3937062705176244,0.25068806578903735,3.2142857142857144,2.279761904761905,0.7092592592592593,A,6,1,0
2022_23,2023-04-02,Newcastle,Man United,2,0,H,0,0,D,22,6,6,1,7,4,8,12,0,0,0,0,2.41,3.45,2.96,1534.455757862745,1534.5959317669094,-0.14017390416438502,Newcastle,2,0,22,6,2.0,1.0,15.0,5.0,1.0,1.4,13.6,9.4,Man United,0,2,6,22,0.0,0.0,10.0,17.0,1.4,1.8,15.8,15.6,0.41493775933609955,0.2898550724637681,0.33783783783783783,0.3979719486673862,0.27800359312707273,0.3240244582055408,1.4719194391292314,1.2500769677436951,0.0739474904618454,0.27800359312707273,1.2282157676348546,1.4315352697095436,1.1655405405405406,H,19,18,2
2022_23,2023-04-02,West Ham,Southampton,1,0,H,1,0,H,12,9,2,3,5,3,10,11,0,2,0,0,1.76,3.74,4.87,1469.5694236405195,1458.0807213735727,11.488702266946802,West Ham,1,0,12,9,1.0,1.0,17.0,12.0,1.2,1.6,10.8,13.6,Southampton,0,1,9,12,3.0,3.0,19.0,17.0,0.8,1.2,12.4,12.6,0.5681818181818182,0.267379679144385,0.2053388090349076,0.5458561350299994,0.25687347530823496,0.19727038966176566,1.8944418803982332,0.8486846442935319,0.3485857453682337,0.25687347530823496,2.7670454545454546,2.125,0.7679671457905545,H,25,22,2
2022_23,2023-04-03,Everton,Tottenham,1,1,D,0,0,D,15,8,6,2,3,3,10,14,0,3,1,1,3.41,3.36,2.21,1470.0607863970758,1521.3874265568647,-51.326640159788894,Everton,1,1,15,8,2.0,2.0,12.0,20.0,1.0,2.0,11.6,13.2,Tottenham,1,1,8,15,3.0,3.0,17.0,19.0,2.0,1.0,15.4,10.4,0.29325513196480935,0.2976190476190476,0.45248868778280543,0.28106725007854105,0.28524979844280507,0.4336829514786539,1.1284515486784281,1.5862986528787668,-0.15261570140011282,0.28524979844280507,0.6480938416422287,0.9853372434017594,1.5203619909502262,D,9,24,1
2022_23,2023-04-04,Bournemouth,Brighton,0,2,A,0,1,A,14,16,3,6,5,5,11,5,1,1,0,0,5.94,4.29,1.57,1470.7954573862703,1516.3637509237874,-45.56829353751709,Bournemouth,0,2,14,16,2.0,1.0,12.0,10.0,1.2,2.2,8.8,19.2,Brighton,2,0,16,14,3.0,3.0,33.0,7.0,2.0,1.2,19.8,7.6,0.16835016835016833,0.2331002331002331,0.6369426751592356,0.16212566526332514,0.22448169036460405,0.6133926443720709,0.7108586861545795,2.0646596234808166,-0.4512669791087457,0.22448169036460405,0.26430976430976433,0.7222222222222222,2.732484076433121,A,2,4,0
2022_23,2023-04-04,Leeds,Nott'm Forest,2,1,H,2,1,H,21,13,6,1,11,4,11,13,1,4,0,0,1.73,3.83,5.05,1471.2648692292996,1471.4216607328474,-0.1567915035477654,Leeds,2,1,21,13,1.0,4.0,7.0,13.0,1.6,1.8,11.0,14.2,Nott'm Forest,1,2,13,21,1.0,1.0,17.0,8.0,1.0,2.4,9.8,13.2,0.5780346820809249,0.2610966057441253,0.19801980198019803,0.5573292915205496,0.25174404029518294,0.19092666818426746,1.9237319148568315,0.8245240448479854,0.3664026233362821,0.25174404029518294,2.9190751445086702,2.213872832369942,0.7584158415841584,H,13,20,2
2022_23,2023-04-04,Leicester,Aston Villa,1,2,A,1,1,D,9,15,4,5,4,8,10,14,2,0,1,0,2.58,3.41,2.79,1464.4435761169057,1506.2926742499908,-41.849098133085135,Leicester,1,2,9,15,1.0,2.0,3.0,31.0,0.6,1.6,9.2,15.0,Aston Villa,2,1,15,9,2.0,0.0,5.0,27.0,1.8,0.2,10.8,14.4,0.38759689922480617,0.29325513196480935,0.35842293906810035,0.3729493255559606,0.28217280349981766,0.3448778709442216,1.4010207801676995,1.3168064163324826,0.02807145461173899,0.28217280349981766,1.0813953488372092,1.3217054263565893,1.2222222222222223,A,14,1,0
2022_23,2023-04-04,Chelsea,Liverpool,0,0,D,0,0,D,12,7,3,4,3,5,6,17,1,4,0,0,2.25,3.46,3.28,1496.8491794252368,1512.2480289389464,-15.398849513709592,Chelsea,0,0,12,7,0.0,2.0,27.0,5.0,1.2,1.4,16.4,10.6,Liverpool,0,0,7,12,1.0,4.0,4.0,17.0,2.0,1.0,12.8,8.0,0.4444444444444444,0.28901734104046245,0.3048780487804878,0.4280337032036147,0.2783456162451252,0.2936206805512601,1.5624467258559693,1.1592076578989055,0.1344130226523546,0.2783456162451252,1.4577777777777776,1.5377777777777777,1.0548780487804879,D,6,15,1
2022_23,2023-04-05,Man United,Brentford,1,0,H,1,0,H,18,6,3,1,12,3,8,13,3,2,0,0,1.65,4.17,5.07,1530.9887590074013,1519.2781768727125,11.71058213468882,Man United,1,0,18,6,0.0,2.0,6.0,22.0,1.0,1.8,12.2,18.4,Brentford,0,1,6,18,3.0,3.0,7.0,33.0,1.8,1.4,11.0,15.2,0.6060606060606061,0.23980815347721823,0.1972386587771203,0.5810145680294824,0.22989785065914772,0.18908758131137,1.972941554747595,0.7971605945932577,0.3919269867181124,0.22989785065914772,3.072727272727273,2.5272727272727273,0.8224852071005917,H,18,3,2
2022_23,2023-04-05,West Ham,Newcastle,1,5,A,1,2,A,7,15,2,8,7,6,11,12,2,1,0,0,3.53,3.41,2.15,1473.032915578129,1538.0629306222531,-65.03001504412418,West Ham,1,5,7,15,1.0,0.0,12.0,9.0,1.2,1.4,11.2,13.0,Newcastle,5,1,15,7,2.0,0.0,22.0,6.0,1.2,1.2,15.0,8.4,0.28328611898017,0.29325513196480935,0.46511627906976744,0.27195705960687433,0.28152739601532734,0.4465155443777983,1.0973985748359503,1.6210740291487222,-0.17455848477092395,0.28152739601532734,0.6090651558073654,0.9660056657223797,1.5860465116279072,A,25,19,0
2022_23,2023-04-08,Tottenham,Brighton,2,1,H,1,1,D,9,17,3,4,3,7,15,15,3,1,0,0,2.56,3.56,2.69,1521.629052068746,1521.1796708302193,0.44938123852671197,Tottenham,2,1,9,17,1.0,1.0,8.0,15.0,1.8,1.2,13.8,12.2,Brighton,1,2,17,9,2.0,0.0,16.0,14.0,2.4,1.0,18.8,9.4,0.390625,0.2808988764044944,0.3717472118959108,0.3744232964764392,0.2692482131965406,0.35632849032702024,1.3925181026258582,1.3382336841776012,0.01809480614941894,0.2692482131965406,1.05078125,1.390625,1.3234200743494424,H,24,4,2
2022_23,2023-04-08,Southampton,Man City,1,4,A,0,1,A,4,13,1,8,0,10,6,10,0,2,0,0,12.48,6.19,1.25,1454.6172294359633,1561.5705588006672,-106.9533293647039,Southampton,1,4,4,13,0.0,1.0,9.0,12.0,0.8,1.2,12.6,12.2,Man City,4,1,13,4,4.0,1.0,17.0,4.0,2.4,0.6,17.6,6.0,0.08012820512820512,0.16155088852988692,0.8,0.07692215924850404,0.1550870028144314,0.7679908379370645,0.3858534805599435,2.459059516625625,-0.6910686786885605,0.1550870028144314,0.1001602564102564,0.49599358974358976,4.952,A,22,17,0
2022_23,2023-04-08,Wolves,Chelsea,1,0,H,1,0,H,9,13,4,1,8,8,14,10,2,5,0,0,4.14,3.47,1.95,1470.9358637303135,1496.1477481513693,-25.211884421055856,Wolves,1,0,9,13,1.0,1.0,8.0,17.0,1.0,1.8,10.0,16.6,Chelsea,0,1,13,9,0.0,0.0,12.0,7.0,1.2,1.0,16.8,10.4,0.24154589371980678,0.2881844380403458,0.5128205128205129,0.23168739920493883,0.27642243017534485,0.4918901706197163,0.9714846277901613,1.7520929420344937,-0.26020277141477743,0.27642243017534485,0.4710144927536232,0.8381642512077295,1.7794871794871796,H,26,6,2
2022_23,2023-04-08,Leicester,Bournemouth,0,1,A,0,1,A,14,19,4,7,6,6,10,13,0,3,0,0,1.88,3.72,4.11,1459.579760282036,1465.9795374798384,-6.39977719780245,Leicester,0,1,14,19,1.0,2.0,9.0,15.0,0.8,1.8,10.8,16.0,Bournemouth,1,0,19,14,0.0,2.0,14.0,16.0,1.0,1.8,9.0,18.4,0.5319148936170213,0.26881720430107525,0.24330900243309,0.5094769673704415,0.257477607165707,0.23304542546385157,1.7859085092770315,0.9566138835572617,0.2764315419065899,0.257477607165707,2.186170212765958,1.9787234042553195,0.9051094890510949,A,14,2,0
2022_23,2023-04-08,Aston Villa,Nott'm Forest,2,0,H,0,0,D,8,6,3,2,1,8,7,17,3,4,0,0,1.62,4.09,5.55,1511.1564900848605,1467.8142812121391,43.34220887272136,Aston Villa,2,0,8,6,2.0,1.0,15.0,9.0,1.8,0.4,12.0,13.2,Nott'm Forest,0,2,6,8,1.0,2.0,13.0,21.0,1.2,2.0,10.8,13.8,0.6172839506172839,0.24449877750611249,0.1801801801801802,0.5924241119314756,0.23465209323447203,0.17292379483405237,2.011924429028899,0.7534234777366291,0.4195003170974232,0.23465209323447203,3.4259259259259256,2.524691358024691,0.736936936936937,H,1,20,2
2022_23,2023-04-08,Brentford,Newcastle,1,2,A,1,0,H,12,10,6,4,6,5,10,15,0,0,0,0,3.57,3.46,2.1,1515.8174058644588,1542.6272976815683,-26.809891817109474,Brentford,1,2,12,10,0.0,1.0,6.0,18.0,1.2,1.2,9.4,17.0,Newcastle,2,1,10,12,5.0,1.0,15.0,7.0,2.2,1.0,15.2,7.2,0.2801120448179272,0.28901734104046245,0.47619047619047616,0.2679677819083024,0.27648698884758366,0.455545229244114,1.0803903345724908,1.6431226765799256,-0.1875774473358116,0.27648698884758366,0.5882352941176471,0.969187675070028,1.6476190476190475,A,3,19,0
2022_23,2023-04-08,Fulham,West Ham,0,1,A,0,1,A,16,9,3,5,11,4,10,12,1,1,0,0,2.79,3.24,2.66,1499.6233315531802,1468.4685485188138,31.154783034366346,Fulham,0,1,16,9,1.0,2.0,10.0,12.0,1.0,1.8,9.2,14.0,West Ham,1,0,9,16,1.0,5.0,7.0,15.0,1.4,2.0,11.4,12.8,0.35842293906810035,0.30864197530864196,0.37593984962406013,0.34364458479867943,0.29591617024330724,0.3604392449580133,1.3268499246393455,1.3772339051173472,-0.016794660159333896,0.29591617024330724,0.953405017921147,1.1612903225806452,1.218045112781955,A,10,25,0
2022_23,2023-04-08,Man United,Everton,2,0,H,1,0,H,29,15,11,1,10,4,10,9,0,0,0,0,1.5,4.37,6.75,1534.449530015655,1469.8191608851946,64.6303691304604,Man United,2,0,29,15,1.0,0.0,18.0,6.0,0.8,1.8,13.6,16.4,Everton,0,2,15,29,1.0,1.0,15.0,8.0,1.2,1.8,11.6,13.0,0.6666666666666666,0.22883295194508008,0.14814814814814814,0.6387851226246548,0.2192626279031996,0.14195224947214552,2.135617995777164,0.6451193763196361,0.4968328731525093,0.2192626279031996,4.5,2.9133333333333336,0.6474074074074074,H,18,9,2
2022_23,2023-04-09,Leeds,Crystal Palace,1,5,A,1,1,D,11,16,7,8,2,4,11,8,3,1,0,0,2.11,3.41,3.59,1474.8722487500079,1476.8378490894017,-1.965600339393859,Leeds,1,5,11,16,2.0,1.0,21.0,13.0,1.8,2.0,12.4,15.2,Crystal Palace,5,1,16,11,2.0,1.0,31.0,3.0,0.6,1.6,11.4,10.2,0.47393364928909953,0.29325513196480935,0.2785515320334262,0.4532039582554356,0.2804282556947123,0.2663677860498521,1.6400401304610188,1.0795316138442685,0.18683617220558346,0.2804282556947123,1.7014218009478674,1.6161137440758295,0.9498607242339834,A,13,8,0
2022_23,2023-04-09,Liverpool,Arsenal,2,2,D,1,2,A,21,9,6,5,5,4,11,11,4,4,0,0,2.79,3.69,2.41,1512.9494602128138,1573.9249753527533,-60.97551513993949,Liverpool,2,2,21,9,0.0,0.0,7.0,12.0,2.0,1.0,11.8,9.2,Arsenal,2,2,9,21,4.0,1.0,13.0,7.0,3.6,0.8,17.8,7.8,0.35842293906810035,0.2710027100271003,0.41493775933609955,0.34319752700496686,0.25949081310131644,0.3973116598937168,1.2890833941162172,1.451425792782467,-0.054114132888749944,0.25949081310131644,0.8637992831541219,1.3225806451612903,1.5311203319502074,D,15,0,1
2022_23,2023-04-15,Wolves,Brentford,2,0,H,1,0,H,11,10,9,3,5,2,12,8,1,1,0,0,2.52,3.23,3.0,1474.858958337876,1510.7608696226257,-35.90191128474976,Wolves,2,0,11,10,1.0,0.0,9.0,13.0,1.2,1.4,11.0,16.2,Brentford,0,2,10,11,1.0,2.0,12.0,10.0,1.4,1.4,9.4,16.4,0.3968253968253968,0.30959752321981426,0.3333333333333333,0.38165233008791005,0.29775971263824563,0.3205879572738444,1.4427167029019758,1.259523584459779,0.061064372814065626,0.29775971263824563,1.1904761904761905,1.2817460317460316,1.0766666666666667,H,26,3,2
2022_23,2023-04-15,Tottenham,Bournemouth,2,3,A,1,1,D,24,6,8,6,8,1,8,9,1,2,0,0,1.47,4.6,6.83,1525.228891950174,1471.2942106675578,53.93468128261634,Tottenham,2,3,24,6,2.0,1.0,9.0,17.0,1.8,1.4,14.0,13.6,Bournemouth,3,2,6,24,1.0,0.0,19.0,14.0,0.8,1.2,12.0,15.0,0.6802721088435374,0.2173913043478261,0.14641288433382138,0.6515540200041061,0.20821400204479046,0.14023197795110337,2.1628760620571086,0.6289099358981005,0.5113220420530027,0.20821400204479046,4.646258503401361,3.129251700680272,0.6734992679355782,A,24,2,0
2022_23,2023-04-15,Man City,Leicester,3,1,H,3,0,H,12,10,4,4,6,2,8,8,1,1,0,0,1.16,8.49,17.32,1565.5937344286833,1454.2650870943166,111.32864733436668,Man City,3,1,12,10,4.0,1.0,13.0,4.0,3.0,0.6,15.0,6.0,Leicester,1,3,10,12,0.0,1.0,14.0,19.0,0.8,1.8,11.4,17.6,0.8620689655172414,0.11778563015312131,0.057736720554272515,0.8308367196575556,0.11351832683189216,0.055644953510552216,2.606028485804559,0.2804531873635488,0.7751917661470034,0.11351832683189216,14.931034482758623,7.31896551724138,0.49018475750577367,H,17,14,2
2022_23,2023-04-15,Everton,Fulham,1,3,A,1,1,D,15,21,7,7,4,8,10,6,3,2,0,0,2.07,3.39,3.78,1466.9805640935776,1493.848976331444,-26.868412237866323,Everton,1,3,15,21,0.0,2.0,15.0,29.0,1.2,1.4,13.0,15.8,Fulham,3,1,21,15,0.0,1.0,16.0,9.0,0.8,2.0,11.4,11.6,0.48309178743961356,0.2949852507374631,0.2645502645502646,0.46334081811969147,0.28292492433857264,0.25373425754173584,1.6729473786976472,1.04412769696378,0.20960656057795563,0.28292492433857264,1.8260869565217392,1.63768115942029,0.8968253968253969,A,9,10,0
2022_23,2023-04-15,Chelsea,Brighton,1,2,A,1,1,D,8,26,2,10,2,8,11,11,2,2,0,0,2.67,3.42,2.68,1492.2246535438069,1517.5798309487911,-25.35517740498426,Chelsea,1,2,8,26,0.0,1.0,13.0,9.0,1.0,1.2,16.8,10.0,Brighton,2,1,26,8,1.0,2.0,17.0,9.0,1.8,1.4,18.2,10.6,0.37453183520599254,0.29239766081871343,0.3731343283582089,0.3601046651422645,0.2811343438391363,0.3587609910185993,1.3614483392659298,1.3574173168949342,0.0013436741236652061,0.2811343438391363,1.00374531835206,1.2808988764044944,1.2761194029850744,A,6,4,0
2022_23,2023-04-15,Southampton,Crystal Palace,0,2,A,0,0,D,11,9,4,2,6,2,6,13,3,1,0,0,2.82,3.2,2.68,1450.5940538079471,1482.2079405461686,-31.61388673822148,Southampton,0,2,11,9,1.0,4.0,4.0,13.0,0.8,2.0,11.2,12.6,Crystal Palace,2,0,9,11,5.0,1.0,16.0,11.0,1.6,1.6,14.0,10.8,0.3546099290780142,0.3125,0.3731343283582089,0.34089102299106433,0.3004102140108754,0.3586987629980602,1.3230832829840686,1.3765065030050558,-0.017807740006995865,0.3004102140108754,0.9503546099290782,1.1347517730496455,1.1940298507462686,A,22,8,0
2022_23,2023-04-15,Aston Villa,Newcastle,3,0,H,1,0,H,16,8,6,2,7,2,13,15,1,1,0,0,3.61,3.42,2.13,1514.2384285087246,1547.6838339234014,-33.44540541467677,Aston Villa,3,0,16,8,2.0,0.0,8.0,6.0,2.0,0.4,12.0,13.8,Newcastle,0,3,8,16,2.0,1.0,10.0,12.0,2.6,0.8,16.2,7.4,0.2770083102493075,0.29239766081871343,0.4694835680751174,0.26663884832046736,0.2814521176716044,0.45190903400792826,1.0813686626330066,1.6371792196953892,-0.1852701856874609,0.2814521176716044,0.590027700831025,0.9473684210526316,1.6056338028169015,H,1,19,2
2022_23,2023-04-16,West Ham,Arsenal,2,2,D,1,2,A,16,11,3,5,7,2,11,8,1,2,0,0,5.92,4.22,1.57,1474.24290374055,1574.04183457242,-99.79893083186994,West Ham,2,2,16,11,1.0,0.0,9.0,16.0,0.8,2.0,9.6,14.4,Arsenal,2,2,11,16,2.0,2.0,9.0,21.0,3.2,1.2,16.6,10.4,0.16891891891891891,0.23696682464454977,0.6369426751592356,0.16198150710719716,0.22723472087076,0.6107837720220428,0.7131792421923515,2.0595860369368886,-0.44880226491484565,0.22723472087076,0.26520270270270274,0.7128378378378378,2.6878980891719744,D,25,0,1
2022_23,2023-04-16,Nott'm Forest,Man United,0,2,A,0,1,A,6,22,0,8,4,9,9,9,2,2,0,0,5.0,3.96,1.69,1464.732342788275,1537.288126807272,-72.55578401899697,Nott'm Forest,0,2,6,22,0.0,2.0,6.0,8.0,0.8,2.0,10.0,13.4,Man United,2,0,22,6,2.0,0.0,29.0,15.0,0.6,1.8,14.2,15.6,0.2,0.25252525252525254,0.591715976331361,0.19152662667704562,0.24182654883465357,0.5666468244883007,0.8164064288657904,1.9417670222995558,-0.3751201978112551,0.24182654883465357,0.33799999999999997,0.792,2.3431952662721893,A,20,18,0
2022_23,2023-04-17,Leeds,Liverpool,1,6,A,0,2,A,13,13,3,7,4,2,6,12,0,1,0,0,4.35,4.22,1.73,1469.502157293241,1512.8326009931473,-43.330443699906255,Leeds,1,6,13,13,1.0,5.0,11.0,16.0,2.0,2.8,12.4,15.8,Liverpool,6,1,13,13,2.0,2.0,21.0,9.0,2.0,1.4,13.0,10.2,0.2298850574712644,0.23696682464454977,0.5780346820809249,0.22000958319144384,0.22678712959307598,0.5532032872154802,0.8868158791674076,1.8863969912395164,-0.33319370402403636,0.22678712959307598,0.3977011494252874,0.9701149425287356,2.439306358381503,A,13,15,0
2022_23,2023-04-21,Arsenal,Southampton,3,3,D,1,2,A,25,8,6,6,7,2,10,14,1,5,0,0,1.2,7.18,14.72,1573.6568212082366,1445.5988884367064,128.0579327715302,Arsenal,3,3,25,8,2.0,2.0,11.0,16.0,3.0,1.2,12.6,12.8,Southampton,3,3,8,25,0.0,2.0,11.0,9.0,0.8,2.4,10.0,12.4,0.8333333333333334,0.1392757660167131,0.06793478260869565,0.8008632291073097,0.13384900765024674,0.06528776324244372,2.536438694972176,0.3297122973775779,0.735575465864866,0.13384900765024674,12.266666666666667,5.983333333333333,0.48777173913043476,D,0,22,1
2022_23,2023-04-22,Leicester,Wolves,2,1,H,1,1,D,15,16,8,3,1,7,17,16,1,3,0,0,2.45,3.27,3.05,1451.9213501789188,1478.9187309900174,-26.997380811098537,Leicester,2,1,15,16,1.0,3.0,10.0,12.0,0.8,1.8,10.0,17.6,Wolves,1,2,16,15,2.0,0.0,11.0,10.0,1.4,1.4,11.6,14.0,0.4081632653061224,0.3058103975535168,0.3278688524590164,0.3917705980555828,0.2935284297358342,0.31470097220858295,1.4688402239025826,1.2376313463615831,0.07706962584699983,0.2935284297358342,1.2448979591836733,1.3346938775510204,1.0721311475409836,H,14,26,2
2022_23,2023-04-22,Fulham,Leeds,2,1,H,0,0,D,12,10,5,2,8,6,10,15,1,4,0,0,2.38,3.44,3.01,1498.9047661921506,1464.6574089541093,34.24735723804133,Fulham,2,1,12,10,3.0,1.0,21.0,15.0,1.2,2.0,13.6,13.0,Leeds,1,2,10,12,1.0,6.0,13.0,13.0,1.8,3.6,12.6,15.6,0.42016806722689076,0.29069767441860467,0.33222591362126247,0.40281030444964866,0.2786885245901639,0.3185011709601873,1.4871194379391097,1.2341920374707258,0.08430913348946134,0.2786885245901639,1.2647058823529411,1.4453781512605042,1.142857142857143,H,10,13,2
2022_23,2023-04-22,Brentford,Aston Villa,1,1,D,0,0,D,6,14,5,2,8,4,12,8,3,2,0,0,2.53,3.38,2.84,1506.7010969704843,1518.2667112000145,-11.565614229530183,Brentford,1,1,6,14,0.0,2.0,10.0,11.0,1.0,1.8,9.2,17.2,Aston Villa,1,1,14,6,3.0,0.0,16.0,8.0,2.4,0.2,12.8,12.0,0.3952569169960475,0.2958579881656805,0.35211267605633806,0.3788788986335541,0.2835987022316248,0.33752239913482107,1.4202353981322873,1.296165899636088,0.041356499498733046,0.2835987022316248,1.1225296442687747,1.3359683794466404,1.1901408450704225,D,3,1,1
2022_23,2023-04-22,Crystal Palace,Everton,0,0,D,0,0,D,12,10,2,5,8,1,12,14,1,1,0,1,2.11,3.25,3.83,1487.2031059174094,1461.924774232871,25.278331684538443,Crystal Palace,0,0,12,10,2.0,0.0,9.0,11.0,2.0,1.4,15.0,10.2,Everton,0,0,10,12,1.0,3.0,15.0,21.0,1.0,1.6,14.0,18.0,0.47393364928909953,0.3076923076923077,0.2610966057441253,0.4545155789573619,0.2950854989538565,0.2503989220887816,1.6586322358259422,1.0462822652202013,0.20411665686858027,0.2950854989538565,1.8151658767772514,1.5402843601895735,0.8485639686684073,D,8,9,1
2022_23,2023-04-22,Liverpool,Nott'm Forest,3,2,H,0,0,D,18,11,6,5,9,3,9,12,0,1,0,0,1.18,7.64,16.06,1517.677349332279,1460.2654448109763,57.41190452130263,Liverpool,3,2,18,11,6.0,1.0,13.0,13.0,1.8,1.6,12.0,11.2,Nott'm Forest,2,3,11,18,0.0,2.0,6.0,22.0,0.6,1.8,9.4,14.8,0.8474576271186441,0.13089005235602094,0.06226650062266501,0.8143821632714828,0.1257815383063285,0.059836298422188655,2.568928028120777,0.3052904335728944,0.7545458648492942,0.1257815383063285,13.610169491525424,6.474576271186441,0.47571606475716066,H,15,20,2
2022_23,2023-04-23,Newcastle,Tottenham,6,1,H,5,0,H,25,11,8,3,9,3,7,13,0,3,0,0,1.85,3.81,4.22,1543.6555512321115,1519.1884735501967,24.467077681914816,Newcastle,6,1,25,11,0.0,3.0,8.0,16.0,2.2,1.2,14.0,9.2,Tottenham,1,6,11,25,2.0,3.0,24.0,6.0,2.2,1.8,14.6,13.2,0.5405405405405405,0.26246719160104987,0.23696682464454977,0.5197632355650956,0.2523784739620544,0.22785829047285003,1.8116681806573411,0.9359533453806045,0.2919049450922456,0.2523784739620544,2.281081081081081,2.0594594594594593,0.9028436018957346,H,19,24,2
2022_23,2023-04-23,Bournemouth,West Ham,0,4,A,0,3,A,17,18,5,10,8,5,7,8,1,2,0,0,2.83,3.25,2.61,1477.3346290675352,1474.6279171047333,2.706711962801819,Bournemouth,0,4,17,18,3.0,2.0,6.0,24.0,1.2,1.6,12.2,16.8,West Ham,4,0,18,17,2.0,2.0,16.0,11.0,1.2,1.6,12.2,12.6,0.35335689045936397,0.3076923076923077,0.3831417624521073,0.3384025564203731,0.2946705337445095,0.3669269098351172,1.3098782030056286,1.395451263249861,-0.02852435341474413,0.2946705337445095,0.9222614840989398,1.1484098939929328,1.2452107279693487,A,2,25,0
2022_23,2023-04-25,Wolves,Crystal Palace,2,0,H,1,0,H,9,14,3,4,6,11,13,14,5,4,0,0,2.52,3.14,3.09,1474.9728758502233,1485.9990890085908,-11.026213158367455,Wolves,2,0,9,14,1.0,2.0,16.0,15.0,1.4,1.4,13.4,13.2,Crystal Palace,0,2,14,9,0.0,0.0,12.0,10.0,2.0,1.2,15.2,10.0,0.3968253968253968,0.3184713375796178,0.3236245954692557,0.38195904291754257,0.3065403783924227,0.3115005786900348,1.4524175071450505,1.241042114462527,0.07045846422750779,0.3065403783924227,1.226190476190476,1.246031746031746,1.016181229773463,H,26,8,2
2022_23,2023-04-25,Aston Villa,Fulham,1,0,H,1,0,H,14,1,3,0,8,2,6,18,3,2,0,0,1.8,3.87,4.43,1519.0164992894086,1502.09366171391,16.922837575498534,Aston Villa,1,0,14,1,1.0,1.0,14.0,6.0,2.0,0.4,11.6,11.2,Fulham,0,1,1,14,2.0,1.0,12.0,10.0,1.2,1.6,14.2,12.2,0.5555555555555556,0.25839793281653745,0.22573363431151244,0.5343487895873656,0.24853432073830958,0.2171168896743247,1.8515806895004063,0.8998849897612836,0.31723189991304096,0.24853432073830958,2.461111111111111,2.15,0.8735891647855532,H,1,10,2
2022_23,2023-04-25,Leeds,Leicester,1,1,D,1,0,H,13,15,3,3,3,6,14,15,4,2,0,0,2.37,3.54,2.98,1461.46851343235,1455.8672053187129,5.60130811363706,Leeds,1,1,13,15,1.0,2.0,10.0,12.0,1.2,3.6,12.4,13.4,Leicester,1,1,15,13,2.0,1.0,15.0,16.0,1.0,1.8,10.2,18.6,0.42194092827004215,0.2824858757062147,0.33557046979865773,0.40571349455418126,0.27162174635407055,0.32266475909174824,1.4887622300166146,1.2396160236293152,0.08304873546243302,0.27162174635407055,1.2573839662447257,1.4936708860759493,1.1879194630872483,D,13,14,1
2022_23,2023-04-26,Nott'm Forest,Brighton,3,1,H,1,1,D,12,17,5,7,2,7,7,8,2,0,0,0,6.08,4.36,1.54,1457.3454858420669,1522.6549108115191,-65.30942496945227,Nott'm Forest,3,1,12,17,2.0,3.0,11.0,18.0,0.8,2.0,10.6,15.4,Brighton,1,3,17,12,2.0,1.0,26.0,8.0,1.8,1.2,20.6,9.8,0.16447368421052633,0.2293577981651376,0.6493506493506493,0.1576653579546522,0.21986361843217553,0.6224710236131723,0.6928596922961321,2.0872766892716923,-0.4648056656585201,0.21986361843217553,0.2532894736842105,0.7171052631578948,2.8311688311688314,H,20,4,2
2022_23,2023-04-26,Chelsea,Brentford,0,2,A,0,1,A,15,7,4,1,5,2,5,13,1,2,0,0,1.71,3.89,5.02,1487.149573681079,1505.9513088810902,-18.801735200011308,Chelsea,0,2,15,7,1.0,2.0,8.0,26.0,0.6,1.4,16.0,11.8,Brentford,2,0,7,15,1.0,1.0,6.0,14.0,1.0,1.8,8.2,17.2,0.5847953216374269,0.2570694087403599,0.19920318725099603,0.5617263885812581,0.2469285667028153,0.19134504471592662,1.9321077324465898,0.8209637008505951,0.3703813438653315,0.2469285667028153,2.935672514619883,2.274853801169591,0.7749003984063746,A,6,3,0
2022_23,2023-04-26,West Ham,Liverpool,1,2,A,1,1,D,7,20,2,4,3,6,6,8,0,0,0,0,3.96,3.86,1.88,1480.0561075417945,1520.5973083011884,-40.54120075939386,West Ham,1,2,7,20,4.0,0.0,18.0,17.0,1.8,1.4,12.4,13.6,Liverpool,2,1,20,7,3.0,2.0,18.0,11.0,2.4,1.8,12.6,12.4,0.25252525252525254,0.2590673575129534,0.5319148936170213,0.24199658520968947,0.24826592679543272,0.5097374879948777,0.9742556824245011,1.777478390780066,-0.26774090278518825,0.24826592679543272,0.47474747474747475,0.9747474747474747,2.0531914893617023,A,25,15,0
2022_23,2023-04-26,Man City,Arsenal,4,1,H,2,0,H,14,8,9,2,1,3,13,13,3,1,0,0,1.56,4.49,5.7,1567.9374713440811,1571.3375175603248,-3.400046216243709,Man City,4,1,14,8,3.0,1.0,12.0,10.0,2.8,0.6,13.4,5.4,Arsenal,1,4,8,14,3.0,3.0,25.0,8.0,3.0,1.8,14.6,12.0,0.641025641025641,0.22271714922048996,0.17543859649122806,0.6168563536710581,0.21431980216633642,0.16882384416260537,2.064888863179511,0.7207913346541526,0.4480325095084527,0.21431980216633642,3.6538461538461537,2.878205128205128,0.787719298245614,H,17,0,2
2022_23,2023-04-27,Everton,Newcastle,1,4,A,0,1,A,13,15,5,8,3,14,8,6,2,1,0,0,4.84,3.7,1.77,1463.1287911416896,1546.9612955958182,-83.83250445412864,Everton,1,4,13,15,0.0,0.0,10.0,12.0,0.8,1.6,13.4,18.0,Newcastle,4,1,15,13,6.0,1.0,25.0,11.0,3.0,1.2,16.0,10.4,0.2066115702479339,0.27027027027027023,0.5649717514124294,0.1983115207819815,0.25941290826615954,0.542275570951859,0.8543474706121041,1.8862396211217365,-0.34396405016987747,0.25941290826615954,0.365702479338843,0.7644628099173554,2.0903954802259888,A,9,19,0
2022_23,2023-04-27,Southampton,Bournemouth,0,1,A,0,0,D,11,16,2,2,6,4,9,11,0,3,0,0,2.3,3.43,3.15,1447.918192084618,1471.906438630474,-23.988246545855873,Southampton,0,1,11,16,3.0,3.0,8.0,25.0,1.4,2.6,10.2,15.2,Bournemouth,1,0,16,11,0.0,4.0,17.0,18.0,1.2,1.8,13.6,16.4,0.4347826086956522,0.29154518950437314,0.31746031746031744,0.41654297665632173,0.27931453245176086,0.3041424908919174,1.528943462420726,1.1917420051275132,0.11240048576440431,0.27931453245176086,1.3695652173913044,1.4913043478260872,1.088888888888889,A,22,2,0
2022_23,2023-04-27,Tottenham,Man United,2,2,D,0,2,A,18,17,7,8,6,8,8,7,1,2,0,0,2.79,3.65,2.44,1515.88272918649,1541.7550247845707,-25.872295598080655,Tottenham,2,2,18,17,1.0,6.0,11.0,25.0,1.8,2.8,13.8,16.4,Man United,2,2,17,18,2.0,0.0,22.0,6.0,1.0,0.4,17.0,13.2,0.35842293906810035,0.273972602739726,0.4098360655737705,0.34389950998374336,0.26287113228894354,0.3932293577273131,1.2945696622401734,1.4425592054708827,-0.049329847743569744,0.26287113228894354,0.8745519713261648,1.3082437275985663,1.4959016393442623,D,24,18,1
2022_23,2023-04-29,Crystal Palace,West Ham,4,3,H,3,2,H,16,8,6,4,8,5,9,17,1,2,0,0,2.7,3.18,2.81,1482.2556677253103,1475.1754676922378,7.080200033072515,Crystal Palace,4,3,16,8,0.0,2.0,14.0,9.0,1.8,0.8,16.4,8.8,West Ham,3,4,8,16,1.0,2.0,7.0,20.0,1.8,1.8,11.4,15.8,0.37037037037037035,0.31446540880503143,0.35587188612099646,0.35588319632957366,0.30216497801567577,0.3419518256547506,1.3698145670043966,1.3280204549799275,0.013931370674823085,0.30216497801567577,1.0407407407407407,1.1777777777777778,1.1316725978647688,H,8,25,2
2022_23,2023-04-29,Brentford,Nott'm Forest,2,1,H,0,1,A,14,5,8,3,6,0,6,13,1,2,0,0,1.66,3.88,5.5,1511.109672321532,1461.784737012016,49.32493530951592,Brentford,2,1,14,5,2.0,0.0,7.0,15.0,0.8,1.2,8.2,13.6,Nott'm Forest,1,2,5,14,3.0,1.0,12.0,17.0,1.2,2.0,9.6,17.2,0.6024096385542169,0.2577319587628866,0.18181818181818182,0.5781505683973254,0.2473530782318454,0.1744963533708291,1.9818047834238215,0.7708421383443327,0.40365421502649623,0.2473530782318454,3.313253012048193,2.3373493975903616,0.7054545454545454,H,3,20,2
2022_23,2023-04-29,Brighton,Wolves,6,0,H,4,0,H,22,10,8,2,2,5,14,11,1,1,0,0,1.51,4.37,6.69,1518.21565964157,1478.7162971335038,39.49936250806627,Brighton,6,0,22,10,1.0,3.0,17.0,12.0,1.8,1.8,21.8,10.0,Wolves,0,6,10,22,2.0,0.0,9.0,14.0,1.4,0.6,10.6,13.8,0.6622516556291391,0.22883295194508008,0.14947683109118085,0.6364368609301222,0.2199129656760834,0.14365017339379438,2.12922354846645,0.6508634858574666,0.4927866875363278,0.2199129656760834,4.430463576158941,2.8940397350993377,0.6532137518684603,H,4,26,2
2022_23,2023-04-30,Bournemouth,Leeds,4,1,H,2,1,H,12,15,7,6,2,6,12,14,1,0,0,0,2.61,3.5,2.68,1476.9989250510087,1460.504489527966,16.49443552304274,Bournemouth,4,1,12,15,1.0,0.0,16.0,11.0,1.0,1.6,14.4,16.6,Leeds,1,4,15,12,1.0,1.0,13.0,15.0,1.2,3.0,13.6,13.8,0.3831417624521073,0.2857142857142857,0.3731343283582089,0.36770182439689847,0.27420050333597284,0.3580976722671287,1.3773059765266682,1.348493520137359,0.009604152129769783,0.27420050333597284,1.0268199233716475,1.3409961685823755,1.3059701492537312,H,2,13,2
2022_23,2023-04-30,Fulham,Man City,1,2,A,1,2,A,4,12,1,9,2,5,9,10,1,3,0,0,11.95,6.23,1.25,1498.6965741507745,1571.5852784881426,-72.88870433736815,Fulham,1,2,4,12,0.0,1.0,1.0,14.0,1.2,1.2,12.0,12.0,Man City,2,1,12,4,4.0,1.0,14.0,8.0,3.2,0.8,14.0,6.0,0.08368200836820085,0.16051364365971107,0.8,0.08014016166959101,0.15371989276911915,0.76613994556129,0.3941403777778922,2.452139729452989,-0.6859997838916989,0.15371989276911915,0.10460251046025106,0.5213389121338913,4.984,A,10,17,0
2022_23,2023-04-30,Man United,Aston Villa,1,0,H,1,0,H,14,7,6,1,1,4,16,7,2,0,0,0,1.78,3.94,4.35,1542.3235150480393,1522.413586852544,19.90992819549524,Man United,1,0,14,7,2.0,2.0,17.0,18.0,1.4,0.8,18.4,13.4,Aston Villa,0,1,7,14,1.0,0.0,14.0,1.0,1.8,0.4,13.4,6.0,0.5617977528089888,0.25380710659898476,0.2298850574712644,0.5373535829842735,0.24276380144974788,0.2198826155659786,1.8548245504025684,0.9024116481476837,0.3174709674182949,0.24276380144974788,2.4438202247191008,2.2134831460674156,0.9057471264367817,H,18,1,2
2022_23,2023-04-30,Newcastle,Southampton,3,1,H,0,1,A,22,4,5,3,11,2,7,10,1,4,0,0,1.32,5.46,9.9,1551.282231029909,1442.8257056640834,108.45652536582566,Newcastle,3,1,22,4,4.0,1.0,15.0,13.0,3.4,1.4,14.6,11.8,Southampton,1,3,4,22,0.0,1.0,11.0,16.0,0.8,2.2,8.6,15.0,0.7575757575757576,0.18315018315018314,0.10101010101010101,0.727224294086308,0.17581246670218434,0.09696323921150772,2.3574853489611085,0.4667021843367075,0.6302610548748002,0.17581246670218434,7.5,4.136363636363636,0.5515151515151515,H,19,22,2
2022_23,2023-04-30,Liverpool,Tottenham,4,3,H,3,1,H,12,10,4,7,5,2,12,6,3,2,0,0,1.54,4.69,5.68,1525.477948150745,1515.3142389230213,10.163709227723757,Liverpool,4,3,12,10,2.0,1.0,20.0,7.0,2.6,1.2,15.8,10.4,Tottenham,3,4,10,12,2.0,2.0,18.0,17.0,1.6,2.6,14.0,16.0,0.6493506493506493,0.21321961620469082,0.17605633802816903,0.6252012485625102,0.2052899622145556,0.16950878922293414,2.0808937079020864,0.713816329883358,0.45569245933957614,0.2052899622145556,3.688311688311688,3.045454545454546,0.8257042253521127,H,15,24,2
2022_23,2023-05-01,Leicester,Everton,2,2,D,2,1,H,15,23,6,8,2,9,10,12,4,1,0,0,2.04,3.45,3.79,1456.831229223097,1458.8078557075987,-1.9766264845018213,Leicester,2,2,15,23,1.0,1.0,15.0,13.0,1.0,1.6,12.6,15.0,Everton,2,2,23,15,1.0,4.0,13.0,15.0,0.6,2.0,13.6,17.0,0.49019607843137253,0.2898550724637681,0.2638522427440633,0.46957992609112553,0.27766465194953516,0.25275542195933937,1.6864044302229118,1.0359309178275533,0.21682450413178617,0.27766465194953516,1.857843137254902,1.6911764705882353,0.9102902374670185,D,14,9,1
2022_23,2023-05-02,Arsenal,Chelsea,3,1,H,3,0,H,16,7,10,4,7,2,10,10,0,2,0,0,1.59,4.22,5.75,1567.6897104162633,1481.9912102406372,85.69850017562612,Arsenal,3,1,16,7,1.0,4.0,8.0,14.0,2.4,2.4,13.2,13.2,Chelsea,1,3,7,16,0.0,2.0,15.0,7.0,0.2,1.4,15.0,10.8,0.6289308176100629,0.23696682464454977,0.17391304347826086,0.6048512736400505,0.22789420025774418,0.1672545261022053,2.0424480211778957,0.7296577785643601,0.4375967475378453,0.22789420025774418,3.6163522012578615,2.6540880503144653,0.7339130434782608,H,0,6,2
2022_23,2023-05-03,Liverpool,Fulham,1,0,H,1,0,H,15,9,3,3,7,5,10,8,0,0,0,0,1.26,6.39,10.73,1528.9577051777017,1494.233987906101,34.72371727160066,Liverpool,1,0,15,9,4.0,3.0,12.0,10.0,3.4,1.8,16.8,10.0,Fulham,0,1,9,15,1.0,2.0,4.0,12.0,1.2,1.2,10.8,12.0,0.7936507936507936,0.1564945226917058,0.09319664492078285,0.7606813711295942,0.14999350980020168,0.08932511907020398,2.4320376231889846,0.4179688670108136,0.6713562520593902,0.14999350980020168,8.515873015873016,5.071428571428571,0.5955265610438024,H,15,10,2
2022_23,2023-05-03,Man City,West Ham,3,0,H,0,0,D,16,6,7,2,6,3,8,8,0,1,0,0,1.2,7.21,13.79,1576.0478647328162,1471.6577504319005,104.39011430091568,Man City,3,0,16,6,2.0,1.0,12.0,4.0,3.4,1.0,13.6,6.0,West Ham,0,3,6,16,3.0,4.0,8.0,16.0,2.2,1.6,11.6,16.0,0.8333333333333334,0.13869625520110956,0.07251631617113852,0.7977948403983443,0.13278138813842066,0.06942377146323518,2.526165909333453,0.3410527025281262,0.7283710689351091,0.13278138813842066,11.491666666666667,6.008333333333334,0.5228426395939086,H,17,25,2
2022_23,2023-05-04,Brighton,Man United,1,0,H,0,0,D,22,16,6,5,8,6,10,14,4,4,0,0,2.03,3.82,3.5,1521.3425831187658,1545.6843150894535,-24.34173197068776,Brighton,1,0,22,16,6.0,0.0,22.0,10.0,2.4,1.2,19.6,10.6,Man United,0,1,16,22,1.0,0.0,14.0,7.0,1.6,0.4,20.0,10.4,0.4926108374384237,0.2617801047120419,0.2857142857142857,0.4736163459631027,0.25168617337829796,0.2746974806585995,1.6725352112676062,1.0757786153540965,0.1989188653045032,0.25168617337829796,1.7241379310344829,1.8817733990147785,1.0914285714285714,H,4,18,2
2022_23,2023-05-06,Bournemouth,Chelsea,1,3,A,1,1,D,10,11,4,5,7,7,9,11,1,3,0,0,3.42,3.47,2.17,1480.4012295602993,1479.382856536302,1.0183730239973556,Bournemouth,1,3,10,11,4.0,1.0,12.0,15.0,1.8,1.4,14.0,16.4,Chelsea,3,1,11,10,1.0,3.0,7.0,16.0,0.4,1.6,11.0,13.0,0.29239766081871343,0.2881844380403458,0.4608294930875576,0.2807705071461331,0.27672482260512254,0.44250467024874435,1.119036344043522,1.6042388333513555,-0.16173416310261124,0.27672482260512254,0.6345029239766081,1.0146198830409356,1.599078341013825,A,2,6,0
2022_23,2023-05-06,Man City,Leeds,2,1,H,2,0,H,18,4,6,2,10,1,3,16,0,3,0,0,1.17,8.41,15.94,1578.4614953155549,1457.1021850186753,121.35931029687958,Man City,2,1,18,4,3.0,0.0,16.0,6.0,3.2,0.8,13.4,6.4,Leeds,1,2,4,18,1.0,4.0,15.0,12.0,1.0,3.6,12.4,13.6,0.8547008547008548,0.11890606420927467,0.06273525721455459,0.8247284288833424,0.1147362974784198,0.0605352736382378,2.588921584128447,0.29634211839313324,0.7641931552451046,0.1147362974784198,13.623931623931623,7.188034188034188,0.527603513174404,H,17,13,2
2022_23,2023-05-06,Tottenham,Crystal Palace,1,0,H,1,0,H,8,7,3,2,8,4,15,14,3,5,0,0,1.82,3.92,4.21,1511.8344818960647,1485.7733849856477,26.061096910417064,Tottenham,1,0,8,7,3.0,4.0,10.0,12.0,2.0,3.2,14.4,15.4,Crystal Palace,0,1,7,8,4.0,3.0,16.0,8.0,2.2,1.2,13.4,9.8,0.5494505494505494,0.25510204081632654,0.23752969121140144,0.5272621550297446,0.24480028626381004,0.22793755870644544,1.826586751353044,0.9286129623831464,0.29932459632329916,0.24480028626381004,2.313186813186813,2.1538461538461537,0.9311163895486936,H,24,8,2
2022_23,2023-05-06,Wolves,Aston Villa,1,0,H,1,0,H,6,16,2,3,5,6,20,9,3,3,0,0,2.98,3.26,2.51,1475.589373656308,1519.0527868111299,-43.463413154821865,Wolves,1,0,6,16,0.0,6.0,10.0,22.0,1.2,1.6,11.0,14.8,Aston Villa,0,1,16,6,0.0,1.0,7.0,14.0,1.4,0.4,11.8,7.0,0.33557046979865773,0.3067484662576687,0.39840637450199207,0.3224390397679807,0.2947448891130621,0.3828160711189572,1.2620620084170042,1.4431931024699338,-0.060377031350976496,0.2947448891130621,0.8422818791946308,1.093959731543624,1.298804780876494,H,26,1,2
2022_23,2023-05-06,Liverpool,Brentford,1,0,H,1,0,H,15,5,5,1,7,3,19,10,4,2,0,0,1.48,4.91,6.16,1532.1409568716692,1514.122200621699,18.018756249970238,Liverpool,1,0,15,5,1.0,0.0,15.0,9.0,3.2,1.4,15.6,10.0,Brentford,0,1,5,15,2.0,1.0,14.0,5.0,1.2,1.2,9.8,11.0,0.6756756756756757,0.20366598778004072,0.16233766233766234,0.6486407658720287,0.1955169721976787,0.1558422619302926,2.1414392698137648,0.6630437579885565,0.4927985039417361,0.1955169721976787,4.162162162162162,3.3175675675675675,0.797077922077922,H,15,3,2
2022_23,2023-05-07,Newcastle,Arsenal,0,2,A,0,1,A,12,10,5,6,9,4,16,12,2,1,0,0,2.49,3.73,2.71,1553.654739887702,1570.2980641205986,-16.643324232896703,Newcastle,0,2,12,10,3.0,1.0,22.0,4.0,3.0,1.4,16.0,11.2,Arsenal,2,0,10,12,3.0,1.0,16.0,7.0,2.2,2.4,13.8,13.2,0.4016064257028112,0.2680965147453083,0.36900369003690037,0.38664086077440624,0.2581060974070433,0.35525304181855044,1.418028679730262,1.3238652228626946,0.031387818955855795,0.2581060974070433,1.0883534136546185,1.497991967871486,1.3763837638376384,A,19,0,0
2022_23,2023-05-07,West Ham,Man United,1,0,H,1,0,H,15,19,4,4,5,6,4,9,0,2,0,0,3.43,3.74,2.08,1469.2441198491617,1541.7723019183054,-72.52818206914367,West Ham,1,0,15,19,0.0,3.0,6.0,16.0,2.0,2.2,11.0,16.0,Man United,0,1,19,15,0.0,1.0,16.0,22.0,1.4,0.6,19.6,13.6,0.29154518950437314,0.267379679144385,0.4807692307692307,0.2804143927214528,0.2571714885119206,0.4624141187666265,1.098414666676279,1.6444138448118002,-0.18199972604517373,0.2571714885119206,0.6064139941690962,1.0903790087463556,1.7980769230769231,H,25,18,2
2022_23,2023-05-08,Fulham,Leicester,5,3,H,3,0,H,17,18,7,9,2,7,13,15,0,3,0,0,2.67,3.53,2.6,1491.0507362121334,1455.9612752391754,35.08946097295802,Fulham,5,3,17,18,0.0,1.0,9.0,15.0,1.2,1.2,9.4,13.2,Leicester,3,5,18,17,2.0,2.0,15.0,23.0,1.2,1.6,13.8,16.6,0.37453183520599254,0.28328611898017,0.3846153846153846,0.35928612532344756,0.27175466136362747,0.3689592133129249,1.34961303733397,1.3786323013024022,-0.009673087989477358,0.27175466136362747,0.9737827715355806,1.3220973782771535,1.3576923076923075,H,10,14,2
2022_23,2023-05-08,Brighton,Everton,1,5,A,0,3,A,23,10,5,5,15,1,11,13,1,5,0,0,1.35,5.3,8.47,1525.254596289914,1459.6778096915202,65.57678659839371,Brighton,1,5,23,10,1.0,0.0,22.0,16.0,2.2,1.2,20.8,11.0,Everton,5,1,10,23,2.0,2.0,23.0,15.0,0.8,2.2,15.2,18.4,0.7407407407407407,0.18867924528301888,0.11806375442739078,0.7071620418868787,0.18012618048062007,0.11271177763250131,2.3016123061412563,0.5182615133781241,0.5944502642543774,0.18012618048062007,6.274074074074074,3.9259259259259256,0.6257378984651711,A,4,9,0
2022_23,2023-05-08,Nott'm Forest,Southampton,4,3,H,3,1,H,9,19,4,5,2,11,16,10,1,0,0,0,2.13,3.52,3.46,1458.7722087118489,1440.4531968062906,18.319011905558227,Nott'm Forest,4,3,9,19,1.0,2.0,5.0,14.0,1.2,2.0,8.0,15.8,Southampton,3,4,19,9,1.0,3.0,4.0,22.0,1.0,2.6,7.6,17.0,0.4694835680751174,0.2840909090909091,0.28901734104046245,0.4503042896334475,0.27248526617023955,0.2772104441963131,1.623398135070582,1.1041165987591788,0.1730938454371344,0.27248526617023955,1.6244131455399062,1.6525821596244132,1.0173410404624277,H,20,22,2
2022_23,2023-05-13,Crystal Palace,Bournemouth,2,0,H,1,0,H,17,5,5,0,11,2,5,12,0,2,0,0,1.88,3.7,4.18,1482.4868088272447,1474.9939970490211,7.49281177822354,Crystal Palace,2,0,17,5,0.0,1.0,7.0,8.0,1.2,1.2,11.6,9.2,Bournemouth,0,2,5,17,1.0,3.0,10.0,11.0,1.8,2.0,12.2,15.8,0.5319148936170213,0.27027027027027023,0.23923444976076558,0.5107594351461672,0.2595210102904849,0.22971955456334792,1.7917993157289862,0.9486796739805287,0.28103988058281926,0.2595210102904849,2.223404255319149,1.968085106382979,0.8851674641148326,H,8,2,2
2022_23,2023-05-13,Southampton,Fulham,0,2,A,0,0,D,5,9,1,4,1,8,17,12,2,0,0,0,2.82,3.44,2.51,1437.0730894724375,1494.2296577118502,-57.15656823941276,Southampton,0,2,5,9,3.0,4.0,19.0,9.0,1.4,2.6,10.6,16.2,Fulham,2,0,9,5,5.0,3.0,17.0,18.0,1.6,1.6,8.6,13.8,0.3546099290780142,0.29069767441860467,0.39840637450199207,0.339757765588233,0.2785223543484933,0.38171988006327373,1.2977956511131925,1.4236819945383146,-0.041962114475040724,0.2785223543484933,0.8900709219858156,1.2198581560283688,1.3705179282868527,A,22,10,0
2022_23,2023-05-13,Man United,Wolves,2,0,H,1,0,H,27,5,9,0,11,7,9,9,3,2,0,0,1.38,5.1,8.37,1537.239557378058,1479.7463374850474,57.49321989301052,Man United,2,0,27,5,0.0,1.0,19.0,15.0,1.0,0.8,17.6,13.6,Wolves,0,2,5,27,1.0,0.0,6.0,16.0,1.2,1.6,10.4,15.4,0.7246376811594204,0.19607843137254904,0.11947431302270013,0.6966394453909877,0.1885024381646202,0.11485811644439223,2.2784207743375835,0.5330767874977969,0.5817813289465954,0.1885024381646202,6.065217391304348,3.6956521739130435,0.6093189964157706,H,18,26,2
2022_23,2023-05-13,Leeds,Newcastle,2,2,D,1,1,D,9,18,4,5,2,6,16,14,3,2,1,0,4.62,4.2,1.71,1454.8571433788,1548.4690441956275,-93.61190081682753,Leeds,2,2,9,18,1.0,2.0,4.0,18.0,1.0,3.0,11.0,14.0,Newcastle,2,2,18,9,0.0,2.0,12.0,10.0,2.6,1.6,16.4,10.8,0.21645021645021645,0.23809523809523808,0.5847953216374269,0.2082572159298502,0.2290829375228352,0.5626598465473145,0.8538545853123858,1.9170624771647786,-0.3544026306174643,0.2290829375228352,0.3701298701298701,0.9090909090909091,2.456140350877193,D,13,19,1
2022_23,2023-05-13,Chelsea,Nott'm Forest,2,2,D,0,1,A,14,11,6,2,2,5,13,15,3,1,0,0,1.51,4.4,6.68,1484.79008904758,1462.152316045702,22.63777300187803,Chelsea,2,2,14,11,3.0,1.0,11.0,10.0,1.0,1.8,10.8,13.6,Nott'm Forest,2,2,11,14,4.0,3.0,9.0,19.0,2.0,2.2,8.6,18.0,0.6622516556291391,0.22727272727272727,0.14970059880239522,0.6372553270833514,0.21869444179451375,0.14405023112213483,2.130460423044568,0.6508451351609182,0.4932050959612166,0.21869444179451375,4.4238410596026485,2.913907284768212,0.658682634730539,D,6,20,1
2022_23,2023-05-13,Aston Villa,Tottenham,2,1,H,1,0,H,8,5,4,2,8,3,9,14,3,3,0,0,2.3,3.6,3.03,1514.8958229823904,1515.1210580544678,-0.22523507207733928,Aston Villa,2,1,8,5,0.0,1.0,16.0,6.0,1.0,0.6,13.4,7.0,Tottenham,1,2,5,8,1.0,0.0,8.0,7.0,1.8,3.0,14.2,13.4,0.4347826086956522,0.2777777777777778,0.33003300330033003,0.41702030049317584,0.26642963642619566,0.3165500630806285,1.517490537905723,1.2160798256680811,0.10047023741254735,0.26642963642619566,1.317391304347826,1.565217391304348,1.1881188118811883,H,1,24,2
2022_23,2023-05-14,Brentford,West Ham,2,0,H,2,0,H,24,4,10,4,7,5,5,5,1,0,0,0,2.05,3.56,3.66,1510.7384444362303,1473.7768643894092,36.961580046821155,Brentford,2,0,24,4,0.0,1.0,5.0,15.0,1.0,1.0,8.4,12.0,West Ham,0,2,4,24,1.0,0.0,15.0,19.0,1.8,1.8,10.8,17.6,0.48780487804878053,0.2808988764044944,0.27322404371584696,0.46817531781564187,0.26959533750619824,0.26222934467816,1.6741212909531238,1.0562833715406783,0.20594597313748186,0.26959533750619824,1.7853658536585368,1.7365853658536587,0.9726775956284153,H,3,25,2
2022_23,2023-05-14,Everton,Man City,0,3,A,0,2,A,7,9,3,4,8,6,12,4,1,0,0,0,8.86,5.21,1.36,1465.8497893919507,1580.7065369554302,-114.85674756347953,Everton,0,3,7,9,5.0,1.0,10.0,23.0,1.8,2.0,14.2,17.2,Man City,3,0,9,7,2.0,1.0,18.0,4.0,2.8,0.8,14.4,6.4,0.11286681715575622,0.19193857965451055,0.7352941176470588,0.10851540221576275,0.18453866864331245,0.7069459291409248,0.5100848752906008,2.305376456066087,-0.5984305269251621,0.18453866864331245,0.15349887133182846,0.5880361173814899,3.830882352941176,A,9,17,0
2022_23,2023-05-14,Arsenal,Brighton,0,3,A,0,0,D,14,12,2,6,5,2,13,17,1,2,0,0,1.77,4.19,4.21,1575.483759812673,1519.0826165894835,56.40114322318959,Arsenal,0,3,14,12,2.0,0.0,10.0,12.0,2.2,2.0,14.0,11.4,Brighton,3,0,12,14,1.0,5.0,23.0,10.0,2.2,1.8,22.0,11.2,0.5649717514124294,0.2386634844868735,0.23752969121140144,0.5426342519818259,0.22922735704244196,0.22813839097573205,1.8571301129879196,0.913642529969638,0.31449586100609384,0.22922735704244196,2.378531073446328,2.367231638418079,0.9952494061757721,A,0,4,0
2022_23,2023-05-15,Leicester,Liverpool,0,3,A,0,2,A,4,16,4,5,4,4,11,17,2,1,0,0,5.11,4.59,1.59,1452.7823537394586,1535.524713057138,-82.7423593176793,Leicester,0,3,4,16,3.0,5.0,18.0,17.0,1.8,2.4,14.6,16.2,Liverpool,3,0,16,4,1.0,0.0,15.0,5.0,2.2,1.2,16.0,8.4,0.19569471624266144,0.2178649237472767,0.6289308176100629,0.18771847244835757,0.20898505320503424,0.6032964743466083,0.7721404705501069,2.018874476244859,-0.41557800189825067,0.20898505320503424,0.3111545988258317,0.8982387475538159,2.8867924528301883,A,14,15,0
2022_23,2023-05-18,Newcastle,Brighton,4,1,H,2,0,H,22,8,9,2,6,1,17,16,2,4,0,0,2.02,3.86,3.49,1548.163691843299,1525.1511684765128,23.012523366786127,Newcastle,4,1,22,8,2.0,2.0,18.0,9.0,3.0,1.4,18.4,9.4,Brighton,1,4,8,22,3.0,0.0,12.0,14.0,2.4,1.6,19.2,12.4,0.49504950495049505,0.2590673575129534,0.28653295128939826,0.4757119046273801,0.24894768065992434,0.27534041471269566,1.6760833945420646,1.0749689247980112,0.20037148991468445,0.24894768065992434,1.7277227722772277,1.9108910891089108,1.1060171919770772,H,19,4,2
2022_23,2023-05-20,Wolves,Everton,1,1,D,1,0,H,13,19,5,4,1,7,18,10,5,1,0,0,2.77,3.35,2.63,1476.8273017960842,1461.9275690765664,14.899732719517715,Wolves,1,1,13,19,0.0,2.0,5.0,27.0,0.8,2.0,9.2,18.8,Everton,1,1,19,13,0.0,3.0,7.0,9.0,1.6,2.0,12.6,14.8,0.36101083032490977,0.29850746268656714,0.3802281368821293,0.3472104543430371,0.28709640553140675,0.3656931401255562,1.328727768560518,1.3841758259080752,-0.018482685782519104,0.28709640553140675,0.9494584837545126,1.2093862815884477,1.2737642585551332,D,26,9,1
2022_23,2023-05-20,Nott'm Forest,Arsenal,1,0,H,1,0,H,6,11,2,3,3,6,11,12,3,2,0,0,5.37,4.45,1.59,1463.3245165980666,1569.4152079256437,-106.09069132757713,Nott'm Forest,1,0,6,11,2.0,2.0,11.0,14.0,2.4,2.2,9.6,16.4,Arsenal,0,1,11,6,0.0,3.0,14.0,12.0,1.8,2.2,14.6,10.6,0.186219739292365,0.2247191011235955,0.6289308176100629,0.17907988549821185,0.21610314272480846,0.6048169717769797,0.753342799219444,2.0305540580557473,-0.42573708627876783,0.21610314272480846,0.29608938547486036,0.8286778398510243,2.79874213836478,H,20,0,2
2022_23,2023-05-20,Liverpool,Aston Villa,1,1,D,0,1,A,10,6,5,3,9,4,16,13,3,5,0,0,1.49,4.86,6.16,1539.8597474527862,1518.5040541400374,21.355693312748826,Liverpool,1,1,10,6,3.0,0.0,16.0,4.0,2.2,0.8,15.6,7.0,Aston Villa,1,1,6,10,2.0,1.0,8.0,5.0,0.8,0.8,11.8,6.4,0.6711409395973155,0.20576131687242796,0.16233766233766234,0.6457998075819611,0.1979921220775971,0.15620807034044187,2.1353915448234804,0.6666163330989228,0.4895917372415192,0.1979921220775971,4.134228187919463,3.2617449664429534,0.788961038961039,D,15,1,1
2022_23,2023-05-20,Bournemouth,Man United,0,1,A,0,1,A,10,20,4,5,3,6,6,7,1,0,0,0,6.06,4.77,1.51,1471.4813679908716,1540.1585930670212,-68.67722507614963,Bournemouth,0,1,10,20,0.0,2.0,5.0,17.0,1.2,2.0,12.0,14.4,Man United,1,0,20,10,2.0,0.0,27.0,5.0,1.0,0.8,18.6,13.4,0.16501650165016502,0.20964360587002098,0.6622516556291391,0.15914227952142646,0.20218075763099463,0.638676962847579,0.679607596195274,2.118211646173732,-0.47953468332615257,0.20218075763099463,0.2491749174917492,0.7871287128712872,3.158940397350993,A,2,18,0
2022_23,2023-05-20,Tottenham,Brentford,1,3,A,1,0,H,22,11,8,4,8,2,11,9,1,1,0,0,1.85,3.88,4.13,1511.5128268968208,1513.895243178523,-2.3824162817022625,Tottenham,1,3,22,11,1.0,2.0,5.0,8.0,1.6,2.8,10.4,13.8,Brentford,3,1,11,22,2.0,0.0,24.0,4.0,1.4,0.6,11.2,10.6,0.5405405405405405,0.2577319587628866,0.24213075060532688,0.5195490696400142,0.24772313887474914,0.23272779148523645,1.8063703477947919,0.9459065133304585,0.28682127815477776,0.24772313887474914,2.2324324324324323,2.097297297297297,0.9394673123486683,A,24,3,0
2022_23,2023-05-20,Fulham,Crystal Palace,2,2,D,1,1,D,11,11,4,5,7,4,13,12,3,0,0,0,2.45,3.4,2.97,1498.8959306373915,1485.9994378853942,12.896492751997357,Fulham,2,2,11,11,2.0,0.0,9.0,5.0,1.6,1.4,8.0,12.8,Crystal Palace,2,2,11,11,2.0,0.0,17.0,5.0,1.2,1.2,13.2,8.0,0.4081632653061224,0.29411764705882354,0.33670033670033667,0.39284950106012567,0.2830827287050906,0.3240677702347838,1.4616312318854676,1.2552860394094418,0.06878173082534189,0.2830827287050906,1.2122448979591838,1.387755102040816,1.1447811447811447,D,10,8,1
2022_23,2023-05-21,West Ham,Leeds,3,1,H,1,1,D,19,12,9,3,9,5,6,11,1,3,0,0,2.45,3.56,2.84,1470.6200656471165,1455.1624957311285,15.45756991598796,West Ham,3,1,19,12,0.0,2.0,4.0,24.0,1.0,2.2,8.0,19.0,Leeds,1,3,12,19,2.0,2.0,9.0,18.0,1.2,2.2,10.2,15.0,0.4081632653061224,0.2808988764044944,0.35211267605633806,0.39202183758297654,0.2697903095725541,0.3381878528444693,1.4458558223214837,1.284353868105962,0.05383398473850726,0.2697903095725541,1.1591836734693877,1.4530612244897958,1.2535211267605635,H,25,13,2
2022_23,2023-05-21,Brighton,Southampton,3,1,H,2,0,H,26,5,8,1,4,3,8,9,2,5,0,0,1.23,6.91,12.43,1521.8278921873232,1432.4068165468962,89.42107564042703,Brighton,3,1,26,5,1.0,4.0,8.0,22.0,2.4,1.8,17.4,14.4,Southampton,1,3,5,26,0.0,2.0,5.0,9.0,1.4,2.6,9.4,16.2,0.8130081300813008,0.1447178002894356,0.08045052292839903,0.7831117027338746,0.1393961496906897,0.07749214757543571,2.4887312578923138,0.37187259241699683,0.705619555158439,0.1393961496906897,10.105691056910569,5.617886178861789,0.5559131134352373,H,4,22,2
2022_23,2023-05-21,Man City,Chelsea,1,0,H,1,0,H,15,13,2,6,5,2,12,9,0,2,0,0,1.26,6.41,11.48,1584.6287572708145,1483.6178884952155,101.01086877559896,Man City,1,0,15,13,3.0,0.0,9.0,7.0,2.8,0.6,13.8,5.8,Chelsea,0,1,13,15,2.0,2.0,14.0,11.0,1.4,2.0,11.0,14.0,0.7936507936507936,0.15600624024961,0.08710801393728222,0.765506895999301,0.1504740544398002,0.08401904956089888,2.4469947424377034,0.4025312031224968,0.6814878464384021,0.1504740544398002,9.11111111111111,5.087301587301587,0.5583623693379791,H,17,6,2
2022_23,2023-05-22,Newcastle,Leicester,0,0,D,0,0,D,23,1,4,1,12,1,9,5,2,0,0,0,1.38,5.39,7.66,1551.4869681324885,1448.4473193438102,103.03964878867828,Newcastle,0,0,23,1,4.0,1.0,22.0,8.0,2.6,1.4,17.8,8.8,Leicester,0,0,1,23,0.0,3.0,4.0,16.0,1.6,2.4,13.4,17.0,0.7246376811594204,0.1855287569573284,0.13054830287206265,0.6962884761975432,0.17827051895224666,0.1254410048502101,2.267135947544876,0.5545935335028769,0.570847471347333,0.17827051895224666,5.55072463768116,3.9057971014492754,0.7036553524804177,D,19,14,1
2022_23,2023-05-24,Brighton,Man City,1,1,D,1,1,D,20,13,7,4,5,1,16,11,2,1,0,0,3.97,4.22,1.81,1524.3967303709574,1587.0769021421033,-62.68017177114598,Brighton,1,1,20,13,3.0,1.0,26.0,5.0,1.8,2.0,18.2,13.4,Man City,1,1,13,20,1.0,0.0,15.0,13.0,2.2,0.4,14.0,6.8,0.2518891687657431,0.23696682464454977,0.5524861878453039,0.24188895187365608,0.22755903766313143,0.5305520104632125,0.9532258932840997,1.8192150690527689,-0.28866305858955643,0.22755903766313143,0.45591939546599497,1.0629722921914357,2.331491712707182,D,4,17,1
2022_23,2023-05-25,Man United,Chelsea,4,1,H,2,0,H,18,14,9,5,3,4,12,6,1,1,0,0,1.63,4.35,5.12,1544.6757256194849,1481.1697436239267,63.50598199555816,Man United,4,1,18,14,1.0,0.0,20.0,10.0,0.8,0.4,19.2,11.8,Chelsea,1,4,14,18,0.0,1.0,13.0,15.0,1.2,1.8,12.0,11.8,0.6134969325153374,0.2298850574712644,0.1953125,0.5906423288365098,0.2213211485065543,0.18803652265693574,1.9932481350160836,0.7854307164773615,0.4026058061795741,0.2213211485065543,3.1411042944785277,2.668711656441718,0.8496093749999999,H,18,6,2
2022_23,2023-05-28,Brentford,Man City,1,0,H,0,0,D,11,17,4,3,3,4,12,8,4,0,0,0,3.88,4.01,1.87,1519.2601366455388,1587.171694833809,-67.91155818827019,Brentford,1,0,11,17,3.0,1.0,11.0,22.0,1.8,0.6,12.2,12.2,Man City,0,1,17,11,1.0,1.0,13.0,20.0,2.0,0.4,14.2,10.0,0.2577319587628866,0.24937655860349128,0.53475935828877,0.24737489732162007,0.23935526224635556,0.5132698404320244,0.9814799542112158,1.7791647835424287,-0.2658949431104043,0.23935526224635556,0.481958762886598,1.0335051546391751,2.1443850267379676,H,3,17,2
2022_23,2023-05-28,Man United,Fulham,2,1,H,1,1,D,21,10,8,3,5,4,14,10,1,2,0,0,1.53,4.59,5.76,1547.5269154368589,1497.842172387652,49.68474304920687,Man United,2,1,21,10,4.0,1.0,18.0,14.0,1.4,0.6,20.0,13.2,Fulham,1,2,10,21,2.0,2.0,11.0,11.0,2.0,1.6,10.0,12.2,0.6535947712418301,0.2178649237472767,0.1736111111111111,0.6254071661237786,0.20846905537459284,0.16612377850162866,2.0846905537459284,0.7068403908794788,0.45928338762214993,0.20846905537459284,3.764705882352941,3.0,0.796875,H,18,10,2
2022_23,2023-05-28,Leicester,West Ham,2,1,H,1,0,H,13,16,4,3,3,5,8,10,1,1,0,0,1.94,3.92,3.65,1450.5199326794218,1474.0350097493738,-23.515077069951985,Leicester,2,1,13,16,0.0,0.0,1.0,23.0,1.2,2.2,10.6,18.4,West Ham,1,2,16,13,3.0,1.0,19.0,12.0,1.4,2.0,10.4,17.4,0.5154639175257733,0.25510204081632654,0.273972602739726,0.4934848139947161,0.24422462733411968,0.26229055867116413,1.724679069318268,1.0310963033476122,0.23119425532355198,0.24422462733411968,1.8814432989690721,2.020618556701031,1.073972602739726,H,14,25,2
2022_23,2023-05-28,Leeds,Tottenham,1,4,A,0,1,A,19,11,2,7,12,3,7,5,3,0,0,0,2.77,3.84,2.37,1451.7475516288712,1506.147933429805,-54.40038180093393,Leeds,1,4,19,11,1.0,3.0,12.0,19.0,1.2,2.4,10.6,16.4,Tottenham,4,1,11,19,1.0,3.0,22.0,11.0,1.6,2.2,12.6,11.0,0.36101083032490977,0.2604166666666667,0.42194092827004215,0.3460051325919589,0.24959224408326205,0.40440262332477894,1.287607641859139,1.4628001140575988,-0.05839749073282002,0.24959224408326205,0.8555956678700362,1.3862815884476534,1.620253164556962,A,13,24,0
2022_23,2023-05-28,Everton,Bournemouth,1,0,H,0,0,D,13,7,6,2,9,3,11,12,1,3,0,0,1.49,4.61,6.58,1463.005817287389,1466.964235438408,-3.958418151019032,Everton,1,0,13,7,1.0,1.0,19.0,13.0,1.8,2.2,14.4,15.0,Bournemouth,0,1,7,13,0.0,1.0,10.0,20.0,1.2,1.4,10.6,14.8,0.6711409395973155,0.21691973969631234,0.1519756838905775,0.6453052636953298,0.2085693802399222,0.14612535606474794,2.1444851713259117,0.646945448434166,0.49917990763058184,0.2085693802399222,4.416107382550336,3.0939597315436242,0.7006079027355624,H,9,2,2
2022_23,2023-05-28,Aston Villa,Brighton,2,1,H,2,1,H,12,8,5,4,4,3,15,16,4,4,0,0,2.04,3.88,3.37,1519.6607610824549,1524.3019376792518,-4.641176596796868,Aston Villa,2,1,12,8,1.0,1.0,6.0,10.0,0.8,0.8,10.2,7.2,Brighton,1,2,8,12,1.0,1.0,20.0,13.0,1.8,2.2,17.8,12.8,0.49019607843137253,0.2577319587628866,0.29673590504451036,0.469238056959118,0.2467127928341755,0.28404915020670646,1.6544269637115294,1.098860243454295,0.18518890675241156,0.2467127928341755,1.6519607843137256,1.9019607843137254,1.1513353115727003,H,1,4,2
2022_23,2023-05-28,Chelsea,Newcastle,1,1,D,1,1,D,22,13,5,4,10,3,9,11,0,0,0,0,2.87,3.64,2.38,1478.3185538065527,1549.414354796877,-71.09580099032428,Chelsea,1,1,22,13,1.0,4.0,14.0,18.0,1.4,2.2,11.8,14.0,Newcastle,1,1,13,22,0.0,0.0,23.0,1.0,1.8,1.2,19.4,6.4,0.3484320557491289,0.2747252747252747,0.42016806722689076,0.3339629769550434,0.2633169625991688,0.4027200604457877,1.265205893464299,1.4714771439365317,-0.06875708349074428,0.2633169625991688,0.8292682926829268,1.2682926829268293,1.5294117647058825,D,6,19,1
2022_23,2023-05-28,Southampton,Liverpool,4,4,D,2,2,D,15,30,10,8,2,9,4,10,0,2,0,0,6.74,5.2,1.42,1429.837978363262,1538.7030405103687,-108.86506214710676,Southampton,4,4,15,30,1.0,3.0,5.0,26.0,1.0,2.6,8.8,16.4,Liverpool,4,4,30,15,1.0,1.0,10.0,6.0,2.0,0.8,13.6,6.8,0.14836795252225518,0.1923076923076923,0.7042253521126761,0.14199235425784762,0.18404393609574865,0.6739637096464036,0.6100209988692915,2.20593506503496,-0.531971355388556,0.18404393609574865,0.21068249258160235,0.771513353115727,3.661971830985916,D,22,15,1
2022_23,2023-05-28,Arsenal,Wolves,5,0,H,3,0,H,14,6,8,0,8,4,8,11,0,0,0,0,1.37,5.33,7.87,1564.449433914979,1475.7490535852617,88.70038032971729,Arsenal,5,0,14,6,0.0,1.0,11.0,6.0,1.2,1.8,11.8,10.2,Wolves,0,5,6,14,1.0,1.0,13.0,19.0,0.8,1.8,8.6,19.6,0.7299270072992701,0.18761726078799248,0.12706480304955528,0.6987561447316474,0.1796052379516617,0.12163861731669084,2.2758736721466035,0.5445210899017342,0.5771175274149565,0.1796052379516617,5.744525547445255,3.890510948905109,0.6772554002541296,H,0,26,2
2022_23,2023-05-28,Crystal Palace,Nott'm Forest,1,1,D,0,1,A,16,7,4,4,5,4,9,13,0,2,0,0,1.69,4.15,4.77,1487.0531961351337,1468.2902906087313,18.762905526402392,Crystal Palace,1,1,16,7,2.0,2.0,11.0,11.0,1.6,1.6,13.0,8.2,Nott'm Forest,1,1,7,16,1.0,0.0,6.0,11.0,2.2,1.6,8.6,15.0,0.591715976331361,0.24096385542168672,0.20964360587002098,0.5676894090386374,0.2311795424759752,0.20113104848538726,1.9342477695918876,0.834572687932137,0.36655836055325014,0.2311795424759752,2.8224852071005917,2.4556213017751483,0.8700209643605872,D,8,20,1
2023_24,2023-08-11,Burnley,Man City,0,3,A,0,2,A,6,17,1,8,6,5,11,8,0,0,1,0,9.02,5.35,1.35,1500.0,1582.6987440923062,-82.69874409230624,Burnley,0,3,6,17,,,,,1.4,1.4,12.6,12.8,Man City,3,0,17,6,0.0,1.0,17.0,11.0,1.4,0.6,14.4,11.0,0.11086474501108648,0.1869158878504673,0.7407407407407407,0.10675249236954322,0.17998270676136072,0.713264800869096,0.5002401838699904,2.319777109368649,-0.6065123084995528,0.17998270676136072,0.14966740576496676,0.5931263858093127,3.9629629629629624,A,5,17,0
2023_24,2023-08-12,Sheffield United,Crystal Palace,0,1,A,0,0,D,8,24,1,8,5,5,18,11,3,0,0,0,3.12,3.24,2.41,1500.0,1485.92791193555,14.0720880644501,Sheffield United,0,1,8,24,,,,,1.4,1.4,12.6,12.8,Crystal Palace,1,0,24,8,1.0,1.0,16.0,7.0,1.8,1.4,13.4,7.8,0.3205128205128205,0.30864197530864196,0.41493775933609955,0.30697740246261257,0.2956078690380714,0.39741472849931586,1.2165400764259091,1.487852054536019,-0.09043732603670329,0.2956078690380714,0.7724358974358975,1.0384615384615385,1.3443983402489628,A,21,8,0
2023_24,2023-08-12,Everton,Fulham,0,1,A,0,0,D,19,9,9,2,10,4,12,6,0,2,0,0,2.24,3.43,3.3,1466.6605992388065,1494.8337937186877,-28.173194479881204,Everton,0,1,19,9,1.0,0.0,13.0,7.0,1.8,1.4,14.4,13.4,Fulham,1,0,9,19,1.0,2.0,10.0,21.0,2.0,1.6,11.2,14.0,0.4464285714285714,0.29154518950437314,0.30303030303030304,0.42884421577467774,0.2800615286691773,0.29109425555614493,1.5665941759932105,1.153344295337612,0.1377499602185328,0.2800615286691773,1.4732142857142856,1.53125,1.0393939393939395,A,9,10,0
2023_24,2023-08-12,Newcastle,Aston Villa,5,1,H,2,1,H,17,16,13,6,6,5,12,17,4,4,0,0,1.76,3.88,4.61,1549.4001619844212,1523.3240773148466,26.076084669574584,Newcastle,5,1,17,16,1.0,1.0,13.0,22.0,1.4,1.2,17.6,10.0,Aston Villa,1,5,16,17,2.0,1.0,12.0,8.0,1.0,1.0,9.8,8.6,0.5681818181818182,0.2577319587628866,0.21691973969631234,0.5448442240444482,0.2471458335871724,0.20800994236837933,1.881678505720517,0.8711756606923104,0.3368342816760689,0.2471458335871724,2.619318181818182,2.2045454545454546,0.8416485900216919,H,19,1,2
2023_24,2023-08-12,Bournemouth,West Ham,1,1,D,0,0,D,14,16,5,3,10,4,9,14,1,4,0,0,2.69,3.44,2.64,1463.3094534869904,1470.1335173573698,-6.824063870379405,Bournemouth,1,1,14,16,0.0,1.0,7.0,13.0,1.0,1.6,8.8,15.2,West Ham,1,1,16,14,1.0,2.0,16.0,13.0,1.0,1.6,12.0,16.8,0.3717472118959108,0.29069767441860467,0.3787878787878788,0.35702604101144797,0.279186061139766,0.363787897848786,1.35026418417411,1.370549754686124,-0.006761856837338043,0.279186061139766,0.9814126394052045,1.278810408921933,1.303030303030303,D,2,25,1
2023_24,2023-08-12,Arsenal,Nott'm Forest,2,1,H,2,0,H,15,6,7,2,8,3,12,12,2,2,0,0,1.18,7.64,15.67,1567.0258942439136,1469.4155748083151,97.61031943559851,Arsenal,2,1,15,6,5.0,0.0,14.0,6.0,2.0,1.0,13.0,8.6,Nott'm Forest,1,2,6,15,1.0,1.0,7.0,16.0,1.8,1.6,7.6,14.8,0.8474576271186441,0.13089005235602094,0.06381620931716656,0.8131711684052801,0.12559449983222912,0.06123433176249077,2.5651080050480695,0.3092974951197014,0.7519368366427894,0.12559449983222912,13.279661016949154,6.474576271186441,0.4875558391831525,H,0,20,2
2023_24,2023-08-12,Brighton,Luton,4,1,H,1,0,H,27,9,12,3,6,7,11,12,2,2,0,0,1.33,5.52,9.61,1520.63862144686,1500.0,20.638621446860043,Brighton,4,1,27,9,1.0,2.0,8.0,12.0,1.8,1.6,14.8,13.2,Luton,1,4,9,27,,,,,1.4,1.4,12.8,12.6,0.7518796992481203,0.1811594202898551,0.10405827263267431,0.7249846590342229,0.17467927473107187,0.10033606623470517,2.349633251833741,0.4756874734351874,0.6246485927995178,0.17467927473107187,7.2255639097744355,4.150375939849623,0.5744016649323621,H,4,16,2
2023_24,2023-08-13,Brentford,Tottenham,2,2,D,2,2,D,11,18,6,6,3,6,12,13,1,4,0,0,2.73,3.63,2.5,1523.7330873870415,1510.8498446639908,12.883242723050671,Brentford,2,2,11,18,1.0,0.0,11.0,17.0,1.6,0.6,13.0,12.6,Tottenham,2,2,18,11,4.0,1.0,11.0,19.0,2.0,2.0,11.2,11.4,0.3663003663003663,0.27548209366391185,0.4,0.3516092662118024,0.26443341508490925,0.38395731870328825,1.3192612137203164,1.416305371194774,-0.03234805249148587,0.26443341508490925,0.9157509157509157,1.3296703296703296,1.452,D,3,24,1
2023_24,2023-08-13,Chelsea,Liverpool,1,1,D,1,1,D,10,13,4,1,4,4,5,12,3,3,0,0,2.87,3.64,2.39,1478.3327466190085,1538.2017478176688,-59.86900119866027,Chelsea,1,1,10,13,1.0,1.0,22.0,13.0,1.4,1.8,14.8,13.4,Liverpool,1,1,13,10,4.0,4.0,30.0,15.0,2.0,1.0,17.2,7.8,0.3484320557491289,0.2747252747252747,0.41841004184100417,0.33452666146267934,0.2637614061532664,0.4017119323840543,1.2673413905413042,1.468897203305429,-0.06718527092137494,0.2637614061532664,0.8327526132404182,1.2682926829268293,1.5230125523012552,D,6,15,1
2023_24,2023-08-14,Man United,Wolves,1,0,H,0,0,D,15,23,3,6,8,7,14,10,2,3,0,0,1.31,5.65,9.85,1550.5352941058231,1473.172593256327,77.36270084949615,Man United,1,0,15,23,2.0,1.0,21.0,10.0,1.8,0.6,21.0,10.8,Wolves,0,1,23,15,0.0,5.0,6.0,14.0,0.4,2.8,8.0,19.6,0.7633587786259541,0.17699115044247787,0.10152284263959391,0.7326794589079418,0.16987789224237237,0.09744264884968568,2.367916268966198,0.4622058387914294,0.6352368100582562,0.16987789224237237,7.519083969465648,4.312977099236641,0.5736040609137056,H,18,26,2
2023_24,2023-08-18,Nott'm Forest,Sheffield United,2,1,H,1,0,H,16,7,4,3,6,7,5,9,2,3,0,0,1.95,3.43,4.25,1466.1046586176485,1492.5758157010362,-26.471157083387652,Nott'm Forest,2,1,16,7,1.0,2.0,6.0,15.0,1.8,1.6,7.8,15.0,Sheffield United,1,2,7,16,0.0,1.0,8.0,24.0,1.4,1.4,12.8,12.6,0.5128205128205129,0.29154518950437314,0.23529411764705882,0.49325798974740725,0.2804236384861353,0.22631837176645742,1.7601976077283572,0.9593787537855075,0.26693961798094984,0.2804236384861353,2.1794871794871797,1.7589743589743592,0.8070588235294118,H,20,21,2
2023_24,2023-08-19,Tottenham,Man United,2,0,H,0,0,D,17,22,6,6,5,6,9,8,1,3,0,0,2.84,3.75,2.37,1512.2546393891316,1554.132799711202,-41.87816032207047,Tottenham,2,0,17,22,2.0,2.0,18.0,11.0,1.8,1.6,12.8,11.2,Man United,0,2,22,17,1.0,0.0,15.0,23.0,2.0,0.4,20.2,12.4,0.35211267605633806,0.26666666666666666,0.42194092827004215,0.3383355603522116,0.25623279770674157,0.40543164194104675,1.2712394787633763,1.472527723529882,-0.06709608158883518,0.25623279770674157,0.8345070422535212,1.3204225352112677,1.5822784810126582,H,24,18,2
2023_24,2023-08-19,Liverpool,Bournemouth,3,1,H,2,1,H,26,13,10,5,10,2,11,13,1,3,1,0,1.23,6.86,11.82,1538.376654399106,1462.2303111573813,76.14634324172471,Liverpool,3,1,26,13,1.0,1.0,13.0,10.0,2.0,1.2,16.8,8.0,Bournemouth,1,3,13,26,1.0,1.0,14.0,16.0,0.4,1.6,9.2,15.4,0.8130081300813008,0.14577259475218657,0.08460236886632826,0.7792038561774949,0.13971147858576072,0.08108466523674439,2.4773230471182455,0.38296547429599387,0.6981191909407505,0.13971147858576072,9.609756097560975,5.5772357723577235,0.5803722504230119,H,15,2,2
2023_24,2023-08-19,Wolves,Brighton,1,4,A,0,1,A,16,16,5,8,5,3,14,11,3,6,1,0,4.0,3.81,1.89,1469.575087650948,1525.107916834977,-55.53282918402897,Wolves,1,4,16,16,0.0,1.0,23.0,15.0,0.4,1.8,10.6,18.2,Brighton,4,1,16,16,4.0,1.0,27.0,9.0,2.0,1.8,17.8,12.2,0.25,0.26246719160104987,0.5291005291005292,0.24002279931602052,0.2519924402267932,0.5079847604571863,0.9720608381748548,1.7759467215983522,-0.26796196114116577,0.2519924402267932,0.4725,0.9525,2.015873015873016,A,26,4,0
2023_24,2023-08-19,Fulham,Brentford,0,3,A,0,1,A,10,17,2,8,5,5,13,12,2,2,1,0,2.72,3.4,2.63,1501.5526476079187,1522.3282926619006,-20.77564505398186,Fulham,0,3,10,17,1.0,0.0,9.0,19.0,2.2,1.4,11.2,14.8,Brentford,3,0,17,10,2.0,2.0,11.0,18.0,1.6,0.8,12.4,15.2,0.3676470588235294,0.29411764705882354,0.3802281368821293,0.3528306949288972,0.2822645559431178,0.364904749127985,1.3407566407298095,1.3769788033270727,-0.012074054199087803,0.2822645559431178,0.9669117647058822,1.2499999999999998,1.2927756653992395,A,10,3,0
2023_24,2023-08-19,Man City,Newcastle,1,0,H,1,0,H,14,7,4,1,3,0,12,11,1,5,0,0,1.7,4.07,4.83,1588.4795421526621,1553.782023522062,34.69751863060014,Man City,1,0,14,7,3.0,0.0,17.0,6.0,1.6,0.4,14.2,11.4,Newcastle,0,1,7,14,5.0,1.0,17.0,16.0,2.4,1.0,18.6,11.2,0.5882352941176471,0.24570024570024568,0.20703933747412007,0.5650811628114213,0.23602898692368945,0.19888985026488945,1.9312724753579533,0.8326985377183578,0.3661913125465318,0.23602898692368945,2.8411764705882354,2.394117647058824,0.8426501035196687,H,17,19,2
2023_24,2023-08-20,Aston Villa,Everton,4,0,H,2,0,H,13,9,7,2,7,6,8,12,3,4,0,0,1.7,3.91,5.0,1518.9422157772058,1459.9417453495755,59.00047042763026,Aston Villa,4,0,13,9,1.0,5.0,16.0,17.0,1.2,1.8,11.6,9.2,Everton,0,4,9,13,0.0,1.0,19.0,9.0,1.4,1.2,13.6,12.2,0.5882352941176471,0.2557544757033248,0.2,0.5634492895639392,0.2449779519843214,0.19157275845173935,1.935325820676139,0.8196962273395394,0.37187653111219987,0.2449779519843214,2.9411764705882355,2.3000000000000003,0.782,H,1,9,2
2023_24,2023-08-20,West Ham,Chelsea,3,1,H,1,1,D,12,17,6,4,3,9,12,9,2,3,1,0,3.66,3.57,2.04,1471.212659686979,1478.1578400375713,-6.945180350592409,West Ham,3,1,12,17,1.0,1.0,16.0,14.0,1.2,1.2,14.0,16.4,Chelsea,1,3,17,12,1.0,1.0,10.0,13.0,1.0,1.8,14.6,14.0,0.27322404371584696,0.2801120448179272,0.49019607843137253,0.2618261826182618,0.2684268426842684,0.46974697469746973,1.0539053905390539,1.6776677667766777,-0.20792079207920794,0.2684268426842684,0.5573770491803278,0.9754098360655737,1.75,H,25,6,2
2023_24,2023-08-21,Crystal Palace,Arsenal,0,1,A,0,0,D,14,14,2,3,1,8,14,10,2,1,0,1,5.79,4.06,1.6,1493.3520962345137,1570.3368104345802,-76.98471420006649,Crystal Palace,0,1,14,14,1.0,0.0,24.0,8.0,1.2,0.8,15.0,7.8,Arsenal,1,0,14,14,2.0,1.0,15.0,6.0,1.8,1.0,12.8,8.4,0.17271157167530224,0.24630541871921185,0.625,0.1654298476598909,0.23592089112087894,0.5986492612192302,0.7322104341005518,2.0318686747785697,-0.43321941355933935,0.23592089112087894,0.2763385146804836,0.701208981001727,2.5374999999999996,A,8,0,0
2023_24,2023-08-25,Chelsea,Luton,3,0,H,1,0,H,19,11,8,1,6,4,15,12,2,3,0,0,1.29,5.86,10.78,1473.2349582933339,1495.530704611883,-22.295746318549163,Chelsea,3,0,19,11,1.0,3.0,17.0,12.0,0.8,2.0,15.2,14.2,Luton,0,3,11,19,1.0,4.0,9.0,27.0,1.4,1.4,12.8,12.6,0.7751937984496123,0.1706484641638225,0.0927643784786642,0.7463786266901711,0.16430519256490114,0.08931618074492773,2.4034410726354145,0.4322537347996843,0.6570624459452433,0.16430519256490114,8.35658914728682,4.542635658914729,0.5435992578849722,H,6,16,2
2023_24,2023-08-26,Everton,Wolves,0,1,A,0,0,D,15,11,7,2,7,0,10,14,3,4,0,0,2.32,3.31,3.24,1456.072479410065,1463.3253927588512,-7.252913348786251,Everton,0,1,15,11,0.0,4.0,9.0,13.0,0.4,1.8,13.4,10.2,Wolves,1,0,11,15,1.0,4.0,16.0,16.0,0.4,2.6,12.6,18.2,0.4310344827586207,0.3021148036253776,0.30864197530864196,0.4137436150676687,0.28999552476042034,0.2962608601719109,1.5312263699634263,1.178778105276153,0.11748275489575782,0.28999552476042034,1.3965517241379313,1.4267241379310347,1.0216049382716048,A,9,26,0
2023_24,2023-08-26,Man United,Nott'm Forest,3,2,H,1,2,A,18,9,9,4,11,3,13,11,4,4,0,1,1.31,5.79,9.23,1548.6173888819596,1471.3568507242428,77.26053815771684,Man United,3,2,18,9,0.0,2.0,22.0,17.0,1.6,0.8,19.2,14.8,Nott'm Forest,2,3,9,18,2.0,1.0,16.0,7.0,1.4,1.2,9.2,12.6,0.7633587786259541,0.17271157167530224,0.10834236186348863,0.7308976324538861,0.16536716727367717,0.10373520027243671,2.3580600646353354,0.4765727680909873,0.6271624321814493,0.16536716727367717,7.0458015267175576,4.419847328244274,0.6273022751895991,H,18,20,2
2023_24,2023-08-26,Brighton,West Ham,1,3,A,0,1,A,25,12,10,3,17,4,10,9,1,3,0,0,1.53,4.67,5.73,1531.3576117270738,1476.1355414312163,55.22207029585752,Brighton,1,3,25,12,4.0,1.0,16.0,16.0,2.6,1.2,19.4,11.0,West Ham,3,1,12,25,3.0,1.0,12.0,17.0,1.6,1.4,13.4,16.0,0.6535947712418301,0.21413276231263384,0.17452006980802792,0.6271012465111048,0.20545287091263176,0.16744588257626358,2.086756610445946,0.7077905186414225,0.4596553639348412,0.20545287091263176,3.7450980392156863,3.052287581699346,0.8150087260034903,A,4,25,0
2023_24,2023-08-26,Bournemouth,Tottenham,0,2,A,0,1,A,11,17,3,6,6,2,18,11,1,3,0,0,3.67,3.94,1.95,1458.61514302255,1517.770050218374,-59.15490719582408,Bournemouth,0,2,11,17,1.0,3.0,13.0,26.0,0.4,1.6,9.8,18.4,Tottenham,2,0,17,11,2.0,0.0,17.0,22.0,2.0,1.6,14.6,14.2,0.2724795640326976,0.25380710659898476,0.5128205128205129,0.2622246947879301,0.2442549822009399,0.49352032301112997,1.0309290665647302,1.7248159512343297,-0.23129562822319988,0.2442549822009399,0.5313351498637602,1.0735694822888284,2.0205128205128204,A,2,24,0
2023_24,2023-08-26,Arsenal,Fulham,2,2,D,0,1,A,19,8,11,3,8,3,6,5,0,3,0,1,1.23,6.49,13.35,1576.2162049409715,1494.7082156507224,81.50798929024904,Arsenal,2,2,19,8,1.0,0.0,14.0,14.0,1.6,1.0,13.6,8.8,Fulham,2,2,8,19,0.0,3.0,10.0,17.0,1.2,1.4,9.8,14.6,0.8130081300813008,0.15408320493066255,0.0749063670411985,0.7802398493579612,0.14787288362254117,0.07188726701949756,2.488592431696425,0.3635346846810339,0.7083525823384637,0.14787288362254117,10.853658536585366,5.276422764227642,0.4861423220973783,D,0,10,1
2023_24,2023-08-26,Brentford,Crystal Palace,1,1,D,1,0,H,12,15,1,5,8,6,9,15,0,0,0,0,2.14,3.41,3.57,1529.172724619097,1487.4727017281225,41.700022890974424,Brentford,1,1,12,15,3.0,0.0,17.0,10.0,2.2,0.6,14.8,14.2,Crystal Palace,1,1,15,12,0.0,1.0,14.0,14.0,1.2,0.8,16.4,9.0,0.4672897196261682,0.29325513196480935,0.2801120448179272,0.449033414604458,0.2817980959687801,0.26916848942676197,1.6288983397821541,1.089303564249066,0.17986492517769603,0.2817980959687801,1.6682242990654204,1.5934579439252337,0.9551820728291317,D,3,8,1
2023_24,2023-08-27,Newcastle,Liverpool,1,2,A,1,0,H,23,9,8,4,5,9,16,10,1,2,0,1,2.2,3.9,3.03,1549.5372742243896,1541.9918225339372,7.54545169045241,Newcastle,1,2,23,9,0.0,1.0,7.0,14.0,2.0,0.8,16.4,12.2,Liverpool,2,1,9,23,3.0,1.0,26.0,13.0,2.4,1.4,19.0,9.6,0.45454545454545453,0.25641025641025644,0.33003300330033003,0.4366478217492517,0.2463141558585523,0.317038022392196,1.5562576211063073,1.19742822303514,0.11960979935705573,0.2463141558585523,1.377272727272727,1.7727272727272725,1.2871287128712872,A,19,15,0
2023_24,2023-08-27,Sheffield United,Man City,1,2,A,0,0,D,6,30,2,9,1,12,11,2,3,0,0,0,16.67,7.51,1.18,1487.3236235944419,1592.7242914503345,-105.4006678558926,Sheffield United,1,2,6,30,1.0,2.0,7.0,16.0,1.4,1.4,12.6,12.8,Man City,2,1,30,6,1.0,0.0,14.0,7.0,1.2,0.4,15.2,11.4,0.05998800239952009,0.13315579227696406,0.8474576271186441,0.05764743459223374,0.12796041739714203,0.8143921480106242,0.30090272117384326,2.571136861429015,-0.7567447134183904,0.12796041739714203,0.0707858428314337,0.45050989802039587,6.364406779661017,A,21,17,0
2023_24,2023-08-27,Burnley,Aston Villa,1,3,A,0,2,A,9,16,2,6,4,6,12,11,2,0,0,0,3.36,3.55,2.16,1494.219201939644,1522.8114817167163,-28.592279777072235,Burnley,1,3,9,16,0.0,3.0,6.0,17.0,1.4,1.4,12.6,12.8,Aston Villa,3,1,16,9,4.0,0.0,13.0,9.0,2.0,1.6,11.0,9.8,0.2976190476190476,0.28169014084507044,0.4629629629629629,0.28554830637233,0.27026543927071234,0.4441862543569577,1.1269103583877023,1.6028242023415853,-0.15863794798462771,0.27026543927071234,0.6428571428571429,1.056547619047619,1.6435185185185184,A,5,1,0
2023_24,2023-09-01,Luton,West Ham,1,2,A,0,1,A,16,9,1,3,9,6,8,13,1,1,0,0,4.7,3.94,1.74,1490.3493896281977,1484.2090349099674,6.1403547182303555,Luton,1,2,16,9,0.0,3.0,11.0,19.0,1.4,1.4,12.6,12.8,West Ham,2,1,9,16,3.0,1.0,12.0,25.0,2.2,1.2,15.0,16.2,0.2127659574468085,0.25380710659898476,0.5747126436781609,0.20433004685320522,0.24374396452032093,0.5519259886264739,0.8567341050799366,1.8995219303997428,-0.3475959417732687,0.24374396452032093,0.3702127659574468,0.8382978723404255,2.264367816091954,A,16,25,0
2023_24,2023-09-02,Sheffield United,Everton,2,2,D,2,1,H,13,16,8,6,4,6,11,13,1,2,0,0,3.01,3.23,2.5,1481.9328645804928,1449.0005050638417,32.932359516651104,Sheffield United,2,2,13,16,1.0,2.0,6.0,30.0,1.4,1.4,12.6,12.8,Everton,2,2,16,13,0.0,1.0,15.0,11.0,0.4,1.4,15.0,10.6,0.33222591362126247,0.30959752321981426,0.4,0.318888884501013,0.2971688985597675,0.38394221693921965,1.2538355520628066,1.4489955493774265,-0.06505333243820666,0.2971688985597675,0.8305647840531563,1.0730897009966778,1.292,D,21,9,1
2023_24,2023-09-02,Brentford,Bournemouth,2,2,D,1,1,D,21,12,7,5,5,2,6,13,1,2,0,0,1.72,4.06,4.67,1527.307557103875,1452.4279157096528,74.87964139422229,Brentford,2,2,21,12,1.0,1.0,12.0,15.0,2.0,0.8,12.4,16.4,Bournemouth,2,2,12,21,0.0,2.0,11.0,17.0,0.4,1.6,11.0,18.4,0.5813953488372093,0.24630541871921185,0.21413276231263384,0.5580501415713537,0.23641533091200206,0.2055345275166442,1.9105657556260631,0.8530189134619346,0.3525156140547095,0.23641533091200206,2.7151162790697674,2.3604651162790695,0.8693790149892933,D,3,2,1
2023_24,2023-09-02,Burnley,Tottenham,2,5,A,1,2,A,16,20,4,10,7,4,15,9,4,3,0,0,3.83,3.99,1.88,1487.507482538425,1523.9572775312713,-36.449794992846364,Burnley,2,5,16,20,1.0,3.0,9.0,16.0,1.4,1.4,12.6,12.8,Tottenham,5,2,20,16,2.0,0.0,17.0,11.0,2.2,1.2,17.0,14.8,0.2610966057441253,0.2506265664160401,0.5319148936170213,0.25017926645832844,0.24014701517177894,0.5096737183698926,0.9906848145467643,1.7691681702814566,-0.2594944519115642,0.24014701517177894,0.49086161879895557,1.04177545691906,2.122340425531915,A,5,24,0
2023_24,2023-09-02,Chelsea,Nott'm Forest,0,1,A,0,0,D,21,7,2,3,8,0,10,9,3,4,0,0,1.38,5.03,8.27,1478.4162732770192,1467.75786353031,10.65840974670914,Chelsea,0,1,21,7,3.0,0.0,19.0,11.0,1.4,1.8,16.4,13.4,Nott'm Forest,1,0,7,21,2.0,3.0,9.0,18.0,1.4,1.4,8.8,13.4,0.7246376811594204,0.19880715705765406,0.12091898428053205,0.6938555947164486,0.19036197230789242,0.11578243297565888,2.271928756457238,0.537709271234869,0.5780731617407897,0.19036197230789242,5.992753623188406,3.6449275362318847,0.6082224909310763,A,6,20,0
2023_24,2023-09-02,Man City,Fulham,5,1,H,2,1,H,7,6,5,4,4,5,12,12,2,4,0,0,1.15,8.46,17.91,1598.1150504642835,1497.1705303403692,100.94452012391434,Man City,5,1,7,6,2.0,1.0,30.0,6.0,1.4,0.6,18.2,10.0,Fulham,1,5,6,7,2.0,2.0,8.0,19.0,1.2,1.8,9.6,17.4,0.8695652173913044,0.11820330969267138,0.05583472920156337,0.833233522561359,0.11326460413068117,0.05350187330795995,2.612965171814758,0.27377022405456103,0.779731649253399,0.11326460413068117,15.573913043478262,7.356521739130436,0.4723618090452262,H,17,10,2
2023_24,2023-09-02,Brighton,Newcastle,3,1,H,1,0,H,15,9,6,2,5,3,14,17,4,4,0,0,2.55,3.87,2.55,1523.2841182483228,1542.2199143700316,-18.93579612170879,Brighton,3,1,15,9,1.0,3.0,25.0,12.0,2.2,1.6,19.2,12.4,Newcastle,1,3,9,15,1.0,2.0,23.0,9.0,1.4,1.0,16.6,12.4,0.3921568627450981,0.25839793281653745,0.3921568627450981,0.3760932944606414,0.24781341107871713,0.3760932944606414,1.3760932944606412,1.3760932944606412,0.0,0.24781341107871713,1.0,1.5176470588235296,1.5176470588235296,H,4,19,2
2023_24,2023-09-03,Crystal Palace,Wolves,3,2,H,0,0,D,16,12,11,4,4,2,12,12,1,3,0,0,1.95,3.45,4.15,1489.3378692433444,1470.3973671050744,18.94050213826995,Crystal Palace,3,2,16,12,1.0,1.0,15.0,12.0,1.0,1.0,16.0,10.4,Wolves,2,3,12,16,1.0,0.0,11.0,15.0,0.6,2.2,13.8,15.8,0.5128205128205129,0.2898550724637681,0.24096385542168672,0.49137709137709146,0.27773487773487776,0.23088803088803087,1.7518661518661522,0.9703989703989704,0.2604890604890606,0.27773487773487776,2.1282051282051286,1.7692307692307694,0.8313253012048193,H,8,26,2
2023_24,2023-09-03,Liverpool,Aston Villa,3,0,H,2,0,H,17,9,4,3,7,3,12,7,0,1,0,0,1.66,4.49,4.57,1549.3091823882953,1529.5232011179355,19.785981270359798,Liverpool,3,0,17,9,2.0,1.0,9.0,23.0,2.2,1.6,17.6,13.4,Aston Villa,0,3,9,17,3.0,1.0,16.0,9.0,2.2,1.6,12.6,10.6,0.6024096385542169,0.22271714922048996,0.2188183807439825,0.5770510336371486,0.2133418075362286,0.20960715882662287,1.9444949084476744,0.8421632840160973,0.36744387481052576,0.2133418075362286,2.7530120481927716,2.704819277108434,0.9824945295404813,H,15,1,2
2023_24,2023-09-03,Arsenal,Man United,3,1,H,1,1,D,17,10,5,2,12,3,8,7,2,3,0,0,1.77,4.04,4.38,1573.7538902513247,1552.2163760758924,21.537514175432307,Arsenal,3,1,17,10,2.0,2.0,19.0,8.0,2.0,0.8,14.6,8.0,Man United,1,3,10,17,3.0,2.0,18.0,9.0,2.0,1.2,18.8,14.6,0.5649717514124294,0.24752475247524752,0.22831050228310504,0.5428208573374317,0.23782002908100347,0.21935911358156487,1.8662826010932987,0.895897369825698,0.3234617437558668,0.23782002908100347,2.4745762711864407,2.2824858757062145,0.9223744292237444,H,0,18,2
2023_24,2023-09-16,Wolves,Liverpool,1,3,A,1,0,H,11,16,2,6,4,4,10,4,1,3,0,0,6.64,4.95,1.45,1465.9006208715518,1553.7922525996119,-87.89163172806002,Wolves,1,3,11,16,2.0,3.0,12.0,16.0,0.8,2.6,13.6,15.2,Liverpool,3,1,16,11,3.0,0.0,17.0,9.0,2.6,1.4,19.0,14.0,0.15060240963855423,0.20202020202020202,0.6896551724137931,0.14449354283471066,0.19382568170151085,0.6616807754637785,0.6273063102056429,2.178868008092846,-0.5171872326290679,0.19382568170151085,0.2183734939759036,0.7454819277108434,3.4137931034482762,A,26,15,0
2023_24,2023-09-16,West Ham,Man City,1,3,A,1,0,H,6,29,3,15,4,11,7,11,3,2,0,0,6.57,4.67,1.48,1491.503278940435,1601.3801512860896,-109.87687234565465,West Ham,1,3,6,29,2.0,1.0,9.0,16.0,2.0,1.2,13.0,17.0,Man City,3,1,29,6,5.0,1.0,7.0,6.0,2.2,0.6,17.0,7.2,0.15220700152207,0.21413276231263384,0.6756756756756757,0.14606981408412603,0.20549864636674692,0.648431539549127,0.6437080886191251,2.1507932650141277,-0.502361725465001,0.20549864636674692,0.2252663622526636,0.7108066971080669,3.1554054054054053,A,25,17,0
2023_24,2023-09-16,Tottenham,Sheffield United,2,1,H,0,0,D,28,7,10,5,15,2,13,14,6,5,0,1,1.28,6.1,10.52,1530.534874825085,1480.2055295711966,50.32934525388828,Tottenham,2,1,28,7,5.0,2.0,20.0,16.0,3.0,1.0,16.6,15.8,Sheffield United,1,2,7,28,2.0,2.0,13.0,16.0,1.4,1.4,12.8,12.6,0.78125,0.1639344262295082,0.09505703422053233,0.751027554373777,0.15759266714728437,0.09137977847893865,2.4106753302686155,0.4317320025841003,0.6596477758948384,0.15759266714728437,8.21875,4.765625,0.5798479087452472,H,24,21,2
2023_24,2023-09-16,Man United,Brighton,1,3,A,0,1,A,14,10,4,8,8,1,8,9,2,2,0,0,2.21,3.98,2.96,1547.7615840756937,1528.4085660508472,19.353018024846506,Man United,1,3,14,10,1.0,3.0,10.0,17.0,1.4,1.6,17.2,15.2,Brighton,3,1,10,14,3.0,1.0,15.0,9.0,2.6,1.6,18.2,11.6,0.45248868778280543,0.25125628140703515,0.33783783783783783,0.4344241136948617,0.2412254500667448,0.3243504362383934,1.54449779115133,1.214276758781925,0.11007367745646834,0.2412254500667448,1.339366515837104,1.8009049773755657,1.3445945945945945,A,18,4,0
2023_24,2023-09-16,Fulham,Luton,1,0,H,0,0,D,13,7,2,2,6,2,6,14,2,2,0,0,1.68,3.96,5.18,1493.905429518563,1483.0551455977302,10.850283920832908,Fulham,1,0,13,7,1.0,5.0,6.0,7.0,1.0,2.4,8.6,16.6,Luton,0,1,7,13,1.0,2.0,16.0,9.0,1.4,1.4,12.8,12.6,0.5952380952380952,0.25252525252525254,0.19305019305019305,0.5718969555035128,0.24262295081967214,0.18548009367681498,1.9583138173302106,0.7990632318501171,0.3864168618266979,0.24262295081967214,3.0833333333333335,2.357142857142857,0.7644787644787645,H,10,16,2
2023_24,2023-09-16,Aston Villa,Crystal Palace,3,1,H,0,0,D,16,6,5,3,4,2,13,9,5,3,0,0,1.9,3.7,4.07,1525.040130906619,1493.834615476867,31.20551542975204,Aston Villa,3,1,16,6,0.0,3.0,9.0,17.0,2.0,2.0,13.2,12.0,Crystal Palace,1,3,6,16,3.0,2.0,16.0,12.0,1.2,1.0,17.0,10.6,0.5263157894736842,0.27027027027027023,0.24570024570024568,0.5049627791563275,0.2593052109181141,0.2357320099255583,1.7741935483870965,0.9665012406947889,0.26923076923076916,0.2593052109181141,2.142105263157895,1.9473684210526319,0.9090909090909091,H,1,8,2
2023_24,2023-09-16,Newcastle,Brentford,1,0,H,0,0,D,9,11,2,2,8,3,8,12,3,5,0,0,1.53,4.37,6.12,1537.0954665675072,1524.9411711277357,12.154295439771431,Newcastle,1,0,9,11,1.0,3.0,9.0,15.0,1.6,1.6,13.8,15.2,Brentford,0,1,11,9,2.0,2.0,21.0,12.0,1.8,1.0,14.4,14.4,0.6535947712418301,0.22883295194508008,0.16339869281045752,0.6249553092599213,0.21880586342509828,0.15623882731498032,2.093671791204862,0.6875223453700392,0.468716481944941,0.21880586342509828,4.0,2.8562091503267975,0.7140522875816994,H,19,3,2
2023_24,2023-09-17,Bournemouth,Chelsea,0,0,D,0,0,D,13,14,4,6,1,7,15,20,1,5,0,0,4.34,3.96,1.79,1454.794301685792,1471.0478478969248,-16.253546211132743,Bournemouth,0,0,13,14,2.0,2.0,12.0,21.0,0.8,1.8,11.4,18.6,Chelsea,0,0,14,13,0.0,1.0,21.0,7.0,1.2,1.2,17.8,11.2,0.2304147465437788,0.25252525252525254,0.5586592178770949,0.22121248057322257,0.24243994083024897,0.5363475785965284,0.9060773825499168,1.851482676619834,-0.3151350980233058,0.24243994083024897,0.4124423963133641,0.9124423963133641,2.212290502793296,D,2,6,1
2023_24,2023-09-17,Everton,Arsenal,0,1,A,0,0,D,8,13,1,4,1,11,12,10,1,1,0,0,6.07,4.55,1.52,1450.727840073138,1578.2086822515234,-127.4808421783855,Everton,0,1,8,13,2.0,2.0,16.0,13.0,0.6,1.6,14.4,10.6,Arsenal,1,0,13,8,3.0,1.0,17.0,10.0,2.6,0.8,15.8,8.8,0.16474464579901152,0.21978021978021978,0.6578947368421053,0.15804062530706633,0.21083661442063578,0.631122760272298,0.6849584903418349,2.1042048952375296,-0.47308213496523166,0.21083661442063578,0.2504118616144975,0.7495881383855024,2.9934210526315788,A,9,0,0
2023_24,2023-09-18,Nott'm Forest,Burnley,1,1,D,0,1,A,14,10,4,3,5,4,16,10,2,3,0,1,2.24,3.51,3.22,1475.1262889104044,1480.9298852446113,-5.803596334206986,Nott'm Forest,1,1,14,10,1.0,0.0,7.0,21.0,1.4,1.4,9.0,15.4,Burnley,1,1,10,14,2.0,5.0,16.0,20.0,1.4,1.4,12.8,12.6,0.4464285714285714,0.2849002849002849,0.3105590062111801,0.4284804415901492,0.2734462077384428,0.2980733506714081,1.5588875325088902,1.167666259752667,0.1304070909187411,0.2734462077384428,1.4375,1.5669642857142854,1.0900621118012421,D,20,5,1
2023_24,2023-09-23,Brentford,Everton,1,3,A,1,1,D,12,18,2,6,1,4,9,12,2,2,0,0,1.8,3.78,4.49,1520.3340616240616,1445.7115402882894,74.62252133577226,Brentford,1,3,12,18,0.0,1.0,11.0,9.0,1.6,1.2,14.4,12.8,Everton,3,1,18,12,0.0,1.0,8.0,13.0,0.4,1.8,13.4,11.8,0.5555555555555556,0.2645502645502646,0.22271714922048996,0.5327419628227583,0.25368664896321824,0.21357138821402336,1.851912537431493,0.8944008136052883,0.319170574608735,0.25368664896321824,2.4944444444444445,2.0999999999999996,0.841870824053452,A,3,9,0
2023_24,2023-09-23,Luton,Wolves,1,1,D,0,0,D,20,3,4,3,10,1,12,17,0,2,0,1,3.3,3.43,2.23,1478.4267117728052,1460.2093255725838,18.217386200221426,Luton,1,1,20,3,0.0,1.0,7.0,13.0,1.4,1.4,12.6,12.8,Wolves,1,1,3,20,1.0,3.0,11.0,16.0,1.0,2.2,14.6,15.6,0.30303030303030304,0.29154518950437314,0.4484304932735426,0.2905355358967444,0.27952398497354414,0.42994047912971145,1.1511305926637774,1.5693454223626784,-0.13940494323296704,0.27952398497354414,0.6757575757575758,1.0393939393939395,1.5381165919282511,D,16,26,1
2023_24,2023-09-23,Man City,Nott'm Forest,2,0,H,2,0,H,7,10,4,3,6,6,5,17,3,7,1,0,1.15,8.55,18.11,1606.694510168464,1474.0301028572198,132.66440731124408,Man City,2,0,7,10,3.0,1.0,29.0,6.0,2.8,0.6,19.4,6.2,Nott'm Forest,0,2,10,7,1.0,1.0,14.0,10.0,1.4,1.4,10.4,14.2,0.8695652173913044,0.11695906432748537,0.05521811154058531,0.8347219264741954,0.11227253981816662,0.053005533707638025,2.616438319240753,0.2712891409410807,0.7817163927665574,0.11227253981816662,15.747826086956522,7.434782608695653,0.47211485367200445,H,17,20,2
2023_24,2023-09-23,Crystal Palace,Fulham,0,0,D,0,0,D,7,10,3,5,3,2,10,15,3,2,0,0,1.95,3.51,4.09,1489.534561594975,1498.533863343488,-8.999301748513062,Crystal Palace,0,0,7,10,1.0,3.0,6.0,16.0,1.2,1.4,15.0,12.4,Fulham,0,0,10,7,1.0,0.0,13.0,7.0,1.0,2.0,9.2,13.8,0.5128205128205129,0.2849002849002849,0.24449877750611249,0.49204651784520786,0.273359176580671,0.2345943055741211,1.7494987301162945,0.9771420933030343,0.2574522122710868,0.273359176580671,2.0974358974358975,1.7999999999999998,0.8581907090464548,D,8,10,1
2023_24,2023-09-23,Burnley,Man United,0,1,A,0,1,A,12,11,4,4,9,5,6,12,1,2,0,0,4.31,4.16,1.75,1482.0260712977959,1540.2516555782029,-58.22558428040702,Burnley,0,1,12,11,1.0,1.0,10.0,14.0,1.4,1.4,12.6,12.8,Man United,1,0,11,12,1.0,3.0,14.0,10.0,1.2,2.0,15.8,15.2,0.2320185614849188,0.24038461538461536,0.5714285714285714,0.22227582353497943,0.2302905767874426,0.5474335996775779,0.8971180473923809,1.8725913758201762,-0.32515777614259844,0.2302905767874426,0.4060324825986079,0.9651972157772623,2.3771428571428572,A,5,18,0
2023_24,2023-09-24,Arsenal,Tottenham,2,2,D,1,1,D,13,13,6,5,11,4,12,19,3,4,0,0,1.7,4.36,4.5,1583.224982036372,1534.5361436962978,48.6888383400742,Arsenal,2,2,13,13,1.0,0.0,13.0,8.0,1.8,0.8,15.6,9.2,Tottenham,2,2,13,13,2.0,1.0,28.0,7.0,2.6,1.0,20.0,13.4,0.5882352941176471,0.2293577981651376,0.2222222222222222,0.56571131999308,0.2205755146762009,0.2137131653307191,1.917709474655441,0.8617150106683582,0.3519981546623609,0.2205755146762009,2.6470588235294117,2.5647058823529414,0.9688888888888889,D,0,24,1
2023_24,2023-09-24,Brighton,Bournemouth,3,1,H,1,1,D,13,12,4,4,4,4,12,17,3,3,0,0,1.38,5.31,7.58,1535.918494548338,1453.873466951922,82.04502759641605,Brighton,3,1,13,12,3.0,1.0,10.0,14.0,3.0,1.4,18.6,12.0,Bournemouth,1,3,12,13,0.0,0.0,13.0,14.0,0.8,1.6,12.6,18.8,0.7246376811594204,0.18832391713747648,0.13192612137203166,0.6935077018505117,0.18023364002894654,0.12625865812054168,2.2607567455804816,0.5590096143905716,0.56724904372997,0.18023364002894654,5.492753623188406,3.847826086956522,0.7005277044854881,H,4,2,2
2023_24,2023-09-24,Chelsea,Aston Villa,0,1,A,0,0,D,10,15,4,7,5,11,9,11,2,3,0,0,1.91,3.85,3.87,1471.968682630795,1529.340184788511,-57.371502157715895,Chelsea,0,1,10,15,0.0,0.0,14.0,13.0,1.0,1.0,16.2,11.2,Aston Villa,1,0,15,10,3.0,1.0,16.0,6.0,2.2,2.0,14.0,11.6,0.5235602094240838,0.2597402597402597,0.25839793281653745,0.5026024888091295,0.24934305288972397,0.24805445830114659,1.7571505193171124,0.9935064277931638,0.2545480305079829,0.24934305288972397,2.026178010471204,2.0157068062827226,0.9948320413436692,A,6,1,0
2023_24,2023-09-24,Liverpool,West Ham,3,1,H,1,1,D,22,11,7,4,7,4,12,13,0,2,0,0,1.39,5.38,7.19,1559.48354789858,1486.1889200580606,73.2946278405193,Liverpool,3,1,22,11,3.0,1.0,16.0,11.0,2.4,0.8,16.2,13.2,West Ham,1,3,11,22,1.0,3.0,6.0,29.0,2.0,1.4,11.0,20.2,0.7194244604316548,0.1858736059479554,0.13908205841446453,0.6888530749984418,0.17797505097543384,0.13317187402612432,2.244534275970759,0.5774906730538069,0.5556812009723175,0.17797505097543384,5.172661870503598,3.8705035971223025,0.7482614742698191,H,15,25,2
2023_24,2023-09-24,Sheffield United,Newcastle,0,8,A,0,3,A,9,22,1,15,2,6,12,8,3,0,0,0,7.01,4.78,1.45,1476.2042606999837,1541.7025760711813,-65.49831537119758,Sheffield United,0,8,9,22,1.0,2.0,7.0,28.0,1.0,1.8,8.2,22.8,Newcastle,8,0,22,9,1.0,0.0,9.0,11.0,1.6,1.4,13.0,13.0,0.14265335235378032,0.20920502092050208,0.6896551724137931,0.1369673519315934,0.2008663466611861,0.6621663014072205,0.6117684024559663,2.1873652508828476,-0.5251989494756272,0.2008663466611861,0.20684736091298145,0.68188302425107,3.2965517241379314,A,21,19,0
2023_24,2023-09-30,Aston Villa,Brighton,6,1,H,3,0,H,19,11,9,3,1,3,19,21,4,4,0,0,2.56,3.92,2.55,1535.5581752286091,1539.4484723799408,-3.8902971513316515,Aston Villa,6,1,19,11,1.0,0.0,15.0,10.0,2.2,1.0,13.8,10.2,Brighton,1,6,11,19,3.0,1.0,13.0,12.0,2.8,1.4,15.8,12.6,0.390625,0.25510204081632654,0.3921568627450981,0.3763667580348805,0.24579053585951383,0.3778427061056056,1.3748908099641552,1.3793186541763307,-0.0014759480707250971,0.24579053585951383,0.9960937499999999,1.53125,1.5372549019607844,H,1,4,2
2023_24,2023-09-30,Newcastle,Burnley,2,0,H,1,0,H,20,8,8,2,5,3,7,15,1,3,0,0,1.33,5.62,9.22,1547.7803130604395,1475.8228121502007,71.95750091023888,Newcastle,2,0,20,8,8.0,0.0,22.0,9.0,2.2,1.2,14.0,11.6,Burnley,0,2,8,20,0.0,1.0,12.0,11.0,0.8,2.6,10.6,15.6,0.7518796992481203,0.17793594306049823,0.10845986984815617,0.7241620267883098,0.17137642270968897,0.1044615505020013,2.343862503074618,0.4847610742156929,0.6197004762863084,0.17137642270968897,6.932330827067669,4.2255639097744355,0.6095444685466377,H,19,5,2
2023_24,2023-09-30,Everton,Luton,1,2,A,1,2,A,23,9,5,2,3,6,8,10,0,1,0,0,1.61,3.94,6.06,1454.0741755517404,1476.935167990153,-22.860992438412723,Everton,1,2,23,9,3.0,1.0,18.0,12.0,1.0,1.8,13.2,12.4,Luton,2,1,9,23,1.0,1.0,20.0,3.0,0.6,2.2,12.6,14.2,0.6211180124223602,0.25380710659898476,0.16501650165016502,0.5972623848070362,0.2440589948069361,0.15867862038602776,2.035846149228045,0.7200948559650193,0.43858376442100844,0.2440589948069361,3.7639751552795024,2.4472049689440993,0.6501650165016502,A,9,16,0
2023_24,2023-09-30,Man United,Crystal Palace,0,1,A,0,1,A,19,8,4,2,10,4,10,8,3,2,0,0,1.57,4.3,5.89,1546.454914725798,1488.4918096202528,57.96310510554531,Man United,0,1,19,8,1.0,0.0,11.0,12.0,1.2,2.0,15.0,13.0,Crystal Palace,1,0,8,19,0.0,0.0,7.0,10.0,1.0,1.4,11.6,12.8,0.6369426751592356,0.23255813953488372,0.16977928692699493,0.6128691140778167,0.2237684904888773,0.16336239543330602,2.0623758327223274,0.7138556767887954,0.44950671864451075,0.2237684904888773,3.751592356687898,2.738853503184713,0.7300509337860781,A,18,8,0
2023_24,2023-09-30,Bournemouth,Arsenal,0,4,A,0,2,A,8,15,1,8,6,6,11,10,0,1,0,0,5.77,4.68,1.53,1450.3434891203192,1581.2514771036242,-130.90798798330502,Bournemouth,0,4,8,15,1.0,3.0,12.0,13.0,0.8,2.0,12.2,18.2,Arsenal,4,0,15,8,2.0,2.0,13.0,13.0,1.8,1.0,15.2,10.6,0.1733102253032929,0.2136752136752137,0.6535947712418301,0.16655152923444078,0.20534237685528275,0.6281060939102766,0.704996964558605,2.0896606585861126,-0.46155456467583583,0.20534237685528275,0.26516464471403817,0.8110918544194108,3.0588235294117645,A,2,0,0
2023_24,2023-09-30,West Ham,Sheffield United,2,0,H,2,0,H,20,16,9,2,7,4,6,9,1,1,0,0,1.45,4.79,7.1,1482.5321500516432,1470.1265237107255,12.405626340917706,West Ham,2,0,20,16,1.0,3.0,11.0,22.0,2.0,1.8,10.0,21.8,Sheffield United,0,2,16,20,0.0,8.0,9.0,22.0,1.0,3.2,8.4,22.4,0.6896551724137931,0.20876826722338204,0.14084507042253522,0.6635967180167612,0.2008800085854496,0.13552327339778925,2.191670162635733,0.6074498287788174,0.528073444618972,0.2008800085854496,4.896551724137931,3.303448275862069,0.6746478873239437,H,25,21,2
2023_24,2023-09-30,Wolves,Man City,2,1,H,1,0,H,3,23,1,8,0,6,18,12,5,4,0,0,9.2,5.65,1.33,1461.700869355236,1609.5440859464807,-147.84321659124475,Wolves,2,1,3,23,1.0,1.0,3.0,20.0,1.2,2.2,10.6,16.6,Man City,1,2,23,3,2.0,0.0,7.0,10.0,2.6,0.6,17.4,7.0,0.10869565217391305,0.17699115044247787,0.7518796992481203,0.10476017872453142,0.17058294588773254,0.7246568753877359,0.4848634820613268,2.3445535720509403,-0.6198966966632045,0.17058294588773254,0.14456521739130437,0.6141304347826088,4.2481203007518795,H,26,17,2
2023_24,2023-09-30,Tottenham,Liverpool,2,1,H,1,1,D,24,12,8,4,12,5,11,17,5,4,0,2,2.96,4.03,2.21,1536.5096486290456,1563.1403179049973,-26.630669275951732,Tottenham,2,1,24,12,2.0,2.0,13.0,13.0,2.6,1.0,19.0,13.8,Liverpool,1,2,12,24,3.0,1.0,22.0,11.0,2.8,0.8,18.0,13.4,0.33783783783783783,0.24813895781637715,0.45248868778280543,0.32532408946293745,0.23894771831520964,0.43572819222185294,1.214919986704022,1.5461322949807683,-0.11040410275891549,0.23894771831520964,0.7466216216216216,1.3614864864864866,1.823529411764706,H,24,15,2
2023_24,2023-10-01,Nott'm Forest,Brentford,1,1,D,0,0,D,6,18,1,5,1,11,6,10,1,2,1,0,2.81,3.27,2.65,1471.180527079203,1511.9714263606106,-40.79089928140752,Nott'm Forest,1,1,6,18,0.0,2.0,10.0,7.0,1.2,1.4,11.2,12.6,Brentford,1,1,18,6,1.0,3.0,12.0,18.0,1.4,1.4,14.6,12.8,0.35587188612099646,0.3058103975535168,0.37735849056603776,0.3425004051271308,0.2943199200022133,0.3631796748706557,1.3218211353836058,1.3838589446141805,-0.02067926974352491,0.2943199200022133,0.9430604982206405,1.1637010676156583,1.2339622641509433,D,20,3,1
2023_24,2023-10-02,Fulham,Chelsea,0,2,A,0,2,A,10,11,3,4,8,1,15,12,1,4,0,0,3.73,3.49,2.06,1499.5766153182103,1465.7506921906968,33.82592312751353,Fulham,0,2,10,11,0.0,0.0,10.0,7.0,0.8,2.0,9.4,11.4,Chelsea,2,0,11,10,0.0,1.0,10.0,15.0,0.8,1.0,16.2,11.6,0.2680965147453083,0.28653295128939826,0.4854368932038835,0.2577686628972174,0.27549487467238415,0.4667364624303984,1.0488008633640364,1.6757042619635794,-0.208967799533181,0.27549487467238415,0.5522788203753352,0.9356568364611261,1.6941747572815535,A,10,6,0
2023_24,2023-10-03,Luton,Burnley,1,2,A,0,1,A,18,14,3,4,7,6,14,6,4,2,0,0,2.92,3.18,2.63,1483.744271171193,1472.1464433184824,11.59782785271068,Luton,1,2,18,14,2.0,1.0,9.0,23.0,0.8,1.6,12.6,13.4,Burnley,2,1,14,18,0.0,2.0,8.0,20.0,0.8,2.4,11.0,16.2,0.3424657534246575,0.31446540880503143,0.3802281368821293,0.33019590502435975,0.3031987555569593,0.36660533941868084,1.2937864706300386,1.4030147738130019,-0.036409434394321094,0.3031987555569593,0.9006849315068493,1.089041095890411,1.2091254752851712,A,16,5,0
2023_24,2023-10-07,Luton,Tottenham,0,1,A,0,0,D,12,15,2,4,5,6,16,7,2,1,0,1,6.46,4.79,1.48,1476.3604760008645,1541.7645527780069,-65.40407677714234,Luton,0,1,12,15,1.0,2.0,18.0,14.0,1.0,1.4,14.0,12.4,Tottenham,1,0,15,12,2.0,1.0,24.0,12.0,2.6,1.2,20.4,11.8,0.15479876160990713,0.20876826722338204,0.6756756756756757,0.1489534263154135,0.20088499665920068,0.6501615770253859,0.6477452756054412,2.1513697277353585,-0.5012081507099724,0.20088499665920068,0.22910216718266255,0.7414860681114551,3.2364864864864864,A,16,24,0
2023_24,2023-10-07,Burnley,Chelsea,1,4,A,1,1,D,10,9,3,5,7,3,11,8,2,4,0,0,4.63,3.92,1.76,1479.530238488811,1473.4921690462636,6.038069442547339,Burnley,1,4,10,9,2.0,1.0,14.0,18.0,1.0,2.0,12.0,16.6,Chelsea,4,1,9,10,2.0,0.0,11.0,10.0,1.0,0.4,15.0,11.2,0.2159827213822894,0.25510204081632654,0.5681818181818182,0.2078222522110032,0.2454635274839145,0.5467142203050823,0.8689302841169242,1.8856061883991615,-0.3388919680940791,0.2454635274839145,0.3801295896328294,0.8466522678185745,2.227272727272727,A,5,6,0
2023_24,2023-10-07,Everton,Bournemouth,3,0,H,2,0,H,25,11,8,4,8,7,14,15,1,2,0,0,1.97,3.7,3.81,1447.2650723707004,1445.3846883310123,1.8803840396881242,Everton,3,0,25,11,1.0,2.0,23.0,9.0,1.2,1.4,16.0,11.6,Bournemouth,0,3,11,25,0.0,4.0,8.0,15.0,0.6,2.2,11.2,16.0,0.5076142131979695,0.27027027027027023,0.26246719160104987,0.48792559800911683,0.25978741299404323,0.25228698899683993,1.7235642070213937,1.016648379984563,0.2356386090122769,0.25978741299404323,1.934010152284264,1.8781725888324874,0.9711286089238845,H,9,2,2
2023_24,2023-10-07,Fulham,Sheffield United,3,1,H,0,0,D,20,5,6,2,9,4,8,10,1,2,0,0,1.64,3.96,5.69,1491.8351384626435,1465.5235199347808,26.31161852786272,Fulham,3,1,20,5,0.0,2.0,10.0,11.0,0.8,1.8,9.4,10.2,Sheffield United,1,3,5,20,0.0,2.0,16.0,20.0,0.8,3.2,10.2,23.2,0.6097560975609756,0.25252525252525254,0.17574692442882248,0.5874176190873446,0.24327396346041547,0.1693084174522399,2.0055268207224493,0.7511992158171352,0.4181092016351047,0.24327396346041547,3.469512195121952,2.4146341463414633,0.6959578207381371,H,10,21,2
2023_24,2023-10-07,Man United,Brentford,2,1,H,0,1,A,21,11,8,3,7,5,10,17,0,5,0,0,1.69,4.2,4.78,1538.339852648454,1512.474664612695,25.865188035759047,Man United,2,1,21,11,0.0,1.0,19.0,8.0,1.2,1.8,14.4,11.2,Brentford,1,2,11,21,1.0,1.0,18.0,6.0,1.0,1.6,14.8,12.0,0.591715976331361,0.23809523809523808,0.20920502092050208,0.569496371857643,0.22915449248557537,0.2013491356567817,1.9376436080585044,0.8332018994559205,0.3681472362008613,0.22915449248557537,2.8284023668639056,2.4852071005917162,0.8786610878661087,H,18,3,2
2023_24,2023-10-07,Crystal Palace,Nott'm Forest,0,0,D,0,0,D,8,16,2,5,3,7,7,12,0,1,0,0,2.24,3.25,3.49,1496.6068716975967,1470.6772888271187,25.929582870478043,Crystal Palace,0,0,8,16,1.0,0.0,8.0,19.0,1.2,1.2,10.4,13.8,Nott'm Forest,0,0,16,8,1.0,1.0,6.0,18.0,1.0,1.4,9.2,14.8,0.4464285714285714,0.3076923076923077,0.28653295128939826,0.42898854391624847,0.2956721041145836,0.2753393519691681,1.582637735863329,1.1216901600220879,0.15364919194708038,0.2956721041145836,1.5580357142857142,1.450892857142857,0.9312320916905443,D,8,20,1
2023_24,2023-10-08,Wolves,Aston Villa,1,1,D,0,0,D,8,18,3,4,2,10,19,9,2,2,1,0,3.4,3.59,2.14,1469.0231226165204,1540.4300829664564,-71.40696034993607,Wolves,1,1,8,18,2.0,1.0,3.0,23.0,1.4,1.6,8.0,18.0,Aston Villa,1,1,18,8,6.0,1.0,19.0,11.0,2.6,1.2,15.0,10.6,0.29411764705882354,0.2785515320334262,0.4672897196261682,0.2828166069075193,0.26784859707118824,0.44933479602129234,1.1162984177937463,1.6158529851350654,-0.16651818911377303,0.26784859707118824,0.6294117647058824,1.0558823529411765,1.6775700934579438,D,26,1,1
2023_24,2023-10-08,Arsenal,Man City,1,0,H,0,0,D,12,4,2,1,5,4,8,7,2,3,0,0,2.92,3.49,2.44,1586.2102778929311,1602.2218326851962,-16.011554792265088,Arsenal,1,0,12,4,4.0,0.0,15.0,8.0,2.4,1.0,15.4,9.4,Man City,0,1,4,12,1.0,2.0,23.0,3.0,2.6,1.0,19.2,6.2,0.3424657534246575,0.28653295128939826,0.4098360655737705,0.329663352844622,0.2758214871937812,0.39451515996159686,1.2648115457276472,1.4593669670785718,-0.06485180711697486,0.2758214871937812,0.8356164383561644,1.1952054794520548,1.4303278688524592,H,0,17,2
2023_24,2023-10-08,West Ham,Newcastle,2,2,D,1,0,H,5,10,3,3,4,2,11,18,3,3,0,0,3.32,3.72,2.13,1487.1351538275878,1551.4566818921578,-64.32152806456997,West Ham,2,2,5,10,2.0,0.0,20.0,16.0,1.8,1.6,11.6,21.6,Newcastle,2,2,10,5,2.0,0.0,20.0,8.0,2.6,1.0,16.6,10.4,0.30120481927710846,0.26881720430107525,0.4694835680751174,0.2897577672459189,0.25860101807969105,0.45164121467439,1.127874319817448,1.613524662102861,-0.1618834474284711,0.25860101807969105,0.641566265060241,1.1204819277108435,1.7464788732394367,D,25,19,1
2023_24,2023-10-08,Brighton,Liverpool,2,2,D,1,2,A,14,14,3,4,8,1,12,20,1,2,0,0,3.05,4.01,2.17,1534.5765646420934,1557.885413756036,-23.308849113942642,Brighton,2,2,14,14,1.0,6.0,11.0,19.0,2.2,2.4,14.8,13.2,Liverpool,2,2,14,14,1.0,2.0,12.0,24.0,2.4,1.0,15.2,15.6,0.3278688524590164,0.24937655860349128,0.4608294930875576,0.31584315462039075,0.24022983082099544,0.4439270145586137,1.1877592946821676,1.5720108744968364,-0.12808385993822297,0.24022983082099544,0.7114754098360656,1.3147540983606558,1.8479262672811059,D,4,15,1
2023_24,2023-10-21,Liverpool,Everton,2,0,H,0,0,D,26,6,6,1,12,4,9,9,1,1,0,1,1.36,5.66,8.01,1558.686922054336,1452.041154853599,106.64576720073705,Liverpool,2,0,26,6,2.0,2.0,14.0,14.0,2.4,1.2,16.2,13.8,Everton,0,2,6,26,3.0,0.0,25.0,11.0,1.8,1.2,18.0,11.6,0.7352941176470588,0.17667844522968199,0.12484394506866417,0.7091844236779616,0.17040473784488125,0.12041083847715704,2.297958008878766,0.5316372532763524,0.5887735852008046,0.17040473784488125,5.88970588235294,4.161764705882352,0.7066167290886393,H,15,9,2
2023_24,2023-10-21,Bournemouth,Wolves,1,2,A,1,0,H,7,20,4,7,3,12,15,10,2,6,1,0,2.41,3.48,2.95,1440.6086058481137,1469.047419828166,-28.438813980052373,Bournemouth,1,2,7,20,0.0,3.0,11.0,25.0,0.6,2.4,11.2,17.6,Wolves,2,1,20,7,1.0,1.0,8.0,18.0,1.4,1.8,7.4,18.6,0.41493775933609955,0.28735632183908044,0.3389830508474576,0.3984892653218074,0.27596526707630914,0.32554546760188335,1.4714330630417314,1.252601669881959,0.07294379771992404,0.27596526707630914,1.2240663900414939,1.4439834024896265,1.1796610169491524,A,2,26,0
2023_24,2023-10-21,Brentford,Burnley,3,0,H,1,0,H,23,6,10,1,5,5,14,12,5,2,0,1,1.83,3.74,4.4,1508.0894253627216,1472.2376787792127,35.851746583508884,Brentford,3,0,23,6,1.0,2.0,11.0,21.0,1.0,1.8,14.6,13.2,Burnley,0,3,6,23,1.0,4.0,10.0,9.0,0.8,1.8,10.8,14.4,0.5464480874316939,0.267379679144385,0.22727272727272727,0.524875447337029,0.25682408252052485,0.21830047014244616,1.8314504245316117,0.9117254929478633,0.3065749771945828,0.25682408252052485,2.4043715846994536,2.0437158469945356,0.85,H,3,5,2
2023_24,2023-10-21,Man City,Brighton,2,1,H,2,0,H,10,5,6,3,2,2,9,11,2,2,1,0,1.41,5.36,6.83,1597.1467475936722,1533.7750563437935,63.37169124987872,Man City,2,1,10,5,0.0,1.0,4.0,12.0,2.2,1.0,14.0,7.4,Brighton,1,2,5,10,2.0,2.0,14.0,14.0,2.4,2.2,12.6,13.6,0.7092198581560284,0.18656716417910446,0.14641288433382138,0.6805027074151389,0.17901283907748985,0.14048445350737127,2.2205209613229067,0.6004661995996037,0.5400182539077676,0.17901283907748985,4.843971631205674,3.8014184397163127,0.7847730600292826,H,17,4,2
2023_24,2023-10-21,Newcastle,Crystal Palace,4,0,H,3,0,H,10,17,7,3,6,8,7,12,2,3,0,0,1.46,4.53,7.44,1551.5547368975567,1494.9910794852394,56.5636574123173,Newcastle,4,0,10,17,2.0,2.0,10.0,5.0,2.8,1.0,14.0,9.6,Crystal Palace,0,4,17,10,0.0,0.0,8.0,16.0,1.0,1.0,9.0,14.6,0.684931506849315,0.22075055187637968,0.13440860215053763,0.6585305806633137,0.21224164409899296,0.1292277752376933,2.187833386088934,0.5999249698120729,0.5293028054256204,0.21224164409899296,5.095890410958905,3.1027397260273974,0.6088709677419355,H,19,8,2
2023_24,2023-10-21,Nott'm Forest,Luton,2,2,D,0,0,D,19,13,8,4,4,2,12,11,3,0,0,0,1.69,3.82,5.33,1472.293081039476,1470.2811118476866,2.011969191789376,Nott'm Forest,2,2,19,13,0.0,0.0,16.0,8.0,0.6,0.8,10.6,12.8,Luton,2,2,13,19,0.0,1.0,12.0,15.0,0.8,1.2,13.2,13.6,0.591715976331361,0.2617801047120419,0.18761726078799248,0.5683492397575933,0.2514424647095112,0.18020829553289544,1.9564901839822912,0.7920673513081975,0.3881409442246979,0.2514424647095112,3.153846153846154,2.260355029585799,0.7166979362101313,D,20,16,1
2023_24,2023-10-21,Chelsea,Arsenal,2,2,D,1,0,H,11,13,5,3,2,7,7,14,3,3,0,0,3.24,3.47,2.26,1480.7847287558618,1591.285362984455,-110.5006342285933,Chelsea,2,2,11,13,4.0,1.0,9.0,10.0,1.2,0.6,13.0,11.0,Arsenal,2,2,13,11,1.0,0.0,12.0,4.0,2.2,0.6,14.0,8.6,0.30864197530864196,0.2881844380403458,0.4424778761061947,0.29696978877132924,0.2772859122821633,0.42574429894650745,1.1681952785961511,1.5545188091216857,-0.12877451017517821,0.2772859122821633,0.6975308641975307,1.0709876543209877,1.5353982300884959,D,6,0,1
2023_24,2023-10-21,Sheffield United,Man United,1,2,A,1,1,D,12,14,6,5,5,4,12,10,3,1,0,0,7.27,5.07,1.42,1461.1454293912068,1542.7250918984275,-81.57966250722075,Sheffield United,1,2,12,14,1.0,3.0,5.0,20.0,0.8,3.4,10.0,21.2,Man United,2,1,14,12,2.0,1.0,21.0,11.0,1.0,1.6,15.0,11.6,0.13755158184319122,0.1972386587771203,0.7042253521126761,0.13238644617582754,0.18983224136060473,0.6777813124635678,0.5869915798880874,2.223176178751308,-0.5453948662877403,0.18983224136060473,0.1953232462173315,0.6973865199449795,3.570422535211268,A,21,18,0
2023_24,2023-10-22,Aston Villa,West Ham,4,1,H,1,0,H,15,14,7,4,8,7,9,15,0,1,0,0,1.9,3.86,3.88,1540.4057857548107,1487.037098822189,53.36868693262181,Aston Villa,4,1,15,14,1.0,1.0,18.0,8.0,2.2,1.2,15.4,10.4,West Ham,1,4,14,15,2.0,2.0,5.0,10.0,1.6,1.8,10.2,18.6,0.5263157894736842,0.2590673575129534,0.2577319587628866,0.5045615642729122,0.24835931920169257,0.2470791165253952,1.7620440120204293,0.9895966687778781,0.25748244774751705,0.24835931920169257,2.042105263157895,2.031578947368421,0.9948453608247423,H,1,25,2
2023_24,2023-10-23,Tottenham,Fulham,2,0,H,1,0,H,15,10,5,3,3,5,10,14,2,0,0,0,1.51,4.7,5.99,1547.8439169311848,1496.2132290062175,51.63068792496733,Tottenham,2,0,15,10,1.0,0.0,15.0,12.0,2.4,1.2,20.0,12.0,Fulham,0,2,10,15,3.0,1.0,20.0,5.0,1.0,1.6,11.8,7.4,0.6622516556291391,0.2127659574468085,0.1669449081803005,0.6355810714100268,0.2041973229423703,0.16022160564760274,2.110940537172451,0.6848621398851785,0.4753594657624241,0.2041973229423703,3.966887417218543,3.1125827814569536,0.7846410684474123,H,24,10,2
2023_24,2023-10-27,Crystal Palace,Tottenham,1,2,A,0,0,D,13,10,3,1,11,2,19,11,2,1,0,0,4.64,3.83,1.79,1491.0849471303088,1551.8252312779084,-60.740284147599596,Crystal Palace,1,2,13,10,0.0,4.0,17.0,10.0,0.4,1.4,9.2,14.2,Tottenham,2,1,10,13,2.0,0.0,15.0,10.0,1.8,0.8,19.0,10.8,0.21551724137931036,0.2610966057441253,0.5586592178770949,0.20817429590829728,0.2522007135808092,0.5396249905108935,0.876723601305701,1.8710756851134898,-0.33145069460259624,0.2522007135808092,0.3857758620689655,0.8254310344827587,2.1396648044692737,A,8,24,0
2023_24,2023-10-28,Chelsea,Brentford,0,2,A,0,0,D,17,7,2,5,10,1,12,7,1,4,0,0,1.65,4.1,5.31,1481.4809990022027,1512.3159654774208,-30.834966475218152,Chelsea,0,2,17,7,2.0,2.0,11.0,13.0,1.6,0.8,11.0,12.2,Brentford,2,0,7,17,3.0,0.0,23.0,6.0,1.2,1.4,15.0,12.0,0.6060606060606061,0.24390243902439027,0.18832391713747648,0.5837120450432334,0.23490850593203297,0.18137944902473357,1.9860446410617332,0.7790468530062337,0.4023325960184998,0.23490850593203297,3.2181818181818183,2.484848484848485,0.7721280602636534,A,6,3,0
2023_24,2023-10-28,Arsenal,Sheffield United,5,0,H,1,0,H,13,2,8,0,6,1,9,13,0,3,0,0,1.13,9.61,21.6,1590.5890927381142,1455.3453290662835,135.24376367183072,Arsenal,5,0,13,2,2.0,2.0,13.0,11.0,2.0,0.8,13.2,8.8,Sheffield United,0,5,2,13,1.0,2.0,12.0,14.0,0.6,3.4,9.8,20.8,0.8849557522123894,0.10405827263267431,0.046296296296296294,0.854773427967747,0.10050925843949575,0.04471731359275713,2.6648295423427366,0.23466119921776712,0.8100561143749899,0.10050925843949575,19.115044247787612,8.504424778761063,0.44490740740740736,H,0,21,2
2023_24,2023-10-28,Bournemouth,Burnley,2,1,H,1,1,D,13,6,6,3,10,5,9,12,2,3,0,0,2.13,3.66,3.38,1433.89427361451,1468.0111386645135,-34.116865050003526,Bournemouth,2,1,13,6,1.0,2.0,7.0,20.0,0.4,2.4,10.2,17.4,Burnley,1,2,6,13,0.0,3.0,6.0,23.0,0.6,2.2,10.0,16.2,0.4694835680751174,0.27322404371584696,0.2958579881656805,0.45204998903749183,0.26307827230870423,0.284871738653804,1.6192282394211797,1.1176934882701162,0.16717825038368783,0.26307827230870423,1.5868544600938967,1.7183098591549297,1.0828402366863905,H,2,5,2
2023_24,2023-10-28,Wolves,Newcastle,2,2,D,1,2,A,11,13,6,5,8,7,13,15,1,4,0,0,4.26,3.94,1.82,1475.7617520617698,1555.4608692524873,-79.69911719071752,Wolves,2,2,11,13,2.0,1.0,20.0,7.0,1.4,1.4,9.0,16.8,Newcastle,2,2,13,11,4.0,0.0,10.0,17.0,3.4,0.4,14.2,10.0,0.2347417840375587,0.25380710659898476,0.5494505494505494,0.22614827616656785,0.24451564885014695,0.5293360749832852,0.9229604773498505,1.8325238738000025,-0.3031877988167173,0.24451564885014695,0.42723004694835687,0.9248826291079812,2.1648351648351647,D,26,19,1
2023_24,2023-10-29,West Ham,Everton,0,1,A,0,0,D,12,10,2,4,4,3,7,11,4,1,0,0,2.15,3.64,3.32,1483.0823561973982,1448.8534687972601,34.22888740013809,West Ham,0,1,12,10,1.0,4.0,14.0,15.0,1.4,2.4,11.2,18.4,Everton,1,0,10,12,0.0,2.0,6.0,26.0,1.4,1.2,16.0,14.2,0.46511627906976744,0.2747252747252747,0.30120481927710846,0.44677767590429146,0.26389340747094137,0.2893289166247671,1.6042264351838158,1.1318801573452428,0.15744875927952434,0.26389340747094137,1.544186046511628,1.6930232558139535,1.0963855421686748,A,25,9,0
2023_24,2023-10-29,Aston Villa,Luton,3,1,H,1,0,H,17,7,6,1,6,4,11,10,3,2,0,0,1.28,6.19,10.79,1544.3605283796014,1471.5072070362696,72.8533213433318,Aston Villa,3,1,17,7,4.0,1.0,15.0,14.0,3.0,0.8,16.6,9.8,Luton,1,3,7,17,2.0,2.0,13.0,19.0,1.2,1.4,14.4,14.8,0.78125,0.16155088852988692,0.09267840593141799,0.7544815277126671,0.15601556631215086,0.08950290597518201,2.419460149450152,0.4245242842376969,0.6649786217374851,0.15601556631215086,8.4296875,4.8359375,0.5736793327154773,H,1,16,2
2023_24,2023-10-29,Brighton,Fulham,1,1,D,1,0,H,18,10,7,5,7,3,12,8,0,3,0,0,1.56,4.6,5.42,1529.9714618604867,1492.231914659494,37.739547200992774,Brighton,1,1,18,10,1.0,2.0,5.0,10.0,2.0,2.4,10.6,13.8,Fulham,1,1,10,18,0.0,2.0,10.0,15.0,0.8,1.0,12.6,9.0,0.641025641025641,0.2173913043478261,0.18450184501845018,0.6146457873146103,0.20844509308930265,0.1769091195960871,2.0523824550331335,0.739172451877564,0.43773666771852315,0.20844509308930265,3.474358974358974,2.9487179487179485,0.8487084870848708,D,4,10,1
2023_24,2023-10-29,Liverpool,Nott'm Forest,3,0,H,2,0,H,21,9,8,1,8,3,9,13,2,3,0,0,1.27,6.38,10.39,1561.874608110675,1471.066985850893,90.80762225978197,Liverpool,3,0,21,9,2.0,0.0,26.0,6.0,2.2,1.2,18.0,13.2,Nott'm Forest,0,3,9,21,2.0,2.0,19.0,13.0,0.8,1.2,13.0,11.2,0.7874015748031495,0.15673981191222572,0.09624639076034648,0.7568347032234567,0.15065518387050003,0.09251011290604332,2.42115929354087,0.42818552258862996,0.6643245903174134,0.15065518387050003,8.181102362204724,5.0236220472440944,0.6140519730510106,H,15,20,2
2023_24,2023-10-29,Man United,Man City,0,3,A,0,1,A,7,21,3,10,7,12,9,4,4,1,0,0,4.99,4.04,1.69,1548.5251922233508,1600.950342076979,-52.42514985362823,Man United,0,3,7,21,2.0,1.0,14.0,12.0,1.2,1.2,15.8,10.6,Man City,3,0,21,7,2.0,1.0,10.0,5.0,1.6,1.0,14.6,7.2,0.2004008016032064,0.24752475247524752,0.591715976331361,0.19275951925873017,0.23808663393590684,0.5691538468053631,0.8163651917120973,1.945548174351996,-0.37639432754663293,0.23808663393590684,0.3386773547094188,0.8096192384769538,2.3905325443786984,A,18,17,0
2023_24,2023-11-04,Everton,Brighton,1,1,D,1,0,H,10,7,4,2,3,3,15,5,4,2,0,0,3.09,3.81,2.2,1456.6013162105778,1528.1682970312265,-71.56698082064872,Everton,1,1,10,7,1.0,0.0,10.0,12.0,1.6,1.0,16.4,14.0,Brighton,1,1,7,10,1.0,1.0,18.0,10.0,1.6,2.4,12.2,13.0,0.3236245954692557,0.26246719160104987,0.45454545454545453,0.3109869438910099,0.2522177576438899,0.4367952984651002,1.1851785893169196,1.5626036530391905,-0.1258083545740903,0.2522177576438899,0.7119741100323626,1.2330097087378642,1.7318181818181817,D,9,4,1
2023_24,2023-11-04,Sheffield United,Wolves,2,1,H,0,0,D,11,10,2,3,4,4,13,10,2,3,0,0,3.83,3.64,1.98,1452.5278906078331,1475.9292063838018,-23.40131577596867,Sheffield United,2,1,11,10,0.0,5.0,2.0,13.0,0.4,4.0,8.8,17.8,Wolves,1,2,10,11,2.0,2.0,11.0,13.0,1.6,1.2,9.0,16.2,0.2610966057441253,0.2747252747252747,0.5050505050505051,0.25084401255751465,0.26393751870749477,0.4852184687349905,1.0164695563800388,1.7195929249124664,-0.23437445617747588,0.26393751870749477,0.5169712793733682,0.9503916449086162,1.8383838383838385,H,21,26,2
2023_24,2023-11-04,Man City,Bournemouth,6,1,H,3,0,H,21,5,8,1,12,1,8,9,0,1,0,0,1.1,11.39,26.19,1607.253590381192,1439.2767877901551,167.97680259103686,Man City,6,1,21,5,3.0,0.0,21.0,7.0,1.6,0.8,13.0,7.4,Bournemouth,1,6,5,21,2.0,1.0,13.0,6.0,0.8,2.6,10.2,15.8,0.9090909090909091,0.08779631255487269,0.038182512409316534,0.8782895288893809,0.08482164019124837,0.036888830919370716,2.719690226859391,0.19548813294936052,0.8414006979700103,0.08482164019124837,23.80909090909091,10.354545454545454,0.4348988163421153,H,17,2,2
2023_24,2023-11-04,Newcastle,Arsenal,1,0,H,0,0,D,9,14,2,1,0,11,14,9,5,1,0,0,2.82,3.39,2.56,1555.2934149304554,1593.4065311965646,-38.11311626610927,Newcastle,1,0,9,14,2.0,2.0,13.0,11.0,3.6,0.8,15.0,10.0,Arsenal,0,1,14,9,5.0,0.0,13.0,2.0,2.8,0.8,13.2,7.6,0.3546099290780142,0.2949852507374631,0.390625,0.34089891347898843,0.2835796271418134,0.3755214593791982,1.3062763675787787,1.4101440052794079,-0.034622545900209745,0.2835796271418134,0.9078014184397164,1.202127659574468,1.32421875,H,19,0,2
2023_24,2023-11-04,Burnley,Crystal Palace,0,2,A,0,1,A,17,4,5,3,12,1,9,12,0,5,0,0,2.85,3.23,2.63,1462.6286244888684,1484.9250753535987,-22.296450864730332,Burnley,0,2,17,4,1.0,2.0,6.0,13.0,0.8,2.4,8.8,16.6,Crystal Palace,2,0,4,17,1.0,2.0,13.0,10.0,0.4,1.2,10.6,13.0,0.3508771929824561,0.30959752321981426,0.3802281368821293,0.33715406077973004,0.29748887715858535,0.3653570620616847,1.3089510594977753,1.3935600633436396,-0.028203001281954687,0.29748887715858535,0.9228070175438596,1.1333333333333333,1.2281368821292775,A,5,8,0
2023_24,2023-11-04,Fulham,Man United,0,1,A,0,0,D,18,12,3,5,9,4,9,15,5,2,0,0,3.24,3.61,2.2,1494.035079488754,1542.2219439191379,-48.18686443038382,Fulham,0,1,18,12,1.0,1.0,10.0,18.0,0.8,1.2,12.0,11.2,Man United,1,0,12,18,0.0,3.0,7.0,21.0,1.0,1.2,14.4,12.8,0.30864197530864196,0.2770083102493075,0.45454545454545453,0.2967152848347181,0.26630402295415145,0.43698069221113034,1.1564498774583059,1.5772460995875424,-0.14026540737641224,0.26630402295415145,0.6790123456790124,1.1141975308641974,1.6409090909090907,A,10,18,0
2023_24,2023-11-04,Brentford,West Ham,3,2,H,1,2,A,16,12,4,2,4,3,12,14,1,4,0,0,2.08,3.67,3.46,1518.9894712775229,1475.3345087840805,43.654962493442326,Brentford,3,2,16,12,2.0,0.0,7.0,17.0,1.6,1.2,14.2,13.6,West Ham,2,3,12,16,0.0,1.0,12.0,10.0,1.2,2.0,12.4,14.6,0.4807692307692307,0.2724795640326976,0.28901734104046245,0.461273003349244,0.2614299310535225,0.27729706559723344,1.6452489411012543,1.0933211278452228,0.18397593775201054,0.2614299310535225,1.6634615384615383,1.7644230769230769,1.060693641618497,H,3,25,2
2023_24,2023-11-05,Nott'm Forest,Aston Villa,2,0,H,1,0,H,5,13,3,3,0,10,6,9,1,1,0,0,4.09,3.77,1.89,1467.6613697328696,1548.0237603106495,-80.36239057777993,Nott'm Forest,2,0,5,13,0.0,3.0,9.0,21.0,0.6,1.6,12.0,13.4,Aston Villa,0,2,13,5,3.0,1.0,17.0,7.0,3.0,0.8,16.8,10.0,0.24449877750611249,0.26525198938992045,0.5291005291005292,0.23535493332716756,0.2553320098960518,0.5093130567767806,0.9613968098775545,1.7832711802263936,-0.27395812344961307,0.2553320098960518,0.4621026894865526,0.9217603911980441,1.9947089947089949,H,20,1,2
2023_24,2023-11-05,Luton,Liverpool,1,1,D,0,0,D,8,24,5,6,4,7,7,13,1,1,0,0,11.46,6.8,1.24,1467.8439751052215,1565.2802242286982,-97.43624912347673,Luton,1,1,8,24,1.0,3.0,7.0,17.0,1.2,1.8,11.8,17.6,Liverpool,1,1,24,8,3.0,0.0,21.0,9.0,2.2,1.0,19.0,12.8,0.08726003490401396,0.14705882352941177,0.8064516129032259,0.08384176656352166,0.14129803600264093,0.7748601974338374,0.39282333569320593,2.4658786283041527,-0.6910184308703158,0.14129803600264093,0.1082024432809773,0.5933682373472948,5.483870967741935,D,16,15,1
2023_24,2023-11-06,Tottenham,Chelsea,1,4,A,1,1,D,8,17,5,8,1,6,12,21,1,5,2,0,2.13,3.73,3.29,1557.9851030546185,1474.8074932021007,83.17760985251789,Tottenham,1,4,8,17,2.0,1.0,10.0,13.0,1.8,0.8,15.4,12.0,Chelsea,4,1,17,8,0.0,2.0,17.0,7.0,1.6,1.2,11.6,11.0,0.4694835680751174,0.2680965147453083,0.303951367781155,0.45076273770124486,0.25740606737363314,0.29183119492512205,1.6096942804773677,1.1328996521489993,0.15893154277612281,0.25740606737363314,1.5446009389671362,1.751173708920188,1.1337386018237081,A,24,6,0
2023_24,2023-11-11,Wolves,Tottenham,2,1,H,0,1,A,17,6,4,2,11,3,19,15,4,3,0,0,3.13,3.73,2.21,1470.7291462791568,1549.4988584240193,-78.76971214486252,Wolves,2,1,17,6,1.0,2.0,10.0,11.0,1.6,1.4,10.4,14.4,Tottenham,1,2,6,17,1.0,4.0,8.0,17.0,1.6,1.2,14.4,12.8,0.3194888178913738,0.2680965147453083,0.45248868778280543,0.30717892344096437,0.2577667641743213,0.43505431238471426,1.1793035344972145,1.5629297013284642,-0.1278753889437499,0.2577667641743213,0.7060702875399362,1.1916932907348243,1.6877828054298643,H,26,24,2
2023_24,2023-11-11,Arsenal,Burnley,3,1,H,1,0,H,16,8,6,5,3,3,8,9,0,1,1,0,1.19,7.34,15.07,1587.955657241277,1455.8099514131127,132.1457058281644,Arsenal,3,1,16,8,0.0,1.0,14.0,9.0,2.4,0.6,13.4,6.8,Burnley,1,3,8,16,0.0,2.0,17.0,4.0,0.8,2.4,10.6,13.4,0.8403361344537815,0.1362397820163488,0.06635700066357,0.8057432272473316,0.13063139515317776,0.06362537759949068,2.5478610768951726,0.32150752795164983,0.7421178496478409,0.13063139515317776,12.663865546218489,6.168067226890757,0.4870603848706038,H,0,5,2
2023_24,2023-11-11,Crystal Palace,Everton,2,3,A,1,1,D,13,8,4,4,9,2,9,18,1,4,0,0,2.44,3.21,3.11,1491.7437484293544,1456.628376827185,35.11537160216926,Crystal Palace,2,3,13,8,2.0,0.0,4.0,17.0,0.8,1.2,10.0,14.4,Everton,3,2,8,13,1.0,1.0,10.0,7.0,1.2,1.0,14.8,13.0,0.4098360655737705,0.3115264797507788,0.3215434083601286,0.39297509437527306,0.29871004058431966,0.3083148650404071,1.477635323710139,1.2236546357055411,0.08466022933486594,0.29871004058431966,1.2745901639344261,1.3155737704918034,1.032154340836013,A,8,9,0
2023_24,2023-11-11,Man United,Luton,1,0,H,0,0,D,15,10,4,4,11,3,9,11,0,2,0,0,1.33,5.6,9.17,1548.598149254158,1468.3167999170216,80.28134933713636,Man United,1,0,15,10,1.0,0.0,12.0,18.0,1.0,1.2,14.6,14.0,Luton,0,1,10,15,1.0,1.0,8.0,24.0,1.0,1.8,11.6,17.8,0.7518796992481203,0.17857142857142858,0.10905125408942203,0.7233073366001794,0.17178549244254263,0.10490717095727795,2.341707502243081,0.4865070053143764,0.6184001656429015,0.17178549244254263,6.894736842105263,4.2105263157894735,0.6106870229007634,H,18,16,2
2023_24,2023-11-11,Bournemouth,Newcastle,2,0,H,0,0,D,19,8,10,5,6,5,10,4,2,1,0,0,4.67,4.03,1.73,1436.8451646589806,1560.744288885743,-123.8991242267623,Bournemouth,2,0,19,8,1.0,6.0,5.0,21.0,0.8,3.2,8.8,17.4,Newcastle,0,2,8,19,1.0,0.0,9.0,14.0,2.2,0.8,12.4,11.0,0.21413276231263384,0.24813895781637715,0.5780346820809249,0.20583624387752394,0.23852487814095202,0.5556388779815242,0.8560336097735238,1.9054415120855248,-0.34980263410400025,0.23852487814095202,0.37044967880085655,0.8629550321199144,2.3294797687861273,H,2,19,2
2023_24,2023-11-12,Aston Villa,Fulham,3,1,H,2,0,H,12,9,6,5,2,2,4,17,2,5,0,0,1.59,4.28,5.66,1541.8448612086447,1487.658874153734,54.18598705491081,Aston Villa,3,1,12,9,0.0,2.0,13.0,5.0,2.8,1.2,16.4,9.0,Fulham,1,3,9,12,0.0,1.0,18.0,12.0,0.8,1.4,13.6,12.2,0.6289308176100629,0.2336448598130841,0.17667844522968199,0.6051751962307704,0.2248197574782535,0.17000504629097615,2.040345346170565,0.7348348963511819,0.4351701499397943,0.2248197574782535,3.559748427672956,2.691823899371069,0.7561837455830389,H,1,10,2
2023_24,2023-11-12,West Ham,Nott'm Forest,3,2,H,1,1,D,16,10,6,5,9,4,9,12,2,2,0,0,1.89,3.77,4.09,1471.2301208897968,1473.8402688348745,-2.6101479450776424,West Ham,3,2,16,10,2.0,3.0,12.0,16.0,1.4,2.0,12.6,13.4,Nott'm Forest,2,3,10,16,2.0,0.0,5.0,13.0,1.0,1.2,11.0,14.6,0.5291005291005292,0.26525198938992045,0.24449877750611249,0.5093130567767806,0.2553320098960518,0.23535493332716756,1.7832711802263936,0.9613968098775545,0.27395812344961307,0.2553320098960518,2.164021164021164,1.9947089947089949,0.9217603911980441,H,25,20,2
2023_24,2023-11-12,Liverpool,Brentford,3,0,H,1,0,H,17,16,10,3,6,8,16,12,1,2,0,0,1.42,5.16,7.05,1564.807399416898,1523.0938591718066,41.71354024509151,Liverpool,3,0,17,16,1.0,1.0,24.0,8.0,1.8,1.0,19.4,12.2,Brentford,0,3,16,17,3.0,2.0,16.0,12.0,2.0,1.0,15.0,12.4,0.7042253521126761,0.19379844961240308,0.14184397163120568,0.6772258648229026,0.1863683581489383,0.1364057770281591,2.218045952617646,0.5955856892334156,0.5408200877947436,0.1863683581489383,4.964788732394366,3.633802816901409,0.7319148936170213,H,15,3,2
2023_24,2023-11-12,Brighton,Sheffield United,1,1,D,1,0,H,11,9,6,1,6,3,13,16,3,2,1,0,1.24,6.73,11.71,1528.1412364146192,1457.727950712478,70.41328570214114,Brighton,1,1,11,9,1.0,1.0,7.0,10.0,1.2,2.4,11.0,12.6,Sheffield United,1,1,9,11,2.0,1.0,11.0,10.0,0.8,2.6,9.2,15.4,0.8064516129032259,0.1485884101040119,0.08539709649871904,0.7751084594964883,0.14281344573189383,0.08207809477161788,2.468138824221359,0.38904773004674753,0.6930303647248705,0.14281344573189383,9.443548387096776,5.42741935483871,0.5747224594363791,D,4,21,1
2023_24,2023-11-12,Chelsea,Man City,4,4,D,2,2,D,17,15,9,10,3,3,12,15,5,3,0,0,4.93,3.83,1.74,1483.2937378327,1609.6852135123665,-126.39147567966666,Chelsea,4,4,17,15,4.0,1.0,17.0,8.0,2.4,1.2,13.0,9.6,Man City,4,4,15,17,6.0,1.0,21.0,5.0,2.4,1.0,15.8,6.4,0.20283975659229211,0.2610966057441253,0.5747126436781609,0.1952919180759752,0.25138098070876175,0.553327101215263,0.8372567349366873,1.9113622843545506,-0.3580351831392877,0.25138098070876175,0.35294117647058826,0.7768762677484787,2.2011494252873565,D,6,17,1
2023_24,2023-11-25,Newcastle,Chelsea,4,1,H,1,1,D,14,7,5,4,4,2,13,19,4,4,0,1,2.62,3.5,2.68,1553.8208799007548,1484.2591216771907,69.56175822356408,Newcastle,4,1,14,7,0.0,2.0,8.0,19.0,1.8,1.2,10.0,13.2,Chelsea,1,4,7,14,4.0,4.0,17.0,15.0,2.8,2.0,14.2,10.6,0.38167938931297707,0.2857142857142857,0.3731343283582089,0.366813183375307,0.274585868698087,0.35860094792660613,1.3750254188240079,1.3503887124779053,0.008212235448700866,0.274585868698087,1.0229007633587786,1.3358778625954197,1.3059701492537312,H,19,6,2
2023_24,2023-11-25,Nott'm Forest,Brighton,2,3,A,1,2,A,18,11,5,5,6,4,12,7,2,4,0,1,3.22,3.64,2.2,1468.989672139306,1525.8403122326483,-56.850640093342236,Nott'm Forest,2,3,18,11,2.0,3.0,10.0,16.0,1.2,1.6,11.8,14.2,Brighton,3,2,11,18,1.0,1.0,11.0,9.0,1.2,1.4,11.0,10.6,0.3105590062111801,0.2747252747252747,0.45454545454545453,0.29866332497911446,0.26420217209690894,0.43713450292397665,1.1601921470342524,1.575605680868839,-0.1384711779448622,0.26420217209690894,0.6832298136645963,1.1304347826086956,1.6545454545454545,A,20,4,0
2023_24,2023-11-25,Sheffield United,Bournemouth,1,3,A,0,2,A,10,23,2,11,4,7,6,8,4,1,0,0,3.29,3.53,2.21,1460.028874894449,1443.7685736439687,16.260301250480325,Sheffield United,1,3,10,23,1.0,1.0,9.0,11.0,1.0,2.4,7.8,13.6,Bournemouth,3,1,23,10,2.0,0.0,19.0,8.0,1.2,2.4,11.0,16.0,0.303951367781155,0.28328611898017,0.45248868778280543,0.2923379012886955,0.2724622366118437,0.43519986209946077,1.1494759404779302,1.578061822910226,-0.14286196081076524,0.2724622366118437,0.6717325227963525,1.0729483282674772,1.597285067873303,A,21,2,0
2023_24,2023-11-25,Man City,Liverpool,1,1,D,1,0,H,16,8,5,3,9,6,9,11,1,3,0,0,1.75,4.31,4.29,1608.7198296678757,1568.9420210258554,39.77780864202032,Man City,1,1,16,8,4.0,4.0,15.0,17.0,3.0,1.4,14.2,9.2,Liverpool,1,1,8,16,3.0,0.0,17.0,16.0,2.2,0.6,20.4,10.6,0.5714285714285714,0.2320185614849188,0.2331002331002331,0.5512807134189427,0.22383787667822502,0.22488140990283212,1.877680016935053,0.8984821063867214,0.3263993035161106,0.22383787667822502,2.4514285714285715,2.4628571428571426,1.0046620046620045,D,17,15,1
2023_24,2023-11-25,Burnley,West Ham,1,2,A,0,0,D,11,11,5,3,4,5,11,7,1,3,0,0,3.47,3.62,2.1,1452.9538825120233,1476.0807175853652,-23.12683507334191,Burnley,1,2,11,11,1.0,3.0,8.0,16.0,0.6,2.8,9.4,13.0,West Ham,2,1,11,11,3.0,2.0,16.0,10.0,1.6,2.4,11.8,12.2,0.2881844380403458,0.27624309392265195,0.47619047619047616,0.27693585521522457,0.26546061259580916,0.45760353218896627,1.096268178241483,1.638271209162708,-0.1806676769737417,0.26546061259580916,0.6051873198847262,1.0432276657060517,1.7238095238095237,A,5,25,0
2023_24,2023-11-25,Luton,Crystal Palace,2,1,H,0,0,D,8,16,3,8,4,5,15,12,6,1,0,0,3.63,3.38,2.13,1464.7614734189679,1483.9819015416645,-19.220428122696603,Luton,2,1,8,16,0.0,1.0,10.0,15.0,0.8,1.6,10.0,18.0,Crystal Palace,1,2,16,8,2.0,3.0,13.0,8.0,1.0,1.8,11.0,12.2,0.27548209366391185,0.2958579881656805,0.4694835680751174,0.26467701198866206,0.2842537140588294,0.45106927395250856,1.0782847500248156,1.637461535916355,-0.1863922619638465,0.2842537140588294,0.5867768595041322,0.931129476584022,1.5868544600938967,H,16,8,2
2023_24,2023-11-25,Brentford,Arsenal,0,1,A,0,0,D,9,15,3,4,1,8,9,7,1,1,0,0,4.64,3.84,1.77,1518.9592375628492,1590.8117261423665,-71.85248857951728,Brentford,0,1,9,15,0.0,3.0,16.0,17.0,1.8,1.4,14.6,14.6,Arsenal,1,0,15,9,3.0,1.0,16.0,8.0,2.2,0.8,13.6,6.8,0.21551724137931036,0.2604166666666667,0.5649717514124294,0.20704781400789588,0.25018277525954086,0.5427694107325632,0.8713262172832286,1.8784910074572305,-0.3357215967246674,0.25018277525954086,0.38146551724137934,0.8275862068965517,2.169491525423729,A,3,0,0
2023_24,2023-11-26,Everton,Man United,0,3,A,0,1,A,24,9,6,4,6,5,10,8,3,0,0,0,2.74,3.52,2.56,1464.390223714875,1552.1534757522118,-87.76325203733677,Everton,0,3,24,9,3.0,2.0,8.0,13.0,1.6,1.0,11.8,13.8,Man United,3,0,9,24,1.0,0.0,15.0,10.0,1.2,1.0,13.8,14.4,0.36496350364963503,0.2840909090909091,0.390625,0.3510346546995761,0.27324856644228374,0.3757167788581401,1.326352530541012,1.4003989030167039,-0.024682124158563967,0.27324856644228374,0.9343065693430657,1.2846715328467153,1.375,A,9,18,0
2023_24,2023-11-26,Tottenham,Aston Villa,1,2,A,1,1,D,18,15,8,5,9,3,11,13,0,4,0,0,2.35,3.89,2.8,1543.3474430159013,1545.7871396086246,-2.439696592723294,Tottenham,1,2,18,15,1.0,2.0,6.0,17.0,1.4,1.4,10.8,13.8,Aston Villa,2,1,15,18,3.0,1.0,12.0,9.0,2.2,1.2,15.0,8.6,0.425531914893617,0.2570694087403599,0.35714285714285715,0.4092659740357337,0.24724294061284682,0.34349108535141937,1.475040862720048,1.277716196667105,0.06577488868431436,0.24724294061284682,1.1914893617021276,1.6553191489361703,1.3892857142857145,A,24,1,0
2023_24,2023-11-27,Fulham,Wolves,3,2,H,1,1,D,12,10,6,6,6,2,13,13,2,2,0,0,2.43,3.34,3.02,1483.716595753754,1476.8805616872748,6.836034066479215,Fulham,3,2,12,10,1.0,3.0,9.0,12.0,1.0,1.6,13.4,12.4,Wolves,2,3,10,12,2.0,1.0,17.0,6.0,1.6,1.4,13.2,11.0,0.4115226337448559,0.29940119760479045,0.33112582781456956,0.39491652833025326,0.28731951013248974,0.31776396153725683,1.4720690951232496,1.2406113947442603,0.07715256679299642,0.28731951013248974,1.242798353909465,1.374485596707819,1.1059602649006621,H,10,26,2
2023_24,2023-12-02,Arsenal,Wolves,2,1,H,2,0,H,19,6,6,3,4,0,10,10,1,2,0,0,1.27,5.95,11.58,1596.7797351011134,1472.186255708455,124.59347939265831,Arsenal,2,1,19,6,1.0,0.0,15.0,9.0,2.2,0.8,14.2,7.8,Wolves,1,2,6,19,2.0,3.0,10.0,12.0,1.8,1.8,13.6,9.8,0.7874015748031495,0.1680672268907563,0.08635578583765112,0.7557909308598452,0.16132008104067283,0.08288898809948216,2.428692873620208,0.40998704533911934,0.672901942760363,0.16132008104067283,9.118110236220472,4.68503937007874,0.5138169257340242,H,0,26,2
2023_24,2023-12-02,Brentford,Luton,3,1,H,0,0,D,27,7,6,1,7,5,10,8,1,2,0,0,1.48,4.63,6.88,1512.9912286041024,1469.8907325461068,43.10049605799554,Brentford,3,1,27,7,0.0,1.0,9.0,15.0,1.6,1.2,14.2,13.4,Luton,1,3,7,27,2.0,1.0,8.0,16.0,1.2,1.6,9.2,18.2,0.6756756756756757,0.2159827213822894,0.14534883720930233,0.6515631264164683,0.2082750382497566,0.14016183533377516,2.1629644174991616,0.6287605442510821,0.5114012910826932,0.2082750382497566,4.648648648648648,3.1283783783783785,0.6729651162790697,H,3,16,2
2023_24,2023-12-02,Burnley,Sheffield United,5,0,H,2,0,H,19,6,7,3,6,1,9,12,2,5,0,1,1.83,3.68,4.55,1446.1492872501985,1452.569084295402,-6.419797045203495,Burnley,5,0,19,6,1.0,2.0,11.0,11.0,0.6,2.4,9.6,13.4,Sheffield United,0,5,6,19,1.0,3.0,10.0,23.0,1.0,2.4,8.8,14.2,0.5464480874316939,0.2717391304347826,0.21978021978021978,0.5264597593452581,0.2617992825004952,0.21174095815424668,1.8411785605362696,0.8970221569632353,0.3147188011910115,0.2617992825004952,2.4863387978142075,2.010928961748634,0.8087912087912088,H,5,21,2
2023_24,2023-12-02,Nott'm Forest,Everton,0,1,A,0,0,D,13,12,2,3,4,3,15,14,1,0,0,0,2.8,3.35,2.62,1462.7626990993242,1458.6967172041611,4.065981895163077,Nott'm Forest,0,1,13,12,2.0,3.0,18.0,11.0,1.6,2.2,12.2,14.8,Everton,1,0,12,13,0.0,3.0,24.0,9.0,1.0,1.6,11.6,13.4,0.35714285714285715,0.29850746268656714,0.38167938931297707,0.3442905895736085,0.28776526889734433,0.36794414152904714,1.3206370376181695,1.3915976934844858,-0.023653551955438668,0.28776526889734433,0.9357142857142858,1.1964285714285716,1.2786259541984732,A,20,9,0
2023_24,2023-12-02,Newcastle,Man United,1,0,H,0,0,D,22,8,4,1,7,3,6,13,1,2,0,0,1.94,3.84,3.84,1557.5325102444124,1557.8469822629256,-0.3144720185132428,Newcastle,1,0,22,8,4.0,1.0,14.0,7.0,2.2,1.0,10.8,13.6,Man United,0,1,8,22,3.0,0.0,9.0,24.0,1.4,0.8,11.4,17.0,0.5154639175257733,0.2604166666666667,0.2604166666666667,0.49740932642487046,0.25129533678756477,0.25129533678756477,1.7435233160621761,1.005181347150259,0.24611398963730569,0.25129533678756477,1.9793814432989691,1.9793814432989691,1.0,H,19,18,2
2023_24,2023-12-03,West Ham,Crystal Palace,1,1,D,1,0,H,9,9,3,2,2,3,17,7,2,0,0,0,2.02,3.53,3.84,1482.8853128471899,1478.8526424145255,4.032670432664418,West Ham,1,1,9,9,2.0,1.0,11.0,11.0,1.6,2.2,13.0,12.4,Crystal Palace,1,1,9,9,1.0,2.0,16.0,8.0,1.2,2.2,12.6,10.6,0.49504950495049505,0.28328611898017,0.2604166666666667,0.4765809032929479,0.2727176840373243,0.25070141266972784,1.702460393916168,1.0248219220465078,0.22587949062322005,0.2727176840373243,1.900990099009901,1.7475247524752475,0.9192708333333334,D,25,8,1
2023_24,2023-12-03,Bournemouth,Aston Villa,2,2,D,1,1,D,15,11,7,3,7,7,16,12,5,3,0,0,3.45,4.0,2.01,1451.2283642430157,1552.9393782130492,-101.71101397003349,Bournemouth,2,2,15,11,3.0,1.0,23.0,10.0,1.8,2.0,13.4,13.0,Aston Villa,2,2,11,15,2.0,1.0,15.0,18.0,2.4,1.2,14.4,10.6,0.2898550724637681,0.25,0.49751243781094534,0.27941406453630824,0.24099463066256582,0.4795913048011261,1.0792368242714905,1.679768545065944,-0.20017724026481787,0.24099463066256582,0.5826086956521738,1.1594202898550725,1.9900497512437814,D,2,1,1
2023_24,2023-12-03,Chelsea,Brighton,3,2,H,2,1,H,8,18,5,9,5,8,16,12,3,5,1,0,1.75,4.24,4.37,1480.5474913335331,1532.0672852726302,-51.5197939390971,Chelsea,3,2,8,18,1.0,4.0,7.0,14.0,2.2,2.6,13.8,11.4,Brighton,2,3,18,8,3.0,2.0,11.0,18.0,1.4,1.4,10.4,11.4,0.5714285714285714,0.23584905660377356,0.22883295194508008,0.5515131130511396,0.22762923298101279,0.22085765396784765,1.8821685721344317,0.8902021948845558,0.33065545908329197,0.22762923298101279,2.4971428571428573,2.422857142857143,0.9702517162471396,H,6,4,2
2023_24,2023-12-03,Liverpool,Fulham,4,3,H,2,2,D,26,9,12,5,3,4,6,7,0,0,0,0,1.26,6.62,10.56,1570.7771495548554,1488.4109017325738,82.3662478222816,Liverpool,4,3,26,9,1.0,1.0,8.0,16.0,2.0,0.4,19.2,11.0,Fulham,3,4,9,26,3.0,2.0,12.0,10.0,1.0,1.8,11.8,13.4,0.7936507936507936,0.1510574018126888,0.0946969696969697,0.7635624877121698,0.14533062454944623,0.09110688773838391,2.436018087685956,0.4186512877645979,0.6724555999737859,0.14533062454944623,8.380952380952381,5.253968253968254,0.6268939393939393,H,15,10,2
2023_24,2023-12-03,Man City,Tottenham,3,3,D,2,1,H,18,8,4,4,10,8,14,14,4,4,0,0,1.3,6.18,9.27,1606.8847011388757,1536.1952044114767,70.68949672739905,Man City,3,3,18,8,1.0,1.0,16.0,8.0,3.2,1.4,16.6,8.4,Tottenham,3,3,8,18,1.0,2.0,18.0,15.0,1.4,1.8,11.4,14.4,0.7692307692307692,0.16181229773462785,0.10787486515641856,0.7404153354632588,0.15575079872204475,0.10383386581469649,2.3769968051118213,0.46725239616613423,0.6365814696485623,0.15575079872204475,7.13076923076923,4.753846153846154,0.6666666666666666,D,17,24,1
2023_24,2023-12-05,Luton,Arsenal,3,4,A,1,2,A,6,23,4,9,3,8,14,7,2,1,0,0,14.98,6.73,1.21,1465.7777207744855,1599.7314918714935,-133.95377109700803,Luton,3,4,6,23,1.0,3.0,7.0,27.0,1.0,1.8,8.0,19.8,Arsenal,4,3,23,6,2.0,1.0,19.0,6.0,2.2,0.6,15.4,6.8,0.06675567423230974,0.1485884101040119,0.8264462809917356,0.06407783797394646,0.14262793653041875,0.7932942254956349,0.3348614504522581,2.522510613017323,-0.7292163875216884,0.14262793653041875,0.08077436582109479,0.4492656875834446,5.561983471074381,A,16,0,0
2023_24,2023-12-05,Wolves,Burnley,1,0,H,1,0,H,7,12,4,3,6,8,11,15,2,4,0,0,1.89,3.62,4.31,1469.234498938075,1451.0633907359493,18.17110820212565,Wolves,1,0,7,12,1.0,2.0,6.0,19.0,1.6,2.0,10.8,12.2,Burnley,0,1,12,7,5.0,0.0,19.0,6.0,1.6,1.8,12.2,10.0,0.5291005291005292,0.27624309392265195,0.2320185614849188,0.5100441649041023,0.2662937767040755,0.2236620583918221,1.7964262714163826,0.9372799518795418,0.28638210651228024,0.2662937767040755,2.2804232804232805,1.9153439153439156,0.8399071925754061,H,26,5,2
2023_24,2023-12-06,Brighton,Brentford,2,1,H,1,1,D,18,8,7,2,7,3,10,8,3,1,0,0,1.93,3.91,3.77,1526.386126492287,1517.1042403757237,9.281886116563328,Brighton,2,1,18,8,2.0,3.0,18.0,8.0,1.6,1.6,13.0,11.0,Brentford,1,2,8,18,3.0,1.0,27.0,7.0,1.6,1.4,15.0,13.6,0.5181347150259068,0.2557544757033248,0.26525198938992045,0.4986182098629712,0.2461210089604947,0.2552607811765343,1.741975638549408,1.0119033524900976,0.2433574286864369,0.2461210089604947,1.9533678756476685,2.0259067357512954,1.0371352785145889,H,4,3,2
2023_24,2023-12-06,Crystal Palace,Bournemouth,0,2,A,0,1,A,16,11,3,4,3,9,10,17,1,3,0,0,2.27,3.45,3.25,1480.1121365864742,1451.7744784247966,28.33765816167761,Crystal Palace,0,2,16,11,1.0,1.0,9.0,9.0,1.4,1.6,11.0,10.4,Bournemouth,2,0,11,16,2.0,2.0,15.0,11.0,2.0,2.0,15.0,11.2,0.44052863436123346,0.2898550724637681,0.3076923076923077,0.4243703044868762,0.27922335976382867,0.2964063357492951,1.5523342732244572,1.168442367011714,0.1279639687375811,0.27922335976382867,1.4317180616740088,1.5198237885462555,1.0615384615384615,A,8,2,0
2023_24,2023-12-06,Fulham,Nott'm Forest,5,0,H,2,0,H,14,4,6,1,6,1,7,10,0,1,0,0,2.05,3.49,3.78,1484.88552931279,1455.5026550188468,29.382874293943132,Fulham,5,0,14,4,3.0,4.0,9.0,26.0,1.6,2.2,11.6,15.6,Nott'm Forest,0,5,4,14,0.0,1.0,13.0,12.0,1.2,2.0,11.0,14.6,0.48780487804878053,0.28653295128939826,0.2645502645502646,0.4695451617151379,0.27580732994728724,0.25464750833757477,1.6844428150927009,1.0397498549600115,0.2148976533775631,0.27580732994728724,1.8439024390243903,1.702439024390244,0.9232804232804234,H,10,20,2
2023_24,2023-12-06,Sheffield United,Liverpool,0,2,A,0,1,A,6,15,1,8,2,12,12,8,2,3,0,0,13.54,7.67,1.2,1447.6549808096513,1574.3025219746394,-126.64754116498807,Sheffield United,0,2,6,15,0.0,5.0,6.0,19.0,0.8,3.0,7.6,15.2,Liverpool,2,0,15,6,4.0,3.0,26.0,9.0,2.4,1.0,19.2,11.6,0.07385524372230429,0.1303780964797914,0.8333333333333334,0.07118120271794023,0.1256575599479675,0.8031612373340923,0.33920116810178824,2.5351412719502444,-0.731980034616152,0.1256575599479675,0.08862629246676514,0.5664697193500738,6.391666666666667,A,21,15,0
2023_24,2023-12-06,Aston Villa,Man City,1,0,H,0,0,D,22,2,7,2,6,0,13,13,2,2,0,0,4.45,4.26,1.73,1552.3932640312682,1604.579709690067,-52.186445658798675,Aston Villa,1,0,22,2,2.0,2.0,11.0,15.0,2.0,1.4,13.6,10.8,Man City,0,1,2,22,3.0,3.0,18.0,8.0,3.4,1.8,18.2,9.0,0.2247191011235955,0.2347417840375587,0.5780346820809249,0.2165976493961846,0.22625810793732898,0.5571442426664864,0.8760510561258827,1.8976908359367881,-0.34054659327030185,0.22625810793732898,0.3887640449438202,0.9573033707865167,2.4624277456647397,H,1,17,2
2023_24,2023-12-06,Man United,Chelsea,2,1,H,1,1,D,28,13,9,3,12,4,12,12,4,0,0,0,2.82,3.65,2.43,1553.0345267635835,1486.2286501138763,66.80587664970722,Man United,2,1,28,13,0.0,1.0,8.0,22.0,1.0,0.8,10.2,19.0,Chelsea,1,2,13,28,3.0,2.0,8.0,18.0,2.4,2.6,13.2,12.4,0.3546099290780142,0.273972602739726,0.4115226337448559,0.3409366098919474,0.26340855887542236,0.39565483123263023,1.2862183885512648,1.4503730525733132,-0.05471822134068283,0.26340855887542236,0.8617021276595745,1.2943262411347518,1.5020576131687242,H,18,6,2
2023_24,2023-12-07,Everton,Newcastle,3,0,H,0,0,D,21,13,6,3,5,2,18,8,3,0,0,0,3.13,3.44,2.33,1465.9567612846386,1562.3449657437545,-96.38820445911597,Everton,3,0,21,13,1.0,0.0,12.0,13.0,1.2,1.2,12.8,10.8,Newcastle,0,3,13,21,1.0,0.0,22.0,8.0,1.6,1.0,13.2,11.8,0.3194888178913738,0.29069767441860467,0.4291845493562232,0.30738668394994495,0.27968613975678136,0.4129271762932737,1.201846191606616,1.5184676686366025,-0.10554049234332874,0.27968613975678136,0.744408945686901,1.099041533546326,1.4763948497854076,H,9,19,2
2023_24,2023-12-07,Tottenham,West Ham,1,2,A,1,0,H,23,11,7,5,8,4,11,12,3,3,0,0,1.79,4.22,4.08,1538.5001958602854,1481.6258186752411,56.874377185044295,Tottenham,1,2,23,11,3.0,3.0,8.0,18.0,1.6,2.4,10.0,16.0,West Ham,2,1,11,23,1.0,1.0,9.0,9.0,1.6,1.6,12.0,11.2,0.5586592178770949,0.23696682464454977,0.24509803921568626,0.5367985882910465,0.22769418792440127,0.23550722378455227,1.8380899527975407,0.9342158592780581,0.3012913645064943,0.22769418792440127,2.2793296089385473,2.3575418994413404,1.034313725490196,A,24,25,0
2023_24,2023-12-09,Aston Villa,Arsenal,1,0,H,1,0,H,10,12,3,5,3,3,16,11,4,2,0,0,3.41,3.66,2.11,1558.0859041251397,1604.6393565909589,-46.55345246581919,Aston Villa,1,0,10,12,1.0,0.0,22.0,2.0,1.6,1.2,14.6,9.8,Arsenal,0,1,12,10,4.0,3.0,23.0,6.0,2.0,1.2,17.4,7.6,0.29325513196480935,0.27322404371584696,0.47393364928909953,0.2818642032534865,0.26261118390557076,0.45552461284094264,1.1082037936660303,1.6291850224283986,-0.17366040958745615,0.26261118390557076,0.6187683284457477,1.0733137829912023,1.7345971563981044,H,1,0,2
2023_24,2023-12-09,Sheffield United,Brentford,1,0,H,1,0,H,9,10,4,4,3,4,14,13,5,1,0,0,4.48,3.82,1.8,1442.6246717579527,1512.450110289417,-69.82543853146421,Sheffield United,1,0,9,10,0.0,2.0,6.0,15.0,0.8,2.4,8.4,15.6,Brentford,0,1,10,9,1.0,2.0,8.0,18.0,1.4,1.8,15.2,13.8,0.2232142857142857,0.2617801047120419,0.5555555555555556,0.21451568622557213,0.25157860583522595,0.5339057079392018,0.8951256645119423,1.8532957296528312,-0.3193900217136296,0.25157860583522595,0.40178571428571425,0.8526785714285713,2.1222222222222222,H,21,3,2
2023_24,2023-12-09,Wolves,Nott'm Forest,1,1,D,1,1,D,10,8,4,2,4,3,9,11,0,1,0,0,1.87,3.64,4.34,1473.7437049850075,1451.1736090691727,22.570095915834827,Wolves,1,1,10,8,1.0,0.0,7.0,12.0,1.4,1.6,10.0,12.0,Nott'm Forest,1,1,8,10,0.0,5.0,4.0,14.0,1.2,2.4,10.0,13.2,0.53475935828877,0.2747252747252747,0.2304147465437788,0.5142414437406005,0.2641844779656382,0.22157407829376113,1.80690880918744,0.9289067128469215,0.2926673654468394,0.2641844779656382,2.320855614973262,1.946524064171123,0.8387096774193549,D,26,20,1
2023_24,2023-12-09,Brighton,Burnley,1,1,D,0,1,A,29,6,11,3,9,1,5,8,0,4,0,0,1.5,4.69,6.18,1531.040256578594,1446.5541846890167,84.48607188957726,Brighton,1,1,29,6,2.0,1.0,18.0,8.0,1.8,1.6,13.0,10.6,Burnley,1,1,6,29,0.0,1.0,12.0,7.0,1.4,1.6,13.4,8.8,0.6666666666666666,0.21321961620469082,0.16181229773462785,0.6399803926763996,0.2046845605574839,0.15533504676611645,2.124625738586683,0.6706897008558332,0.4846453459102832,0.2046845605574839,4.12,3.126666666666667,0.7588996763754047,D,4,5,1
2023_24,2023-12-09,Man United,Bournemouth,0,3,A,0,1,A,20,10,3,4,10,4,7,10,3,1,0,0,1.55,4.65,5.54,1556.7869491576632,1459.4287682613024,97.35818089636086,Man United,0,3,20,10,2.0,1.0,28.0,13.0,1.4,0.4,14.4,17.4,Bournemouth,3,0,10,20,2.0,0.0,11.0,16.0,2.0,1.8,14.6,13.2,0.6451612903225806,0.2150537634408602,0.18050541516245489,0.6199179410667661,0.20663931368892202,0.17344274524431183,2.0663931368892205,0.7269675494218575,0.4464751958224543,0.20663931368892202,3.574193548387097,3.0,0.8393501805054152,A,18,2,0
2023_24,2023-12-09,Crystal Palace,Liverpool,1,2,A,0,0,D,8,14,4,2,6,5,17,17,5,2,1,0,6.12,4.54,1.52,1472.4578467499684,1579.332831026338,-106.87498427636956,Crystal Palace,1,2,8,14,0.0,2.0,16.0,11.0,1.2,1.6,11.6,10.6,Liverpool,2,1,14,8,2.0,0.0,15.0,6.0,2.2,1.0,18.0,11.0,0.16339869281045752,0.22026431718061673,0.6578947368421053,0.15687914885877965,0.21147585705192323,0.6316449940892971,0.6821133036282623,2.1064108393198144,-0.47476584523051746,0.21147585705192323,0.24836601307189543,0.7418300653594772,2.986842105263158,A,8,15,0
2023_24,2023-12-10,Everton,Chelsea,2,0,H,0,0,D,9,16,5,4,4,8,12,12,2,2,0,0,3.02,3.59,2.31,1472.4115951811705,1482.4762277197965,-10.064632538626029,Everton,2,0,9,16,3.0,0.0,21.0,13.0,1.6,1.2,15.0,11.0,Chelsea,0,2,16,9,1.0,2.0,13.0,28.0,2.6,2.6,12.4,16.6,0.33112582781456956,0.2785515320334262,0.4329004329004329,0.317602993385904,0.2671757771658579,0.415221229448238,1.2199847573235698,1.512839465510572,-0.09761823606233405,0.2671757771658579,0.7649006622516556,1.1887417218543046,1.554112554112554,H,9,6,2
2023_24,2023-12-10,Fulham,West Ham,5,0,H,3,0,H,14,9,8,5,3,6,5,10,2,1,0,0,2.39,3.49,2.95,1489.214575262464,1489.7243972948538,-0.5098220323898204,Fulham,5,0,14,9,5.0,0.0,14.0,4.0,2.4,2.0,12.4,12.8,West Ham,0,5,9,14,2.0,1.0,11.0,23.0,2.0,1.6,11.8,13.8,0.41841004184100417,0.28653295128939826,0.3389830508474576,0.4008042947627409,0.2744762935481234,0.3247194116891358,1.476889177836346,1.248634528615531,0.07608488307360506,0.2744762935481234,1.2343096234309623,1.4602510460251046,1.1830508474576271,H,10,25,2
2023_24,2023-12-10,Luton,Man City,1,2,A,1,0,H,4,18,2,6,6,3,16,6,2,1,0,0,18.02,8.94,1.15,1460.8698560550201,1598.8870695961955,-138.01721354117535,Luton,1,2,4,18,3.0,4.0,6.0,23.0,1.4,2.0,7.8,21.0,Man City,2,1,18,4,0.0,1.0,2.0,22.0,2.8,2.0,14.4,12.0,0.05549389567147614,0.11185682326621925,0.8695652173913044,0.053518220452799234,0.10787453384333806,0.8386072457038628,0.26842919520173575,2.6236962709549267,-0.7850890252510636,0.10787453384333806,0.06381798002219756,0.4961154273029967,7.773913043478261,A,16,17,0
2023_24,2023-12-10,Tottenham,Newcastle,4,1,H,2,0,H,23,9,12,3,3,6,10,12,1,3,0,0,2.2,3.84,3.05,1530.4016172406727,1555.8901318472226,-25.48851460654987,Tottenham,4,1,23,9,1.0,2.0,23.0,11.0,1.4,2.6,12.6,15.6,Newcastle,1,4,9,23,0.0,3.0,13.0,21.0,1.2,1.2,13.2,13.8,0.45454545454545453,0.2604166666666667,0.3278688524590164,0.43587644212876814,0.2497208783029401,0.3144026795682918,1.5573502046892445,1.1929289170078157,0.12147376256047632,0.2497208783029401,1.3863636363636362,1.7454545454545451,1.259016393442623,H,24,19,2
2023_24,2023-12-15,Nott'm Forest,Tottenham,0,2,A,0,1,A,15,12,1,6,6,4,16,11,2,4,0,1,4.52,4.13,1.74,1452.735453646278,1535.6371092470354,-82.9016556007573,Nott'm Forest,0,2,15,12,1.0,1.0,8.0,10.0,1.0,2.6,10.6,12.6,Tottenham,2,0,12,15,4.0,1.0,23.0,9.0,2.0,2.0,15.6,14.0,0.22123893805309736,0.24213075060532688,0.5747126436781609,0.21312272751537728,0.23324811824927488,0.5536291542353479,0.8726163007954066,1.8941355809553184,-0.34050642671997056,0.23324811824927488,0.3849557522123894,0.9137168141592921,2.3735632183908044,A,20,24,0
2023_24,2023-12-16,Burnley,Everton,0,2,A,0,2,A,14,9,2,6,8,6,9,8,0,1,0,0,3.55,3.45,2.14,1449.05911648308,1477.38669459921,-28.32757811612987,Burnley,0,2,14,9,1.0,1.0,6.0,29.0,1.6,1.4,11.2,13.8,Everton,2,0,9,14,2.0,0.0,9.0,16.0,1.8,1.0,14.8,12.8,0.28169014084507044,0.2898550724637681,0.4672897196261682,0.27115967312459827,0.2790193737948765,0.44982095308052517,1.0924983931686714,1.6284822330364521,-0.1786612799559269,0.2790193737948765,0.6028169014084508,0.9718309859154931,1.6121495327102804,A,5,9,0
2023_24,2023-12-16,Newcastle,Fulham,3,0,H,0,0,D,27,6,10,4,5,1,7,12,0,2,0,1,1.87,3.91,4.03,1550.65463984086,1494.030272541208,56.62436729965202,Newcastle,3,0,27,6,1.0,4.0,9.0,23.0,1.2,2.0,13.2,15.6,Fulham,0,3,6,27,5.0,0.0,14.0,9.0,3.4,1.8,11.6,12.2,0.53475935828877,0.2557544757033248,0.24813895781637715,0.5148586346719991,0.24623673832139095,0.23890462700661005,1.7908126423373882,0.9629506193412211,0.275954007665389,0.24623673832139095,2.1550802139037435,2.090909090909091,0.9702233250620347,H,19,10,2
2023_24,2023-12-16,Chelsea,Sheffield United,2,0,H,0,0,D,15,6,6,1,7,6,9,14,1,3,0,0,1.24,6.49,12.28,1477.501128301757,1448.621657188442,28.87947111331505,Chelsea,2,0,15,6,0.0,2.0,16.0,9.0,1.8,2.8,12.2,16.8,Sheffield United,0,2,6,15,1.0,0.0,9.0,10.0,0.6,2.2,8.0,15.6,0.8064516129032259,0.15408320493066255,0.08143322475570033,0.7739696228100843,0.1478770928019267,0.07815328438798898,2.4697859612321795,0.3823369459658936,0.6958163384220953,0.1478770928019267,9.903225806451612,5.233870967741936,0.5285016286644951,H,6,21,2
2023_24,2023-12-16,Man City,Crystal Palace,2,2,D,1,0,H,19,5,9,2,6,1,12,9,1,1,0,0,1.18,7.77,16.06,1603.727233354516,1467.0922747663917,136.6349585881244,Man City,2,2,19,5,2.0,1.0,18.0,4.0,2.0,2.0,13.8,11.8,Crystal Palace,2,2,5,19,1.0,2.0,8.0,14.0,1.0,2.0,12.4,10.0,0.8474576271186441,0.1287001287001287,0.06226650062266501,0.8160996065546324,0.12393790678693258,0.05996248665843501,2.5722367264508295,0.3038253667622376,0.7561371198961975,0.12393790678693258,13.610169491525424,6.584745762711864,0.4838107098381071,D,17,8,1
2023_24,2023-12-17,Arsenal,Brighton,2,0,H,0,0,D,26,6,9,1,10,1,11,9,1,3,0,0,1.48,4.73,6.5,1599.0436505673501,1528.5353247845305,70.50832578281961,Arsenal,2,0,26,6,0.0,1.0,12.0,10.0,2.0,1.2,17.0,7.8,Brighton,0,2,6,26,1.0,1.0,29.0,6.0,1.8,1.6,17.4,9.8,0.6756756756756757,0.2114164904862579,0.15384615384615385,0.6491025094267124,0.20310184227305164,0.14779564830023606,2.150409370553189,0.6464887871737598,0.5013068611264764,0.20310184227305164,4.391891891891892,3.195945945945946,0.7276923076923077,H,0,4,2
2023_24,2023-12-17,Brentford,Aston Villa,1,2,A,1,0,H,4,15,3,5,7,12,19,6,6,4,1,1,3.26,3.71,2.16,1506.4531248589276,1563.6816101487484,-57.22848528982081,Brentford,1,2,4,15,0.0,1.0,10.0,9.0,0.8,1.6,14.0,13.2,Aston Villa,2,1,15,4,1.0,0.0,10.0,12.0,1.8,0.8,14.0,11.2,0.3067484662576687,0.2695417789757412,0.4629629629629629,0.2951623953030961,0.25936102660056426,0.44547657809633945,1.1448482125098525,1.5957907608895825,-0.15031418279324332,0.25936102660056426,0.6625766871165645,1.138036809815951,1.7175925925925926,A,3,1,0
2023_24,2023-12-17,West Ham,Wolves,3,0,H,2,0,H,13,14,4,3,6,6,12,15,3,1,0,0,2.16,3.55,3.4,1484.9087000161098,1472.1818604079021,12.726839608207683,West Ham,3,0,13,14,0.0,5.0,9.0,14.0,1.6,2.0,11.2,13.4,Wolves,0,3,14,13,1.0,1.0,10.0,8.0,1.4,1.4,10.0,11.4,0.4629629629629629,0.28169014084507044,0.29411764705882354,0.4456834798020825,0.27117642714718265,0.28314009305073484,1.60822686655343,1.1205967062993871,0.16254338675134766,0.27117642714718265,1.574074074074074,1.6435185185185184,1.0441176470588236,H,25,26,2
2023_24,2023-12-17,Liverpool,Man United,0,0,D,0,0,D,34,6,8,1,12,0,13,8,2,4,0,1,1.32,6.09,8.5,1584.6984030099147,1548.1013461322075,36.597056877707246,Liverpool,0,0,34,6,2.0,1.0,14.0,8.0,2.4,1.0,16.0,11.0,Man United,0,0,6,34,0.0,3.0,20.0,10.0,1.2,1.0,16.0,15.8,0.7575757575757576,0.16420361247947454,0.11764705882352941,0.728840191597746,0.1579752139423686,0.11318459445988527,2.344495788735607,0.4975289973220244,0.6156555971378608,0.1579752139423686,6.4393939393939394,4.613636363636363,0.7164705882352941,D,15,18,1
2023_24,2023-12-21,Crystal Palace,Brighton,1,1,D,1,0,H,11,18,3,6,3,1,12,11,5,2,0,0,3.35,3.5,2.18,1470.2920651850188,1524.8376487322453,-54.54558354722644,Crystal Palace,1,1,11,18,2.0,2.0,5.0,19.0,1.0,1.8,10.8,12.2,Brighton,1,1,18,11,0.0,2.0,6.0,26.0,1.6,1.8,16.4,13.2,0.29850746268656714,0.2857142857142857,0.4587155963302752,0.28621802085677844,0.2739515342486308,0.4398304448945907,1.132605596818966,1.593442868932403,-0.15361242403781228,0.2739515342486308,0.6507462686567165,1.044776119402985,1.6055045871559632,D,8,4,1
2023_24,2023-12-22,Aston Villa,Sheffield United,1,1,D,0,0,D,12,5,4,2,9,1,11,16,3,3,0,0,1.24,6.67,11.7,1569.9020671054873,1444.2845887899116,125.61747831557568,Aston Villa,1,1,12,5,2.0,1.0,15.0,4.0,1.6,0.8,14.6,10.2,Sheffield United,1,1,5,12,0.0,2.0,6.0,15.0,0.4,2.4,7.4,16.4,0.8064516129032259,0.14992503748125938,0.08547008547008547,0.7740597394507717,0.1439031599578646,0.08203710059136382,2.4660823783101797,0.3900144617319561,0.6920226388594078,0.1439031599578646,9.435483870967742,5.379032258064516,0.5700854700854701,D,1,21,1
2023_24,2023-12-23,Liverpool,Arsenal,1,1,D,1,1,D,13,13,3,2,4,5,13,14,2,5,0,0,2.43,3.63,2.83,1582.9132040198294,1602.7413266196354,-19.828122599805965,Liverpool,1,1,13,13,0.0,0.0,34.0,6.0,1.8,1.0,19.4,9.0,Arsenal,1,1,13,13,2.0,0.0,26.0,6.0,1.8,1.0,19.0,7.4,0.4115226337448559,0.27548209366391185,0.35335689045936397,0.3955573011124074,0.2647945569430165,0.339648141944576,1.4514664602802387,1.2837389827767445,0.0559091591678314,0.2647945569430165,1.1646090534979423,1.493827160493827,1.2826855123674912,D,15,0,1
2023_24,2023-12-23,Nott'm Forest,Bournemouth,2,3,A,0,0,D,11,18,5,7,6,6,10,10,0,3,1,0,2.76,3.49,2.54,1446.9581549914406,1468.1143712867581,-21.156216295317563,Nott'm Forest,2,3,11,18,0.0,2.0,15.0,12.0,0.6,2.4,11.6,11.8,Bournemouth,3,2,18,11,3.0,0.0,10.0,20.0,2.4,0.6,15.6,13.0,0.3623188405797102,0.28653295128939826,0.39370078740157477,0.3475305205548195,0.2748378901808887,0.3776315892642919,1.317429451845347,1.4077326579737646,-0.030101068709472434,0.2748378901808887,0.9202898550724639,1.2644927536231885,1.374015748031496,A,20,2,0
2023_24,2023-12-23,Tottenham,Everton,2,1,H,2,0,H,13,18,6,8,3,8,6,18,1,4,0,0,1.8,4.16,4.08,1541.414407901873,1484.1029205076302,57.311487394242704,Tottenham,2,1,13,18,2.0,0.0,12.0,15.0,2.2,1.6,16.8,13.6,Everton,1,2,18,13,2.0,0.0,9.0,14.0,1.6,0.6,15.0,13.0,0.5555555555555556,0.24038461538461536,0.24509803921568626,0.533655297313613,0.23090854210685177,0.23543616057953515,1.831874434047691,0.9372170238454571,0.2982191367340779,0.23090854210685177,2.2666666666666666,2.3111111111111113,1.0196078431372548,H,24,9,2
2023_24,2023-12-23,Fulham,Burnley,0,2,A,0,0,D,19,7,5,2,8,6,5,17,2,1,0,0,1.7,3.94,5.01,1490.1250608699568,1442.3428905746598,47.782170295296964,Fulham,0,2,19,7,0.0,3.0,6.0,27.0,3.2,1.8,11.0,15.2,Burnley,2,0,7,19,0.0,2.0,14.0,9.0,1.4,1.2,12.4,12.4,0.5882352941176471,0.25380710659898476,0.1996007984031936,0.5647186048108394,0.2436603117204129,0.19162108346874787,1.937816126152931,0.8185235621266566,0.3730975213420915,0.2436603117204129,2.9470588235294115,2.3176470588235296,0.7864271457085829,A,10,5,0
2023_24,2023-12-23,West Ham,Man United,2,0,H,0,0,D,12,11,5,3,4,4,13,15,2,3,0,0,2.61,3.65,2.6,1489.5064584833308,1549.8865451222928,-60.380086638961984,West Ham,2,0,12,11,3.0,0.0,13.0,14.0,1.6,1.6,10.6,14.2,Man United,0,2,11,12,0.0,0.0,6.0,34.0,1.0,1.0,14.2,20.6,0.3831417624521073,0.273972602739726,0.3846153846153846,0.36779381842844694,0.26299777153376613,0.36920841003778704,1.3663792268191068,1.3706230016471272,-0.001414591609340099,0.26299777153376613,0.996168582375479,1.3984674329501916,1.4038461538461537,H,25,18,2
2023_24,2023-12-23,Luton,Newcastle,1,0,H,1,0,H,16,15,5,2,6,7,11,5,2,1,0,0,5.0,4.23,1.65,1456.0296922966995,1554.5598515121112,-98.53015921541169,Luton,1,0,16,15,1.0,2.0,4.0,18.0,1.4,2.2,7.0,19.8,Newcastle,0,1,15,16,3.0,0.0,27.0,6.0,1.8,1.6,17.0,13.0,0.2,0.23640661938534277,0.6060606060606061,0.19185255432317652,0.22677606893992494,0.5813713767368985,0.8023337319094546,1.9708901991506207,-0.38951882241372204,0.22677606893992494,0.32999999999999996,0.8460000000000001,2.563636363636364,H,16,19,2
2023_24,2023-12-24,Wolves,Chelsea,2,1,H,0,0,D,14,16,6,5,10,6,11,9,3,5,0,0,3.73,3.73,1.98,1467.5841019406812,1481.8381967002874,-14.254094759606232,Wolves,2,1,14,16,0.0,3.0,14.0,13.0,1.0,1.8,9.4,12.8,Chelsea,1,2,16,14,2.0,0.0,15.0,6.0,1.4,2.0,11.8,15.0,0.2680965147453083,0.2680965147453083,0.5050505050505051,0.2574772431729519,0.2574772431729519,0.48504551365409626,1.0299089726918076,1.7126137841352407,-0.22756827048114436,0.2574772431729519,0.5308310991957105,1.0,1.8838383838383839,H,26,6,2
2023_24,2023-12-26,Newcastle,Nott'm Forest,1,3,A,1,1,D,19,15,7,6,10,2,10,11,3,3,0,0,1.51,4.41,6.57,1548.0682575770622,1440.1201660787956,107.94809149826665,Newcastle,1,3,19,15,0.0,1.0,15.0,16.0,1.0,1.6,17.2,14.8,Nott'm Forest,3,1,15,19,2.0,3.0,11.0,18.0,0.6,2.4,10.2,13.2,0.6622516556291391,0.22675736961451246,0.15220700152207,0.6360367479996049,0.21778129013138395,0.14618196186901117,2.1258915341301985,0.6563271757384175,0.4898547861305937,0.21778129013138395,4.3509933774834435,2.9205298013245033,0.6712328767123288,A,19,20,0
2023_24,2023-12-26,Bournemouth,Fulham,3,0,H,1,0,H,16,8,4,3,6,5,10,10,0,2,0,0,2.22,3.62,3.2,1474.952360199403,1482.165531559233,-7.2131713598298575,Bournemouth,3,0,16,8,3.0,2.0,18.0,11.0,2.6,1.0,15.4,13.6,Fulham,0,3,8,16,0.0,2.0,19.0,7.0,2.6,1.8,12.4,14.6,0.4504504504504504,0.27624309392265195,0.3125,0.43346155573184053,0.26582448997919506,0.30071395428896436,1.5662091571747168,1.1679663528460882,0.13274760144287617,0.26582448997919506,1.4414414414414414,1.6306306306306306,1.1312499999999999,H,2,10,2
2023_24,2023-12-26,Sheffield United,Luton,2,3,A,0,1,A,21,12,6,4,9,4,13,13,5,0,0,0,2.41,3.32,3.07,1447.345931911835,1462.5212862317485,-15.175354319913595,Sheffield United,2,3,21,12,1.0,1.0,5.0,12.0,0.4,2.0,6.4,14.2,Luton,3,2,12,21,1.0,0.0,16.0,15.0,1.6,2.0,8.2,19.8,0.41493775933609955,0.30120481927710846,0.32573289902280134,0.3982604142652281,0.28909867421060237,0.31264091152416934,1.4838799170062866,1.2270214087831104,0.08561950274105878,0.28909867421060237,1.2738589211618256,1.3775933609958504,1.0814332247557004,A,21,16,0
2023_24,2023-12-26,Burnley,Liverpool,0,2,A,0,1,A,9,19,0,10,4,4,7,10,2,1,0,0,7.67,5.3,1.39,1450.3024198853836,1582.0527392336655,-131.7503193482819,Burnley,0,2,9,19,2.0,0.0,7.0,19.0,1.6,0.8,11.6,14.0,Liverpool,2,0,19,9,1.0,1.0,13.0,13.0,1.8,1.0,20.4,8.4,0.1303780964797914,0.18867924528301888,0.7194244604316548,0.12554682826823085,0.18168757977685487,0.6927655919549143,0.5583280645815475,2.2599843556415977,-0.5672187636866834,0.18168757977685487,0.18122555410691002,0.6910039113428944,3.81294964028777,A,5,15,0
2023_24,2023-12-26,Man United,Aston Villa,3,2,H,0,2,A,13,10,7,4,3,6,10,10,1,3,0,0,2.63,3.63,2.61,1544.052632699373,1566.840723983564,-22.78809128419107,Man United,3,2,13,10,0.0,2.0,11.0,12.0,0.4,1.4,14.6,18.2,Aston Villa,2,3,10,13,1.0,1.0,12.0,5.0,1.4,0.8,14.0,7.6,0.3802281368821293,0.27548209366391185,0.3831417624521073,0.36600799675494006,0.2651793475111549,0.3688126557339051,1.3632033377759751,1.37161731471287,-0.0028046589789650356,0.2651793475111549,0.9923954372623575,1.3802281368821292,1.3908045977011494,H,18,1,2
2023_24,2023-12-27,Brentford,Wolves,1,4,A,1,3,A,14,11,4,5,8,2,5,14,1,1,0,0,1.96,3.59,3.97,1500.2326679021887,1472.6295813234249,27.60308657876385,Brentford,1,4,14,11,1.0,2.0,4.0,15.0,1.0,1.4,11.6,12.8,Wolves,4,1,11,14,2.0,1.0,14.0,16.0,1.0,1.4,10.2,13.6,0.5102040816326531,0.2785515320334262,0.2518891687657431,0.4902768843374074,0.26767205941540906,0.2420510562471835,1.738502712427631,0.9938252281569596,0.2482258280902239,0.26767205941540906,2.0255102040816326,1.8316326530612244,0.9042821158690175,A,3,26,0
2023_24,2023-12-27,Chelsea,Crystal Palace,2,1,H,1,1,D,9,13,4,5,4,3,13,16,3,2,0,0,1.7,3.91,5.02,1476.7927173175437,1470.0253527499149,6.767364567628874,Chelsea,2,1,9,13,1.0,2.0,16.0,14.0,1.4,1.6,13.6,15.0,Crystal Palace,1,2,13,9,1.0,1.0,11.0,18.0,1.0,1.6,9.8,14.2,0.5882352941176471,0.2557544757033248,0.19920318725099603,0.5638796639968743,0.24516507130298884,0.19095526470013674,1.9368040632936117,0.8180308654033991,0.37292439929673754,0.24516507130298884,2.952941176470588,2.3000000000000003,0.7788844621513945,H,6,8,2
2023_24,2023-12-27,Everton,Man City,1,3,A,1,0,H,7,23,2,9,8,4,13,5,4,2,0,0,5.84,4.17,1.59,1480.2081213802671,1600.527442935889,-120.31932155562185,Everton,1,3,7,23,1.0,2.0,18.0,13.0,1.8,0.4,13.8,13.8,Man City,3,1,23,7,2.0,2.0,19.0,5.0,1.6,1.6,14.6,9.4,0.17123287671232876,0.23980815347721823,0.6289308176100629,0.16465145385870417,0.23059100492442022,0.6047575412168756,0.7245453665005327,2.0448636285750474,-0.44010608735817147,0.23059100492442022,0.2722602739726028,0.714041095890411,2.622641509433962,A,9,17,0
2023_24,2023-12-28,Brighton,Tottenham,4,2,H,2,0,H,15,19,9,3,7,6,18,6,3,2,0,0,2.52,3.9,2.57,1525.1043611673492,1545.309207029236,-20.204845861886724,Brighton,4,2,15,19,1.0,1.0,18.0,11.0,1.2,1.6,17.8,11.8,Tottenham,2,4,19,15,2.0,1.0,13.0,18.0,2.4,1.4,15.8,14.2,0.3968253968253968,0.25641025641025644,0.38910505836575876,0.38070603249846163,0.24599466715285218,0.37329930034868614,1.388112764648237,1.3658925681989105,0.007406732149775497,0.24599466715285218,1.0198412698412698,1.5476190476190477,1.5175097276264593,H,4,24,2
2023_24,2023-12-28,Arsenal,West Ham,0,2,A,0,1,A,30,6,8,3,10,3,8,8,2,0,0,0,1.35,5.39,8.64,1603.6017914057993,1495.3403709062507,108.26142049954865,Arsenal,0,2,30,6,1.0,1.0,13.0,13.0,1.8,1.2,18.6,8.2,West Ham,2,0,6,30,2.0,0.0,12.0,11.0,1.6,1.4,10.8,14.2,0.7407407407407407,0.1855287569573284,0.11574074074074073,0.7108766434488727,0.17804888101224087,0.11107447553888636,2.310678811358859,0.5112723076288999,0.5998021679099863,0.17804888101224087,6.4,3.992592592592592,0.6238425925925926,A,0,25,0
2023_24,2023-12-30,Luton,Chelsea,2,3,A,0,2,A,15,12,6,8,7,2,14,21,2,2,0,0,6.04,4.53,1.53,1469.4602934017105,1481.4881530659422,-12.027859664231755,Luton,2,3,15,12,3.0,2.0,12.0,21.0,1.8,2.2,9.0,20.8,Chelsea,3,2,12,15,2.0,1.0,9.0,13.0,1.2,1.4,13.8,14.0,0.16556291390728478,0.22075055187637968,0.6535947712418301,0.15920915712799172,0.21227887617065558,0.6285119667013529,0.6899063475546308,2.0978147762747144,-0.4693028095733612,0.21227887617065558,0.2533112582781457,0.75,2.9607843137254903,A,16,6,0
2023_24,2023-12-30,Aston Villa,Burnley,3,2,H,2,1,H,19,9,7,5,6,2,9,14,4,1,0,1,1.37,5.27,8.15,1561.6510631942083,1445.3577216311746,116.29334156303366,Aston Villa,3,2,19,9,2.0,3.0,10.0,13.0,1.4,1.0,13.8,7.2,Burnley,2,3,9,19,0.0,2.0,9.0,19.0,0.6,1.2,9.6,16.6,0.7299270072992701,0.18975332068311196,0.12269938650306748,0.7002505873395516,0.18203857773343182,0.11771083492701666,2.2827903397520863,0.5351710825144818,0.582539752412535,0.18203857773343182,5.948905109489051,3.8467153284671527,0.6466257668711656,H,1,5,2
2023_24,2023-12-30,Crystal Palace,Brentford,3,1,H,2,1,H,13,9,6,4,7,4,14,10,0,1,0,0,2.23,3.33,3.43,1465.3299170015164,1492.590106143194,-27.26018914167753,Crystal Palace,3,1,13,9,1.0,2.0,13.0,9.0,1.0,1.8,10.6,14.2,Brentford,1,3,9,13,1.0,4.0,14.0,11.0,1.2,2.0,12.6,12.0,0.4484304932735426,0.3003003003003003,0.29154518950437314,0.4310687746021203,0.2886736838927112,0.2802575415051686,1.581880007699072,1.129446308408217,0.1508112330969517,0.2886736838927112,1.5381165919282511,1.493273542600897,0.9708454810495627,H,8,3,2
2023_24,2023-12-30,Man City,Sheffield United,2,0,H,1,0,H,18,4,4,2,12,2,5,6,1,1,0,0,1.08,12.85,29.4,1605.6644843995568,1440.406924741873,165.25755965768394,Man City,2,0,18,4,3.0,1.0,23.0,7.0,2.0,1.6,16.0,9.2,Sheffield United,0,2,4,18,2.0,3.0,21.0,12.0,0.8,1.6,9.4,12.8,0.9259259259259258,0.07782101167315175,0.034013605442176874,0.8922346606206604,0.07498937225449909,0.03277596712484059,2.75169335411648,0.17331727362902086,0.8594586934958198,0.07498937225449909,27.222222222222218,11.898148148148147,0.4370748299319728,H,17,21,2
2023_24,2023-12-30,Wolves,Everton,3,0,H,1,0,H,12,10,6,0,5,2,9,14,2,3,0,0,2.64,3.38,2.74,1480.2721430824197,1475.0710799165993,5.201063165820415,Wolves,3,0,12,10,4.0,1.0,11.0,14.0,1.6,1.2,11.2,12.6,Everton,0,3,10,12,1.0,3.0,7.0,23.0,1.8,1.0,12.8,15.8,0.3787878787878788,0.2958579881656805,0.36496350364963503,0.3643559682115036,0.2845857266504052,0.3510583051380911,1.3776536312849161,1.3377606420646786,0.013297663073412513,0.2845857266504052,1.0378787878787878,1.2803030303030303,1.2335766423357664,H,26,9,2
2023_24,2023-12-30,Nott'm Forest,Man United,2,1,H,0,0,D,8,10,2,5,4,5,9,11,2,4,0,0,3.27,3.68,2.16,1448.9499984332908,1549.2422934887286,-100.29229505543776,Nott'm Forest,2,1,8,10,3.0,1.0,15.0,19.0,1.2,2.4,10.6,14.6,Man United,1,2,10,8,3.0,2.0,13.0,10.0,1.0,1.6,15.6,15.8,0.3058103975535168,0.2717391304347826,0.4629629629629629,0.2939036294258585,0.2611589315822167,0.44493743899192467,1.1428698198597922,1.5959712485579907,-0.15103380956606616,0.2611589315822167,0.6605504587155964,1.1253822629969419,1.7037037037037037,H,20,18,2
2023_24,2023-12-31,Fulham,Arsenal,2,1,H,1,1,D,15,13,4,3,5,4,11,10,4,1,0,0,5.74,4.29,1.57,1477.2381703042095,1594.767753480665,-117.52958317645562,Fulham,2,1,15,13,0.0,3.0,8.0,16.0,2.0,1.6,12.2,12.6,Arsenal,1,2,13,15,0.0,2.0,30.0,6.0,1.4,1.4,20.8,8.2,0.17421602787456444,0.2331002331002331,0.6369426751592356,0.1668322116730284,0.22322072144596342,0.6099470668810083,0.7237173564650485,2.0530619220889883,-0.4431148552079799,0.22322072144596342,0.2735191637630662,0.7473867595818815,2.732484076433121,H,10,0,2
2023_24,2023-12-31,Tottenham,Bournemouth,3,1,H,1,0,H,12,24,6,4,4,13,9,18,3,3,0,0,1.78,4.33,4.04,1540.1632988487966,1479.8797214544265,60.28357739437001,Tottenham,3,1,12,24,2.0,4.0,19.0,15.0,2.2,1.6,18.0,13.6,Bournemouth,1,3,24,12,3.0,0.0,16.0,8.0,2.6,0.8,14.0,13.2,0.5617977528089888,0.23094688221709006,0.24752475247524752,0.540050259633611,0.22200680419118415,0.23794293617520482,1.8421575830920172,0.9358356127167986,0.3021073234584062,0.22200680419118415,2.2696629213483144,2.432584269662921,1.0717821782178218,H,24,2,2
2023_24,2024-01-01,Liverpool,Newcastle,4,2,H,0,0,D,34,5,15,3,7,3,16,15,3,5,0,0,1.46,4.88,6.56,1586.9974374878745,1539.238425222567,47.75901226530755,Liverpool,4,2,34,5,2.0,0.0,19.0,9.0,1.4,0.4,19.0,8.4,Newcastle,2,4,5,34,1.0,3.0,19.0,15.0,1.0,2.2,16.6,16.2,0.684931506849315,0.20491803278688525,0.1524390243902439,0.657141918744047,0.19660393470621082,0.1462541465497422,2.168029690938352,0.6353663743554374,0.5108877721943048,0.19660393470621082,4.493150684931507,3.3424657534246576,0.7439024390243902,H,15,19,2
2023_24,2024-01-02,West Ham,Brighton,0,0,D,0,0,D,6,22,2,8,2,0,4,6,1,0,0,0,2.47,3.7,2.73,1504.1744088313849,1530.2502693477886,-26.075860516403736,West Ham,0,0,6,22,2.0,0.0,6.0,30.0,1.8,1.2,10.2,18.4,Brighton,0,0,22,6,4.0,2.0,15.0,19.0,1.6,1.4,17.2,14.0,0.4048582995951417,0.27027027027027023,0.3663003663003663,0.3887526892480112,0.2595186871466453,0.35172862360534346,1.4257767548906788,1.3147045579626757,0.03702406564266775,0.2595186871466453,1.1052631578947367,1.4979757085020242,1.3553113553113554,D,25,4,1
2023_24,2024-01-12,Burnley,Luton,1,1,D,1,0,H,13,14,7,5,2,8,7,12,1,0,0,0,2.03,3.58,3.74,1442.2983371203904,1462.4683387450427,-20.170001624652286,Burnley,1,1,13,14,2.0,3.0,9.0,19.0,1.0,1.6,9.0,19.0,Luton,1,1,14,13,2.0,3.0,15.0,12.0,2.0,2.2,10.6,17.8,0.4926108374384237,0.27932960893854747,0.267379679144385,0.47397411571464987,0.26876185891082094,0.25726402537452914,1.6906842060547704,1.0405539350344084,0.21671009034012073,0.26876185891082094,1.8423645320197046,1.763546798029557,0.9572192513368983,D,5,16,1
2023_24,2024-01-13,Chelsea,Fulham,1,0,H,1,0,H,17,14,3,4,6,4,13,9,5,1,0,0,1.64,4.24,5.19,1488.48010772261,1484.0538948250116,4.4262128975983615,Chelsea,1,0,17,14,3.0,2.0,12.0,15.0,1.6,1.4,13.6,11.4,Fulham,0,1,14,17,2.0,1.0,15.0,13.0,1.4,1.8,12.4,14.4,0.6097560975609756,0.23584905660377356,0.19267822736030826,0.587273290135252,0.22715287637306916,0.18557383349167886,1.9889727467788252,0.7838743768481057,0.4016994566435731,0.22715287637306916,3.164634146341464,2.5853658536585367,0.8169556840077071,H,6,10,2
2023_24,2024-01-13,Newcastle,Man City,2,3,A,2,1,H,12,27,5,11,3,13,7,7,1,2,0,0,5.5,4.47,1.57,1535.1975972564514,1608.1265987173654,-72.92900146091392,Newcastle,2,3,12,27,2.0,4.0,5.0,34.0,1.4,2.4,15.0,18.8,Man City,3,2,27,12,2.0,0.0,18.0,4.0,1.8,1.0,16.0,8.4,0.18181818181818182,0.2237136465324385,0.6369426751592356,0.1744101953630781,0.21459867438410057,0.6109911302528214,0.737829260473335,2.047572065142565,-0.43658093488974326,0.21459867438410057,0.28545454545454546,0.8127272727272726,2.847133757961783,A,19,17,0
2023_24,2024-01-14,Everton,Aston Villa,0,0,D,0,0,D,10,16,2,5,4,5,13,14,1,4,0,0,2.79,3.62,2.45,1470.3498487268248,1564.7104477049925,-94.36059897816767,Everton,0,0,10,16,0.0,3.0,10.0,12.0,1.2,1.6,10.6,15.6,Aston Villa,0,0,16,10,3.0,2.0,19.0,9.0,1.8,1.4,13.2,8.6,0.35842293906810035,0.27624309392265195,0.4081632653061224,0.3437024061881159,0.2648977108466419,0.3913998829652422,1.2960049294109897,1.4390973597423686,-0.04769747677712627,0.2648977108466419,0.878136200716846,1.2974910394265233,1.4775510204081632,D,9,1,1
2023_24,2024-01-14,Man United,Tottenham,2,2,D,2,1,H,9,16,2,6,8,13,8,5,2,1,0,0,2.2,3.93,3.0,1542.7204856406563,1544.0132262129323,-1.2927405722759886,Man United,2,2,9,16,1.0,2.0,10.0,8.0,0.8,1.8,12.0,14.8,Tottenham,2,2,16,9,3.0,1.0,12.0,24.0,2.6,1.4,15.8,16.2,0.45454545454545453,0.2544529262086514,0.3333333333333333,0.4360852197070572,0.2441189525077674,0.3197958277851753,1.552374611628939,1.2035064358632932,0.11628939192188192,0.2441189525077674,1.3636363636363635,1.7863636363636364,1.31,D,18,24,1
2023_24,2024-01-20,Arsenal,Crystal Palace,5,0,H,2,0,H,21,12,6,5,6,7,8,12,0,0,0,0,1.29,5.74,11.19,1587.952028959863,1470.5955273188788,117.3565016409841,Arsenal,5,0,21,12,1.0,2.0,13.0,15.0,0.8,1.2,18.8,10.0,Crystal Palace,0,5,12,21,3.0,1.0,13.0,9.0,1.6,1.6,10.0,13.8,0.7751937984496123,0.17421602787456444,0.08936550491510277,0.7462574198068324,0.16771290445136128,0.08602967574180641,2.4064851638718583,0.4258019316767805,0.6602277440650259,0.16771290445136128,8.674418604651162,4.449612403100775,0.51295799821269,H,0,8,2
2023_24,2024-01-20,Brentford,Nott'm Forest,3,2,H,1,1,D,11,12,5,3,6,4,10,14,1,3,0,0,1.9,3.72,4.06,1487.3244958258315,1455.4718062813631,31.852689544468376,Brentford,3,2,11,12,1.0,3.0,9.0,13.0,0.8,2.4,9.0,13.2,Nott'm Forest,2,3,12,11,2.0,1.0,8.0,10.0,1.6,1.6,11.4,13.8,0.5263157894736842,0.26881720430107525,0.24630541871921185,0.505373897447566,0.25812107665332673,0.2365050258991073,1.7742427689960247,0.9676361543506486,0.26886887154845873,0.25812107665332673,2.136842105263158,1.9578947368421054,0.9162561576354681,H,3,20,2
2023_24,2024-01-21,Sheffield United,West Ham,2,2,D,1,1,D,21,16,6,5,4,1,11,10,3,1,1,1,3.43,3.43,2.18,1437.9448104240644,1503.4198814057852,-65.47507098172082,Sheffield United,2,2,21,16,0.0,2.0,4.0,18.0,0.8,1.6,9.0,13.4,West Ham,2,2,16,21,0.0,0.0,6.0,22.0,1.4,1.0,9.2,18.2,0.29154518950437314,0.29154518950437314,0.4587155963302752,0.2798459563543004,0.2798459563543004,0.44030808729139925,1.1193838254172015,1.600770218228498,-0.16046213093709888,0.2798459563543004,0.6355685131195336,1.0,1.573394495412844,D,21,25,1
2023_24,2024-01-21,Bournemouth,Liverpool,0,4,A,0,0,D,11,14,1,7,8,5,9,12,1,2,0,0,4.38,4.37,1.71,1476.0297940902908,1591.03826545399,-115.0084713636993,Bournemouth,0,4,11,14,1.0,3.0,24.0,12.0,2.4,1.0,15.8,13.4,Liverpool,4,0,14,11,4.0,2.0,34.0,5.0,1.8,0.8,22.8,8.2,0.22831050228310504,0.22883295194508008,0.5847953216374269,0.21912084238676252,0.21962226307872304,0.5612568945345144,0.8769847902390105,1.9033929466822663,-0.3421360521477519,0.21962226307872304,0.3904109589041096,0.997716894977169,2.555555555555556,A,2,15,0
2023_24,2024-01-22,Brighton,Wolves,0,0,D,0,0,D,11,8,4,3,8,2,10,13,1,4,0,0,1.65,4.29,4.95,1531.0047967733883,1484.9933742721942,46.01142250119415,Brighton,0,0,11,8,0.0,0.0,22.0,6.0,1.2,1.2,18.0,13.6,Wolves,0,0,8,11,3.0,0.0,12.0,10.0,2.0,1.2,12.2,12.2,0.6060606060606061,0.2331002331002331,0.20202020202020202,0.582089552238806,0.22388059701492538,0.19402985074626866,1.9701492537313432,0.8059701492537313,0.3880597014925373,0.22388059701492538,3.0000000000000004,2.6,0.8666666666666667,D,4,26,1
2023_24,2024-01-30,Crystal Palace,Sheffield United,3,2,H,2,2,D,12,9,4,5,11,1,8,18,1,4,0,0,1.64,3.87,5.92,1467.5500718872142,1437.866672086152,29.68339980106225,Crystal Palace,3,2,12,9,0.0,5.0,12.0,21.0,1.4,2.2,10.8,15.2,Sheffield United,2,3,9,12,2.0,2.0,21.0,16.0,1.0,2.0,11.4,14.6,0.6097560975609756,0.25839793281653745,0.16891891891891891,0.5879587332546323,0.24916080685726016,0.1628804598881076,2.013037006621157,0.7378021865215829,0.4250782733665247,0.24916080685726016,3.6097560975609757,2.3597560975609757,0.6537162162162162,H,8,21,2
2023_24,2024-01-30,Luton,Brighton,4,0,H,3,0,H,18,9,8,2,7,4,13,14,2,2,0,0,4.34,4.09,1.78,1463.323020101733,1529.0726308731307,-65.74961077139778,Luton,4,0,18,9,1.0,1.0,14.0,13.0,1.6,1.6,12.2,15.8,Brighton,0,4,9,18,0.0,0.0,11.0,8.0,1.0,1.0,14.4,14.0,0.2304147465437788,0.24449877750611249,0.5617977528089888,0.2222554646476981,0.2358407619978019,0.5419037733544999,0.9026071559408962,1.8615520820613014,-0.31964830870680183,0.2358407619978019,0.41013824884792627,0.9423963133640553,2.297752808988764,H,16,4,2
2023_24,2024-01-30,Aston Villa,Newcastle,1,3,A,0,2,A,12,14,6,5,8,7,14,12,4,1,0,0,1.86,4.07,3.92,1564.2904431110633,1529.2481781214442,35.04226498961907,Aston Villa,1,3,12,14,0.0,0.0,16.0,10.0,1.6,1.4,14.4,8.2,Newcastle,3,1,14,12,2.0,3.0,12.0,27.0,1.6,2.2,15.6,19.6,0.5376344086021505,0.24570024570024568,0.25510204081632654,0.5177344089720208,0.23660589697492843,0.24565969405305071,1.789809123890991,0.9735849791340806,0.2720747149189701,0.23660589697492843,2.10752688172043,2.1881720430107525,1.0382653061224492,A,1,19,0
2023_24,2024-01-30,Fulham,Everton,0,0,D,0,0,D,25,21,6,4,15,6,6,13,1,2,0,0,2.45,3.33,3.01,1479.31988421391,1470.769853320754,8.550030893155963,Fulham,0,0,25,21,0.0,1.0,14.0,17.0,0.4,2.0,12.4,16.0,Everton,0,0,21,25,0.0,0.0,10.0,16.0,0.8,1.6,10.8,15.6,0.4081632653061224,0.3003003003003003,0.33222591362126247,0.3922046618641979,0.2885589854556411,0.3192363526801611,1.4651729710482349,1.2462680434961244,0.0729683091840368,0.2885589854556411,1.2285714285714284,1.3591836734693876,1.106312292358804,D,10,9,1
2023_24,2024-01-30,Nott'm Forest,Arsenal,1,2,A,0,0,D,9,19,3,3,2,11,6,7,0,1,0,0,8.12,5.09,1.39,1451.1820261148869,1590.9974843915275,-139.81545827664058,Nott'm Forest,1,2,9,19,2.0,3.0,12.0,11.0,1.8,2.0,12.2,14.0,Arsenal,2,1,19,9,5.0,0.0,21.0,12.0,1.8,1.0,20.6,10.4,0.12315270935960593,0.19646365422396858,0.7194244604316548,0.11852538082546106,0.1890817470142915,0.6923928721602474,0.5446578894906747,2.2662603634950336,-0.5738674913347863,0.1890817470142915,0.17118226600985223,0.6268472906403941,3.6618705035971226,A,20,0,0
2023_24,2024-01-31,Man City,Burnley,3,1,H,2,0,H,14,8,4,3,7,3,3,13,2,2,0,0,1.1,11.19,24.13,1614.0760178523726,1441.4436557637002,172.63236208867238,Man City,3,1,14,8,3.0,2.0,27.0,12.0,2.4,1.2,21.0,6.4,Burnley,1,3,8,14,1.0,1.0,13.0,14.0,1.0,1.6,10.4,16.0,0.9090909090909091,0.08936550491510277,0.04144218814753419,0.8742111078986502,0.0859367487657297,0.0398521433356202,2.70857007246168,0.20549317877259027,0.83435896456303,0.0859367487657297,21.936363636363634,10.172727272727272,0.4637380853709076,H,17,5,2
2023_24,2024-01-31,Tottenham,Brentford,3,2,H,0,1,A,19,9,5,5,5,3,13,15,2,3,0,0,1.67,4.34,4.75,1545.1845294144405,1491.6142759923077,53.57025342213274,Tottenham,3,2,19,9,2.0,2.0,16.0,9.0,2.2,1.6,14.4,16.2,Brentford,2,3,9,19,3.0,2.0,11.0,12.0,1.2,2.4,9.6,12.0,0.5988023952095809,0.2304147465437788,0.21052631578947367,0.575913597595215,0.22160730598709882,0.20247909641768608,1.9493480987727438,0.8290445952401571,0.3734345011775289,0.22160730598709882,2.8443113772455093,2.5988023952095807,0.9136842105263158,H,24,3,2
2023_24,2024-01-31,Liverpool,Chelsea,4,1,H,2,0,H,28,4,13,3,8,1,15,16,2,4,0,0,1.58,4.61,5.15,1596.265315703282,1493.2141183337117,103.05119736957045,Liverpool,4,1,28,4,4.0,0.0,14.0,11.0,2.2,0.6,22.8,8.8,Chelsea,1,4,4,28,1.0,0.0,17.0,14.0,1.8,1.0,13.8,12.4,0.6329113924050632,0.21691973969631234,0.1941747572815534,0.6062335460378987,0.20777635634270714,0.18599009761939417,2.026476994456403,0.7657466492008895,0.42024344841850453,0.20777635634270714,3.259493670886076,2.9177215189873418,0.8951456310679612,H,15,6,2
2023_24,2024-02-01,West Ham,Bournemouth,1,1,D,0,1,A,9,9,3,4,1,5,13,11,1,3,0,0,2.43,3.73,2.75,1503.4980197436976,1470.8027438409988,32.69527590269877,West Ham,1,1,9,9,2.0,2.0,16.0,21.0,1.8,0.4,10.6,19.6,Bournemouth,1,1,9,9,0.0,4.0,11.0,14.0,2.0,1.8,15.8,13.0,0.4115226337448559,0.2680965147453083,0.36363636363636365,0.39446006175996673,0.2569806836666808,0.34855925457335246,1.440360868946581,1.3026584473867382,0.04590080718661427,0.2569806836666808,1.1316872427983538,1.5349794238683125,1.3563636363636364,D,25,2,1
2023_24,2024-02-01,Wolves,Man United,3,4,A,0,2,A,16,21,7,8,4,5,10,10,2,5,0,0,2.7,3.58,2.54,1486.9255401724517,1541.5491824391481,-54.62364226669638,Wolves,3,4,16,21,0.0,0.0,8.0,11.0,1.8,1.0,11.8,12.8,Man United,4,3,21,16,2.0,2.0,9.0,16.0,1.2,1.6,9.8,16.0,0.37037037037037035,0.27932960893854747,0.39370078740157477,0.354964633137111,0.2677107568352513,0.3773246100276377,1.3326046562465843,1.3996845869181642,-0.022359976890526656,0.2677107568352513,0.9407407407407407,1.325925925925926,1.4094488188976377,A,26,18,0
2023_24,2024-02-03,Newcastle,Luton,4,4,D,2,2,D,19,11,6,8,8,2,13,16,2,2,0,0,1.43,4.97,7.02,1537.0088712911709,1469.2496221417227,67.75924914944812,Newcastle,4,4,19,11,3.0,1.0,14.0,12.0,1.6,2.4,13.0,20.8,Luton,4,4,11,19,4.0,0.0,18.0,9.0,2.2,1.2,15.0,14.0,0.6993006993006994,0.2012072434607646,0.14245014245014245,0.6704974142453843,0.19291977914907435,0.13658280660554123,2.2044120218852274,0.602668198965698,0.5339146076398431,0.19291977914907435,4.909090909090909,3.4755244755244754,0.707977207977208,D,19,16,1
2023_24,2024-02-03,Sheffield United,Aston Villa,0,5,A,0,4,A,10,14,5,10,3,4,10,7,1,0,0,0,5.1,4.29,1.63,1433.542412356438,1556.5297499413366,-122.98733758489857,Sheffield United,0,5,10,14,2.0,3.0,9.0,12.0,1.4,2.2,12.0,14.0,Aston Villa,5,0,14,10,1.0,3.0,12.0,14.0,1.4,1.8,13.8,10.2,0.19607843137254904,0.2331002331002331,0.6134969325153374,0.18805315089270588,0.2235596898724475,0.5883871592348465,0.7877191425505652,1.988721167576987,-0.4003340083421406,0.2235596898724475,0.3196078431372549,0.8411764705882354,2.631901840490798,A,21,1,0
2023_24,2024-02-03,Brighton,Crystal Palace,4,1,H,3,0,H,13,7,6,5,3,2,8,14,1,3,0,0,1.7,4.07,4.82,1523.146028833141,1471.8743316169282,51.271697216212715,Brighton,4,1,13,7,0.0,4.0,9.0,18.0,1.0,1.4,15.0,12.4,Crystal Palace,1,4,7,13,3.0,2.0,12.0,9.0,1.6,2.2,12.2,13.2,0.5882352941176471,0.24570024570024568,0.20746887966804978,0.5648480869785549,0.23593163338170595,0.19922027963973926,1.9304758943173705,0.8335924723009237,0.36562780733881567,0.23593163338170595,2.835294117647059,2.394117647058824,0.8443983402489627,H,4,8,2
2023_24,2024-02-03,Burnley,Fulham,2,2,D,0,2,A,12,15,4,7,2,13,11,7,2,2,0,0,2.94,3.45,2.43,1439.0635801559235,1477.9860227235529,-38.92244256762933,Burnley,2,2,12,15,1.0,3.0,8.0,14.0,1.2,1.8,9.2,17.0,Fulham,2,2,15,12,0.0,0.0,25.0,21.0,0.4,1.4,16.2,14.8,0.3401360544217687,0.2898550724637681,0.4115226337448559,0.32657855064334046,0.2783017214178032,0.3951197279388563,1.2580373733478245,1.463660905234372,-0.06854117729551584,0.2783017214178032,0.826530612244898,1.1734693877551021,1.4197530864197532,D,5,10,1
2023_24,2024-02-03,Everton,Tottenham,2,2,D,1,2,A,14,9,5,6,9,5,8,14,3,0,0,0,2.94,3.69,2.34,1472.103714811111,1549.1361961901428,-77.03248137903165,Everton,2,2,14,9,0.0,0.0,21.0,25.0,0.4,1.6,13.2,17.8,Tottenham,2,2,9,14,3.0,2.0,19.0,9.0,2.4,2.0,15.8,15.0,0.3401360544217687,0.2710027100271003,0.4273504273504274,0.32752970094223677,0.2609586235149529,0.4115116755428103,1.2435477263416632,1.4954936501433838,-0.08398197460057355,0.2609586235149529,0.7959183673469388,1.2551020408163265,1.576923076923077,D,9,24,1
2023_24,2024-02-04,Bournemouth,Nott'm Forest,1,1,D,1,1,D,9,8,2,6,11,6,19,12,3,2,1,0,1.7,4.15,4.65,1472.5263231594854,1446.3717263734386,26.154596786046795,Bournemouth,1,1,9,8,1.0,1.0,9.0,9.0,1.6,2.0,15.6,10.8,Nott'm Forest,1,1,8,9,1.0,2.0,9.0,19.0,2.0,2.0,11.0,15.4,0.5882352941176471,0.24096385542168672,0.2150537634408602,0.5633073049697147,0.23075238998759393,0.20594030504269134,1.9206743048967378,0.848573305115668,0.35736699992702337,0.23075238998759393,2.7352941176470593,2.4411764705882355,0.8924731182795699,D,2,20,1
2023_24,2024-02-04,Chelsea,Wolves,2,4,A,1,2,A,15,14,6,7,10,1,15,11,3,2,0,0,1.63,4.22,5.24,1489.9777599082383,1480.660173113408,9.317586794830277,Chelsea,2,4,15,14,1.0,4.0,4.0,28.0,1.6,1.8,11.6,16.8,Wolves,4,2,14,15,3.0,4.0,16.0,21.0,2.4,1.2,12.2,14.4,0.6134969325153374,0.23696682464454977,0.19083969465648853,0.5891624880770318,0.22756750131885348,0.1832700106041148,1.9950549655499488,0.777377533131198,0.40589247747291696,0.22756750131885348,3.2147239263803686,2.588957055214724,0.8053435114503816,A,6,26,0
2023_24,2024-02-04,Man United,West Ham,3,0,H,1,0,H,12,22,5,3,5,8,10,5,0,1,0,0,1.66,4.23,4.93,1547.8145494981918,1501.774440425211,46.04010907298084,Man United,3,0,12,22,4.0,3.0,21.0,16.0,2.0,2.2,12.8,12.4,West Ham,0,3,22,12,1.0,1.0,9.0,9.0,1.4,0.6,9.8,18.6,0.6024096385542169,0.23640661938534277,0.20283975659229211,0.5783191669324311,0.2269526754392046,0.19472815762836423,1.961910176236498,0.8111371483242973,0.38359100930406687,0.2269526754392046,2.9698795180722892,2.548192771084338,0.8580121703853957,H,18,25,2
2023_24,2024-02-04,Arsenal,Liverpool,3,1,H,1,1,D,15,10,7,1,2,4,11,11,6,2,0,1,2.25,3.67,3.07,1595.8077841329757,1599.5016741287554,-3.6938899957797275,Arsenal,3,1,15,10,2.0,1.0,19.0,9.0,1.8,1.2,19.2,11.0,Liverpool,1,3,10,15,4.0,1.0,28.0,4.0,3.0,0.8,21.6,8.4,0.4444444444444444,0.2724795640326976,0.32573289902280134,0.42626144923369114,0.2613319511650695,0.31240659960123945,1.540116298866143,1.1985517499687879,0.11385484963245168,0.2613319511650695,1.3644444444444443,1.6311111111111112,1.1954397394136809,H,0,15,2
2023_24,2024-02-05,Brentford,Man City,1,3,A,1,1,D,9,25,3,15,8,13,2,4,1,0,0,0,7.17,4.99,1.42,1487.6626092166055,1616.4560934601493,-128.79348424354384,Brentford,1,3,9,25,2.0,3.0,9.0,19.0,1.6,2.8,9.4,14.0,Man City,3,1,25,9,3.0,1.0,14.0,8.0,2.6,1.2,20.2,7.2,0.1394700139470014,0.2004008016032064,0.7042253521126761,0.1335796627423627,0.19193711059373553,0.6744832266639017,0.5926760988208236,2.2153867905854403,-0.540903563921539,0.19193711059373553,0.19804741980474197,0.6959553695955369,3.514084507042254,A,3,17,0
2023_24,2024-02-10,Fulham,Bournemouth,3,1,H,2,0,H,7,25,6,4,1,14,11,11,1,2,0,0,2.4,3.58,2.88,1478.5212863369813,1470.9069275324366,7.614358804544736,Fulham,3,1,7,25,2.0,2.0,15.0,12.0,0.8,1.4,15.4,15.8,Bournemouth,1,3,25,7,1.0,1.0,9.0,8.0,1.2,1.8,13.8,10.2,0.4166666666666667,0.27932960893854747,0.3472222222222222,0.39940498326515433,0.26775753068055036,0.33283748605429525,1.4659724804760135,1.2662699888434361,0.06656749721085908,0.26775753068055036,1.2,1.4916666666666667,1.2430555555555556,H,10,2,2
2023_24,2024-02-10,Luton,Sheffield United,1,3,A,0,2,A,20,7,5,3,13,1,7,12,1,2,0,0,1.77,3.88,4.59,1471.511339048313,1428.4504421222814,43.060896926031546,Luton,1,3,20,7,4.0,4.0,11.0,19.0,2.8,2.0,14.0,14.8,Sheffield United,3,1,7,20,0.0,5.0,10.0,14.0,1.2,3.0,13.0,14.4,0.5649717514124294,0.2577319587628866,0.2178649237472767,0.5429452061058927,0.24768376670294592,0.20937102719116127,1.8765193850206239,0.8757968482764297,0.3335741789147314,0.24768376670294592,2.5932203389830506,2.1920903954802258,0.8453159041394336,A,16,21,0
2023_24,2024-02-10,Man City,Everton,2,0,H,0,0,D,19,5,3,1,9,0,6,11,0,2,0,0,1.2,7.36,13.47,1621.450347801056,1472.2251448790903,149.22520292196577,Man City,2,0,19,5,3.0,1.0,25.0,9.0,2.8,1.0,21.4,8.0,Everton,0,2,5,19,2.0,2.0,14.0,9.0,0.6,1.6,12.4,17.0,0.8333333333333334,0.1358695652173913,0.07423904974016332,0.798638903389208,0.13021286468302304,0.07114823192776908,2.526129574850647,0.3436575604663302,0.7274906714614389,0.13021286468302304,11.225000000000001,6.133333333333334,0.5463994060876021,H,17,9,2
2023_24,2024-02-10,Wolves,Brentford,0,2,A,0,1,A,17,9,5,6,7,4,11,9,2,3,0,0,2.12,3.66,3.38,1488.0066285213834,1482.6683548756987,5.338273645684694,Wolves,0,2,17,9,4.0,2.0,14.0,15.0,2.8,1.4,12.2,14.2,Brentford,2,0,9,17,1.0,3.0,9.0,25.0,1.6,3.0,10.4,16.0,0.4716981132075471,0.27322404371584696,0.2958579881656805,0.45321590292940983,0.26251850115036857,0.2842655959202216,1.622166209938598,1.1153152889110334,0.16895030700918823,0.26251850115036857,1.5943396226415094,1.7264150943396226,1.0828402366863905,A,26,3,0
2023_24,2024-02-10,Nott'm Forest,Newcastle,2,3,A,2,2,D,13,7,3,5,4,4,9,6,1,2,0,0,3.3,3.71,2.13,1447.9911220004874,1534.7471543845807,-86.75603238409326,Nott'm Forest,2,3,13,7,1.0,1.0,8.0,9.0,1.8,1.6,10.4,13.6,Newcastle,3,2,7,13,4.0,4.0,19.0,11.0,2.4,3.0,13.8,19.8,0.30303030303030304,0.2695417789757412,0.4694835680751174,0.2908004990008942,0.25866351663152315,0.4505359843675826,1.1310650136342058,1.610271469734271,-0.15973548536668836,0.25866351663152315,0.6454545454545455,1.1242424242424243,1.7417840375586855,A,20,19,0
2023_24,2024-02-10,Tottenham,Brighton,2,1,H,0,1,A,16,6,6,3,9,6,14,13,2,3,0,0,1.82,4.31,3.84,1549.0147661221636,1527.1328428693023,21.88192325286127,Tottenham,2,1,16,6,2.0,2.0,9.0,14.0,2.4,2.2,15.0,14.2,Brighton,1,2,6,16,4.0,1.0,13.0,7.0,1.6,1.4,14.0,11.6,0.5494505494505494,0.2320185614849188,0.2604166666666667,0.5273615988070126,0.2226909767584137,0.2499474244345737,1.8047757731794516,0.9725332500621349,0.27741417437243887,0.2226909767584137,2.10989010989011,2.3681318681318677,1.1223958333333333,H,24,4,2
2023_24,2024-02-10,Liverpool,Burnley,3,1,H,1,1,D,25,9,10,4,9,3,11,13,3,2,0,0,1.16,8.4,15.8,1594.6330379737487,1438.528316542495,156.10472143125367,Liverpool,3,1,25,9,1.0,3.0,10.0,15.0,3.0,1.2,21.0,8.8,Burnley,1,3,9,25,2.0,2.0,12.0,15.0,1.2,2.2,10.2,16.2,0.8620689655172414,0.11904761904761904,0.06329113924050632,0.8254141997114284,0.1139857704363401,0.06060002985223144,2.5902283695706254,0.2957858599930344,0.7648141698591969,0.1139857704363401,13.620689655172415,7.241379310344828,0.5316455696202531,H,15,5,2
2023_24,2024-02-11,West Ham,Arsenal,0,6,A,0,4,A,5,25,1,12,2,6,17,11,4,0,0,0,5.81,4.38,1.55,1497.707050339378,1600.6764202879824,-102.96936994860448,West Ham,0,6,5,25,0.0,3.0,22.0,12.0,1.0,1.2,11.8,18.8,Arsenal,6,0,25,5,3.0,1.0,15.0,10.0,2.2,1.2,19.6,10.4,0.17211703958691912,0.22831050228310504,0.6451612903225806,0.16461254585704485,0.2183559112852581,0.617031542857697,0.7121935488563926,2.0694505398583494,-0.45241899700065213,0.2183559112852581,0.26678141135972466,0.7538726333907058,2.825806451612903,A,25,0,0
2023_24,2024-02-11,Aston Villa,Man United,1,2,A,0,1,A,23,17,10,5,10,8,9,7,3,2,0,0,2.17,3.83,3.11,1561.6217201754932,1551.8819395840248,9.739780591468389,Aston Villa,1,2,23,17,5.0,0.0,14.0,10.0,2.2,1.6,14.2,11.2,Man United,2,1,17,23,3.0,0.0,12.0,22.0,2.6,1.8,13.0,14.4,0.4608294930875576,0.2610966057441253,0.3215434083601286,0.44163196903352103,0.250219679582961,0.30814835138351787,1.575115586683524,1.1746647337335145,0.13348361765000316,0.250219679582961,1.433179723502304,1.7649769585253456,1.2315112540192927,A,1,18,0
2023_24,2024-02-12,Crystal Palace,Chelsea,1,3,A,1,0,H,13,14,4,5,1,7,14,7,2,2,0,0,4.2,3.8,1.84,1467.8875175807668,1482.631304500263,-14.743786919496188,Crystal Palace,1,3,13,14,1.0,4.0,7.0,13.0,1.6,2.8,11.4,12.2,Chelsea,3,1,14,13,2.0,4.0,15.0,14.0,1.8,2.2,11.4,16.8,0.23809523809523808,0.2631578947368421,0.5434782608695652,0.22790091264667536,0.25189048239895695,0.5202086049543677,0.9355932203389831,1.81251629726206,-0.2923076923076924,0.25189048239895695,0.4380952380952381,0.9047619047619047,2.0652173913043477,A,8,6,0
2023_24,2024-02-17,Nott'm Forest,West Ham,2,0,H,1,0,H,19,10,8,3,5,3,13,15,4,4,0,1,2.43,3.51,2.9,1442.2802642896957,1492.2747083327893,-49.99444404309361,Nott'm Forest,2,0,19,10,2.0,3.0,13.0,7.0,1.6,2.0,10.0,11.2,West Ham,0,2,10,19,0.0,6.0,5.0,25.0,0.6,2.4,11.6,17.8,0.4115226337448559,0.2849002849002849,0.3448275862068966,0.3952196246986057,0.273613586329804,0.33116678897159035,1.459272460425621,1.267113953244575,0.06405283572701537,0.273613586329804,1.1934156378600822,1.4444444444444442,1.2103448275862068,H,20,25,2
2023_24,2024-02-17,Newcastle,Bournemouth,2,2,D,0,0,D,17,12,5,7,4,2,9,22,1,3,0,0,1.85,4.16,3.83,1540.4580120953724,1466.2254199561162,74.23259213925621,Newcastle,2,2,17,12,3.0,2.0,7.0,13.0,2.8,2.8,11.4,19.4,Bournemouth,2,2,12,17,1.0,3.0,25.0,7.0,0.8,2.4,15.6,10.0,0.5405405405405405,0.24038461538461536,0.2610966057441253,0.5187420843060073,0.2306905903764696,0.2505673253175231,1.7869168432944915,0.9823925663290389,0.2681747589884842,0.2306905903764696,2.07027027027027,2.2486486486486488,1.0861618798955615,D,19,2,1
2023_24,2024-02-17,Tottenham,Wolves,1,2,A,0,1,A,15,12,4,7,10,4,8,13,0,1,0,0,1.55,4.75,5.37,1553.4640062855947,1480.7255979936901,72.73840829190453,Tottenham,1,2,15,12,2.0,1.0,16.0,6.0,2.4,1.6,14.4,12.4,Wolves,2,1,12,15,0.0,2.0,17.0,9.0,2.0,1.6,13.4,13.2,0.6451612903225806,0.21052631578947367,0.186219739292365,0.6192117688470269,0.20205857720271403,0.17872965395025917,2.059693883743795,0.7382475390534915,0.4404821148967677,0.20205857720271403,3.464516129032258,3.064516129032258,0.8845437616387337,A,24,26,0
2023_24,2024-02-17,Burnley,Arsenal,0,5,A,0,2,A,8,16,0,7,4,6,11,8,2,1,0,0,9.94,5.73,1.31,1435.9614923451068,1606.108762294571,-170.14726994946432,Burnley,0,5,8,16,1.0,3.0,9.0,25.0,1.4,2.4,10.2,17.4,Arsenal,5,0,16,8,6.0,0.0,25.0,5.0,3.4,0.8,18.6,10.2,0.1006036217303823,0.17452006980802792,0.7633587786259541,0.09687560899748206,0.1680529761666617,0.7350714148358561,0.4586798031591079,2.3732672206742302,-0.6381958058383741,0.1680529761666617,0.1317907444668008,0.5764587525150906,4.374045801526718,A,5,0,0
2023_24,2024-02-17,Brentford,Liverpool,1,4,A,0,1,A,15,15,6,8,1,6,4,18,2,1,0,0,5.24,4.52,1.59,1489.949385403392,1597.199862171137,-107.25047676774511,Brentford,1,4,15,15,2.0,0.0,9.0,17.0,1.8,2.2,9.4,17.2,Liverpool,4,1,15,15,3.0,1.0,25.0,9.0,3.2,1.4,22.2,8.8,0.19083969465648853,0.22123893805309736,0.6289308176100629,0.18332176965145702,0.21252346747204312,0.6041547628764998,0.7624887764264141,2.0249877561015426,-0.4208329932250428,0.21252346747204312,0.30343511450381677,0.8625954198473281,2.8427672955974836,A,3,15,0
2023_24,2024-02-17,Fulham,Aston Villa,1,2,A,0,1,A,15,12,4,3,4,4,11,6,5,2,0,0,2.94,3.77,2.29,1483.2027939133018,1554.268342802533,-71.0655488892312,Fulham,1,2,15,12,3.0,1.0,7.0,25.0,1.4,1.0,15.2,17.6,Aston Villa,2,1,12,15,1.0,2.0,23.0,17.0,2.0,1.4,16.8,12.0,0.3401360544217687,0.26525198938992045,0.4366812227074236,0.3264044582736288,0.2545435297942888,0.4190520119320824,1.2337569046151753,1.511699565590536,-0.09264755365845362,0.2545435297942888,0.7789115646258503,1.282312925170068,1.6462882096069869,A,10,1,0
2023_24,2024-02-17,Man City,Chelsea,1,1,D,0,1,A,31,9,5,6,12,1,7,12,1,3,0,0,1.35,5.64,8.22,1624.0979843551722,1489.577580617189,134.52040373798332,Man City,1,1,31,9,2.0,0.0,19.0,5.0,2.6,0.8,20.6,7.6,Chelsea,1,1,9,31,3.0,1.0,14.0,13.0,2.0,2.2,12.4,16.8,0.7407407407407407,0.1773049645390071,0.121654501216545,0.7124560869685486,0.17053470166800366,0.11700921136344776,2.3079029625736496,0.521562335758347,0.5954468756051008,0.17053470166800366,6.088888888888889,4.177777777777777,0.6861313868613138,D,17,6,1
2023_24,2024-02-18,Luton,Man United,1,2,A,1,2,A,22,21,4,9,8,6,7,21,3,5,0,0,4.07,4.09,1.81,1463.6249670555972,1559.2353169569851,-95.61034990138796,Luton,1,2,22,21,1.0,3.0,20.0,7.0,2.4,2.2,15.6,12.0,Man United,2,1,21,22,2.0,1.0,17.0,23.0,2.4,1.6,13.8,17.0,0.24570024570024568,0.24449877750611249,0.5524861878453039,0.2356418246811328,0.23448954191985588,0.5298686333990114,0.9414150159632542,1.8240954421168898,-0.29422680871787854,0.23448954191985588,0.4447174447174447,1.0049140049140048,2.2596685082872927,A,16,18,0
2023_24,2024-02-18,Sheffield United,Brighton,0,5,A,0,2,A,6,24,1,10,5,10,3,5,1,4,1,0,4.92,4.3,1.65,1436.3368141149972,1522.6836027058712,-86.34678859087398,Sheffield United,0,5,6,24,3.0,1.0,7.0,20.0,1.4,2.6,10.2,16.0,Brighton,5,0,24,6,1.0,2.0,6.0,16.0,1.0,1.4,12.2,11.0,0.2032520325203252,0.23255813953488372,0.6060606060606061,0.1950837251505403,0.22321207621875774,0.581704198630702,0.8084632516703786,1.9683246721108638,-0.3866204734801617,0.22321207621875774,0.33536585365853655,0.8739837398373983,2.606060606060606,A,21,4,0
2023_24,2024-02-19,Everton,Crystal Palace,1,1,D,0,0,D,19,10,4,4,3,6,8,12,0,2,0,0,1.73,3.68,5.12,1469.5775083249741,1460.941241463841,8.636266861133208,Everton,1,1,19,10,0.0,2.0,5.0,19.0,0.4,1.4,12.0,16.2,Crystal Palace,1,1,10,19,1.0,3.0,13.0,14.0,1.6,3.0,11.4,13.2,0.5780346820809249,0.2717391304347826,0.1953125,0.5530975529566484,0.2600159691888591,0.1868864778544925,1.9193086280588043,0.8206754027523366,0.3662110751021559,0.2600159691888591,2.9595375722543356,2.1271676300578037,0.71875,D,9,8,1
2023_24,2024-02-20,Man City,Brentford,1,0,H,0,0,D,25,6,11,2,10,1,12,6,2,4,0,0,1.18,8.12,15.16,1620.9244100556255,1484.5902247098543,136.33418534577117,Man City,1,0,25,6,1.0,1.0,31.0,9.0,2.4,1.0,23.2,8.6,Brentford,0,1,6,25,1.0,4.0,15.0,15.0,1.8,2.4,10.6,17.6,0.8474576271186441,0.12315270935960593,0.06596306068601583,0.8175567976537097,0.11880751492997259,0.06363568741631777,2.5714779078911016,0.3097145771789259,0.753921110237392,0.11880751492997259,12.847457627118645,6.881355932203389,0.5356200527704484,H,17,3,2
2023_24,2024-02-21,Liverpool,Luton,4,1,H,0,1,A,29,12,13,3,13,4,15,14,1,4,0,0,1.2,7.72,13.14,1602.5590228646747,1458.0664428281298,144.49258003654495,Liverpool,4,1,29,12,4.0,1.0,15.0,15.0,3.2,1.2,18.4,10.8,Luton,1,4,12,29,1.0,2.0,22.0,21.0,2.2,2.0,17.0,13.8,0.8333333333333334,0.1295336787564767,0.076103500761035,0.8020760195077519,0.12467502893902879,0.07324895155321934,2.5309030874622844,0.3444218835986868,0.7288270679545326,0.12467502893902879,10.950000000000001,6.433333333333334,0.5875190258751902,H,15,16,2
2023_24,2024-02-24,Aston Villa,Nott'm Forest,4,2,H,3,1,H,16,10,6,3,7,2,7,16,1,2,0,0,1.55,4.54,5.63,1560.2499414828148,1447.9351618923401,112.3147795904747,Aston Villa,4,2,16,10,2.0,1.0,12.0,15.0,1.8,1.2,15.4,13.2,Nott'm Forest,2,4,10,16,2.0,0.0,19.0,10.0,1.6,1.8,12.2,11.2,0.6451612903225806,0.22026431718061673,0.17761989342806395,0.6185360942993972,0.21117421721675453,0.17028968848384826,2.066782500114946,0.7220432826682993,0.44824640581554887,0.21117421721675453,3.6322580645161286,2.9290322580645163,0.8063943161634103,H,1,20,2
2023_24,2024-02-24,Brighton,Everton,1,1,D,0,0,D,23,6,7,3,11,3,9,14,2,3,1,0,1.84,3.93,4.1,1528.4015117909034,1468.2422312714575,60.15928051944593,Brighton,1,1,23,6,5.0,0.0,24.0,6.0,2.0,1.4,12.6,11.0,Everton,1,1,6,23,1.0,1.0,19.0,10.0,0.6,1.0,13.8,15.8,0.5434782608695652,0.2544529262086514,0.24390243902439027,0.5216555189360338,0.24423566280974612,0.23410881825422009,1.8092022196178477,0.9465621175724064,0.2875467006818137,0.24423566280974612,2.2282608695652173,2.135869565217391,0.9585365853658537,D,4,9,1
2023_24,2024-02-24,Crystal Palace,Burnley,3,0,H,0,0,D,15,2,6,0,12,3,8,13,3,1,0,1,2.01,3.46,3.92,1462.2765185173575,1431.6446157493435,30.631902768014015,Crystal Palace,3,0,15,2,1.0,1.0,10.0,19.0,1.2,3.0,10.8,15.2,Burnley,0,3,2,15,0.0,5.0,8.0,16.0,1.0,2.8,10.0,16.8,0.49751243781094534,0.28901734104046245,0.25510204081632654,0.47762791844208896,0.27746592949959503,0.244906152058316,1.7103496848258617,1.012184385674543,0.23272176638377295,0.27746592949959503,1.9502487562189057,1.7213930348258708,0.8826530612244898,H,8,5,2
2023_24,2024-02-24,Man United,Fulham,1,2,A,0,0,D,21,17,9,5,10,9,6,11,2,5,0,0,1.58,4.47,5.33,1564.7938411844525,1477.22119523302,87.5726459514326,Man United,1,2,21,17,2.0,1.0,21.0,22.0,2.6,1.4,16.0,19.8,Fulham,2,1,17,21,1.0,2.0,15.0,12.0,1.2,1.2,15.2,17.4,0.6329113924050632,0.2237136465324385,0.18761726078799248,0.6060962983126044,0.21423538061161412,0.17966832107578143,2.0325242755494273,0.7532403438389583,0.4264279772368229,0.21423538061161412,3.373417721518987,2.8291139240506324,0.8386491557223263,A,18,10,0
2023_24,2024-02-24,Bournemouth,Man City,0,1,A,0,1,A,13,15,4,6,3,8,14,6,2,2,0,0,6.96,5.16,1.42,1468.5823629952936,1623.7283382634998,-155.14597526820626,Bournemouth,0,1,13,15,2.0,2.0,12.0,17.0,1.0,2.2,13.2,11.0,Man City,1,0,15,13,1.0,0.0,25.0,6.0,2.0,0.6,22.8,7.4,0.14367816091954022,0.19379844961240308,0.7042253521126761,0.13792636096679467,0.1860402078156765,0.6760334312175289,0.5998192907160605,2.2141405014682634,-0.5381070702507342,0.1860402078156765,0.20402298850574713,0.7413793103448276,3.633802816901409,A,2,17,0
2023_24,2024-02-24,Arsenal,Newcastle,4,1,H,2,0,H,18,3,8,2,9,0,15,6,1,0,0,0,1.38,5.34,7.53,1610.4256388903343,1538.101069056195,72.32456983413931,Arsenal,4,1,18,3,5.0,0.0,16.0,8.0,4.2,0.4,19.2,8.8,Newcastle,1,4,3,18,2.0,2.0,17.0,12.0,2.8,2.4,13.8,15.0,0.7246376811594204,0.18726591760299627,0.13280212483399734,0.6936285164255108,0.17925231323355897,0.12711917034093026,2.2601378625100916,0.5606098242563498,0.5665093460845806,0.17925231323355897,5.4565217391304355,3.8695652173913047,0.7091633466135457,H,0,19,2
2023_24,2024-02-25,Wolves,Sheffield United,1,0,H,1,0,H,13,12,2,4,5,6,8,4,2,1,0,0,1.46,4.69,6.86,1489.0606823736418,1430.618905029965,58.441777343676904,Wolves,1,0,13,12,2.0,1.0,12.0,15.0,1.8,1.8,13.4,14.2,Sheffield United,0,1,12,13,0.0,5.0,6.0,24.0,1.4,3.2,10.6,17.2,0.684931506849315,0.21321961620469082,0.14577259475218657,0.6561126020670359,0.20424827271169987,0.1396391252212642,2.1725860789128077,0.6231656483754925,0.5164734768457717,0.20424827271169987,4.698630136986302,3.212328767123288,0.6836734693877551,H,26,21,2
2023_24,2024-02-26,West Ham,Brentford,4,2,H,2,1,H,17,14,6,8,1,7,5,9,1,2,0,0,2.5,3.6,2.73,1486.6198107301448,1481.78629650198,4.833514228164859,West Ham,4,2,17,14,0.0,2.0,10.0,19.0,0.6,2.8,12.4,17.2,Brentford,2,4,14,17,0.0,1.0,6.0,25.0,1.2,2.2,9.6,20.2,0.4,0.2777777777777778,0.3663003663003663,0.38311308618874984,0.26605075429774294,0.35083615951350716,1.4153900128639925,1.3185592328382643,0.03227692667524268,0.26605075429774294,1.092,1.44,1.3186813186813187,H,25,3,2
2023_24,2024-03-02,Brentford,Chelsea,2,2,D,0,1,A,14,17,5,6,0,6,10,9,3,1,0,0,3.07,3.86,2.19,1477.059004922052,1492.7511549167357,-15.692149994683632,Brentford,2,2,14,17,2.0,4.0,14.0,17.0,1.2,2.4,10.6,19.8,Chelsea,2,2,17,14,1.0,1.0,9.0,31.0,1.6,2.0,11.8,20.0,0.32573289902280134,0.2590673575129534,0.4566210045662101,0.31277727005316924,0.2487632691873652,0.4384594607594655,1.1870950793468729,1.5641416514657616,-0.12568219070629627,0.2487632691873652,0.7133550488599348,1.2573289902280131,1.7625570776255708,D,3,6,1
2023_24,2024-03-02,Tottenham,Crystal Palace,3,1,H,0,0,D,14,4,6,1,11,1,7,16,1,2,0,0,1.49,4.66,6.26,1545.128921905643,1466.5856874179715,78.5432344876715,Tottenham,3,1,14,4,1.0,2.0,15.0,12.0,2.0,1.8,15.0,10.0,Crystal Palace,1,3,4,14,3.0,0.0,15.0,2.0,1.8,2.0,11.4,11.4,0.6711409395973155,0.2145922746781116,0.1597444089456869,0.6419467281657658,0.20525764484270195,0.15279562699153212,2.1310978293399994,0.6636445258172983,0.48915110117423366,0.20525764484270195,4.201342281879194,3.12751677852349,0.744408945686901,H,24,8,2
2023_24,2024-03-02,Nott'm Forest,Liverpool,0,1,A,0,0,D,8,22,2,2,3,12,11,12,2,2,0,0,5.63,4.67,1.54,1444.823281260473,1605.2633025141713,-160.4400212536982,Nott'm Forest,0,1,8,22,2.0,4.0,10.0,16.0,1.6,2.0,11.8,12.2,Liverpool,1,0,22,8,4.0,1.0,29.0,12.0,3.2,1.4,21.4,11.0,0.17761989342806395,0.21413276231263384,0.6493506493506493,0.17060736678045552,0.20567868843125578,0.6237139447882887,0.7175007887726224,2.0768205227961216,-0.45310657800783316,0.20567868843125578,0.2735346358792185,0.8294849023090586,3.0324675324675323,A,20,15,0
2023_24,2024-03-02,Newcastle,Wolves,3,0,H,2,0,H,14,12,7,3,3,5,8,11,0,1,0,0,1.9,3.95,3.8,1534.4300863460726,1492.938384647536,41.491701698536644,Newcastle,3,0,14,12,1.0,4.0,3.0,18.0,2.6,2.6,12.0,13.2,Wolves,0,3,12,14,1.0,0.0,13.0,12.0,2.0,1.8,14.4,14.4,0.5263157894736842,0.2531645569620253,0.2631578947368421,0.5047923322683707,0.2428115015974441,0.25239616613418536,1.7571884984025563,1.0000000000000002,0.25239616613418536,0.2428115015974441,2.0,2.0789473684210527,1.0394736842105263,H,19,26,2
2023_24,2024-03-02,Fulham,Brighton,3,0,H,2,0,H,12,15,5,5,2,6,16,10,1,2,0,0,2.59,3.64,2.62,1485.7699759044538,1526.2533102866587,-40.48333438220493,Fulham,3,0,12,15,2.0,1.0,17.0,21.0,1.6,1.2,15.8,18.2,Brighton,0,3,15,12,1.0,1.0,23.0,6.0,2.2,1.6,15.0,10.6,0.3861003861003861,0.2747252747252747,0.38167938931297707,0.3703582884793128,0.2635241668025879,0.36611754471809926,1.3745990322405262,1.3618768009568856,0.004240743761213528,0.2635241668025879,1.0115830115830118,1.4054054054054055,1.3893129770992367,H,10,4,2
2023_24,2024-03-02,Everton,West Ham,1,3,A,0,0,D,22,12,11,5,4,5,9,6,1,2,0,0,2.09,3.57,3.52,1470.3904327757023,1491.3471023100726,-20.95666953437035,Everton,1,3,22,12,1.0,1.0,6.0,23.0,0.8,1.2,13.0,17.2,West Ham,3,1,12,22,4.0,2.0,17.0,14.0,1.0,2.8,12.6,15.8,0.47846889952153115,0.2801120448179272,0.2840909090909091,0.4588873267724443,0.26864832295641694,0.2724643502711388,1.64531030327375,1.0860413737698333,0.18642297650130552,0.26864832295641694,1.6842105263157896,1.7081339712918662,1.0142045454545454,A,9,25,0
2023_24,2024-03-02,Luton,Aston Villa,2,3,A,0,2,A,13,12,5,8,8,6,8,19,1,4,0,0,4.29,4.3,1.74,1455.3621631786332,1563.361822114682,-107.99965893604872,Luton,2,3,13,12,1.0,4.0,12.0,29.0,2.2,2.6,16.6,17.0,Aston Villa,3,2,12,13,4.0,2.0,16.0,10.0,2.6,1.6,15.4,13.2,0.2331002331002331,0.23255813953488372,0.5747126436781609,0.22405490872502515,0.22353385079775764,0.5524112404772171,0.8956985769728331,1.880767572229409,-0.328356331752192,0.22353385079775764,0.40559440559440557,1.0023310023310024,2.471264367816092,A,16,1,0
2023_24,2024-03-03,Burnley,Bournemouth,0,2,A,0,1,A,20,10,6,3,7,2,8,13,2,4,0,0,3.72,3.78,1.96,1427.3354468487296,1464.0240349056671,-36.68858805693753,Burnley,0,2,20,10,0.0,3.0,2.0,15.0,0.8,3.2,7.8,17.0,Bournemouth,2,0,10,20,0.0,1.0,13.0,15.0,1.0,1.6,13.6,11.2,0.26881720430107525,0.2645502645502646,0.5102040816326531,0.2575934579439252,0.25350467289719625,0.4889018691588784,1.026285046728972,1.7202102803738315,-0.2313084112149532,0.25350467289719625,0.5268817204301075,1.0161290322580645,1.9285714285714286,A,5,2,0
2023_24,2024-03-03,Man City,Man United,3,1,H,0,1,A,27,3,8,1,15,2,5,10,0,1,0,0,1.27,6.33,10.06,1628.2866663531263,1556.2450605130186,72.04160584010765,Man City,3,1,27,3,1.0,0.0,15.0,13.0,1.6,0.4,23.0,8.4,Man United,1,3,3,27,1.0,2.0,21.0,17.0,2.4,1.4,18.4,20.0,0.7874015748031495,0.1579778830963665,0.09940357852882703,0.75365080341937,0.15120640131794627,0.09514279526268388,2.412158811576056,0.4366347871059979,0.6585080081566861,0.15120640131794627,7.921259842519685,4.984251968503937,0.6292246520874751,H,17,18,2
2023_24,2024-03-04,Sheffield United,Arsenal,0,6,A,0,5,A,4,22,0,10,0,7,11,4,1,0,0,0,16.28,7.82,1.17,1426.7412027560708,1614.0966216004567,-187.3554188443859,Sheffield United,0,6,4,22,0.0,1.0,12.0,13.0,1.0,3.0,8.8,16.6,Arsenal,6,0,22,4,4.0,1.0,18.0,3.0,4.0,0.6,18.6,7.0,0.06142506142506142,0.1278772378516624,0.8547008547008548,0.05883608798597614,0.12248740567924447,0.8186765063347793,0.2989956696371729,2.578516924683582,-0.7598404183488031,0.12248740567924447,0.07186732186732185,0.48034398034398035,6.683760683760684,A,21,0,0
2023_24,2024-03-09,Wolves,Fulham,2,1,H,0,0,D,8,23,3,6,3,4,7,11,2,2,0,0,2.54,3.45,2.79,1488.8003016288196,1491.2614639521114,-2.4611623232917736,Wolves,2,1,8,23,0.0,3.0,12.0,14.0,1.4,1.6,13.6,13.0,Fulham,1,2,23,8,3.0,0.0,12.0,15.0,2.2,1.2,13.2,17.0,0.39370078740157477,0.2898550724637681,0.35842293906810035,0.37783953743066756,0.27817751451417266,0.3439829480551598,1.4116961268061754,1.310126358679652,0.033856589375507784,0.27817751451417266,1.0984251968503937,1.358267716535433,1.2365591397849462,H,26,10,2
2023_24,2024-03-09,Arsenal,Brentford,2,1,H,1,1,D,17,9,6,4,10,4,9,10,2,4,0,0,1.23,6.84,12.02,1618.143678609866,1476.1287059275335,142.01497268233243,Arsenal,2,1,17,9,6.0,0.0,22.0,4.0,4.8,0.4,19.2,6.0,Brentford,1,2,9,17,2.0,2.0,14.0,17.0,1.4,2.2,11.6,18.2,0.8130081300813008,0.14619883040935672,0.0831946755407654,0.7799375039131203,0.14025191956332425,0.07981057652355558,2.480064431302685,0.379683649133991,0.7001269273895647,0.14025191956332425,9.772357723577235,5.560975609756097,0.5690515806988353,H,0,3,2
2023_24,2024-03-09,Crystal Palace,Luton,1,1,D,1,0,H,21,8,4,2,8,6,20,11,2,3,0,0,1.78,3.89,4.49,1463.0052768628,1450.015789846827,12.989487015973054,Crystal Palace,1,1,21,8,1.0,3.0,4.0,14.0,1.4,2.2,9.8,12.4,Luton,1,1,8,21,2.0,3.0,13.0,12.0,1.8,3.2,15.6,17.6,0.5617977528089888,0.2570694087403599,0.22271714922048996,0.5393684860650043,0.24680614529452635,0.2138253686404694,1.8649116034895392,0.8882822512159345,0.3255431174245349,0.24680614529452635,2.5224719101123596,2.1853932584269664,0.866369710467706,D,8,16,1
2023_24,2024-03-09,Bournemouth,Sheffield United,2,2,D,0,1,A,32,13,12,9,10,3,12,11,3,5,0,0,1.34,5.51,8.58,1470.5975463357731,1422.6941457466617,47.90340058911147,Bournemouth,2,2,32,13,2.0,0.0,10.0,20.0,1.2,1.4,13.8,13.4,Sheffield United,2,2,13,32,0.0,6.0,4.0,22.0,0.6,3.6,7.8,18.6,0.7462686567164178,0.18148820326678766,0.11655011655011654,0.714606598908042,0.17378817468907015,0.1116052264028877,2.317607971413196,0.5086038538977332,0.6030013725051543,0.17378817468907015,6.402985074626866,4.111940298507462,0.6421911421911422,D,2,21,1
2023_24,2024-03-09,Man United,Everton,2,0,H,2,0,H,15,23,8,6,5,8,13,11,1,2,0,0,1.85,3.89,4.09,1552.5699261699087,1463.5490653035247,89.02086086638406,Man United,2,0,15,23,1.0,3.0,3.0,27.0,1.8,1.4,14.8,22.2,Everton,0,2,23,15,1.0,3.0,22.0,12.0,1.0,1.8,13.2,14.6,0.5405405405405405,0.2570694087403599,0.24449877750611249,0.5186987947093707,0.24668194607000923,0.23461925922062005,1.8027783301981213,0.9505397237318695,0.2840795354887507,0.24668194607000923,2.2108108108108104,2.1027027027027025,0.9511002444987776,H,18,9,2
2023_24,2024-03-10,Aston Villa,Tottenham,0,4,A,0,0,D,10,9,1,5,6,4,11,15,0,2,1,0,2.42,4.08,2.62,1568.7081954464882,1548.7093324608145,19.998862985673668,Aston Villa,0,4,10,9,3.0,2.0,12.0,13.0,3.0,1.4,15.4,13.0,Tottenham,4,0,9,10,3.0,1.0,14.0,4.0,2.2,1.6,14.6,9.0,0.4132231404958678,0.24509803921568626,0.38167938931297707,0.3973297253899107,0.2356710626087215,0.3669992120013678,1.4276602387784536,1.336668698612825,0.030330513388542868,0.2356710626087215,1.0826446280991737,1.6859504132231407,1.5572519083969465,A,1,24,0
2023_24,2024-03-10,Brighton,Nott'm Forest,1,0,H,1,0,H,10,9,3,4,6,3,14,14,4,4,0,0,1.78,4.04,4.25,1520.761822239001,1440.3507789231564,80.41104331584461,Brighton,1,0,10,9,0.0,3.0,15.0,12.0,2.2,1.4,16.2,9.4,Nott'm Forest,0,1,9,10,0.0,1.0,8.0,22.0,1.4,1.8,11.6,12.8,0.5617977528089888,0.24752475247524752,0.23529411764705882,0.5378028077253165,0.23695272221560973,0.22524447005907372,1.8503611453915594,0.9126861323928309,0.3125583376662428,0.23695272221560973,2.3876404494382024,2.2696629213483144,0.9505882352941176,H,4,20,2
2023_24,2024-03-10,West Ham,Burnley,2,2,D,0,2,A,22,11,4,4,4,4,11,18,2,4,0,0,1.67,4.08,4.97,1498.1884697822502,1420.7619354186236,77.42653436362662,West Ham,2,2,22,11,3.0,1.0,12.0,22.0,1.4,2.8,13.2,18.4,Burnley,2,2,11,22,0.0,2.0,20.0,10.0,0.6,3.0,10.2,16.2,0.5988023952095809,0.24509803921568626,0.2012072434607646,0.5729576079861887,0.23451941307277815,0.1925229789410332,1.9533922370313441,0.8120883498958777,0.38043462904515546,0.23451941307277815,2.9760479041916166,2.44311377245509,0.8209255533199196,D,25,5,1
2023_24,2024-03-10,Liverpool,Man City,1,1,D,0,1,A,19,10,6,6,7,4,6,10,0,3,0,0,2.95,3.83,2.25,1609.735804851488,1631.9618006962362,-22.22599584474824,Liverpool,1,1,19,10,1.0,0.0,22.0,8.0,2.6,1.2,20.2,11.8,Man City,1,1,10,19,3.0,1.0,27.0,3.0,1.6,0.4,23.4,7.2,0.3389830508474576,0.2610966057441253,0.4444444444444444,0.32453348899391793,0.24996704765850075,0.4254994633475813,1.2235675146402545,1.5264654377012448,-0.10096597435366339,0.24996704765850075,0.7627118644067796,1.2983050847457627,1.7022222222222223,D,15,17,1
2023_24,2024-03-11,Chelsea,Newcastle,3,2,H,1,1,D,12,11,8,3,0,4,12,7,3,1,0,0,1.94,4.08,3.54,1493.6814539112543,1538.568169364789,-44.886715453534634,Chelsea,3,2,12,11,2.0,2.0,17.0,14.0,1.8,2.4,11.8,20.0,Newcastle,2,3,11,12,3.0,0.0,14.0,12.0,2.6,2.4,12.0,13.2,0.5154639175257733,0.24509803921568626,0.2824858757062147,0.49419010470129343,0.2349825497844385,0.2708273455142681,1.7175528638883186,1.047464586327243,0.2233627591870253,0.2349825497844385,1.8247422680412373,2.1030927835051547,1.152542372881356,H,6,19,2
2023_24,2024-03-13,Bournemouth,Luton,4,3,H,0,3,A,24,8,10,4,11,3,16,11,1,2,0,0,1.5,4.77,6.0,1468.6361469654375,1451.4223186430493,17.21382832238828,Bournemouth,4,3,24,8,2.0,2.0,32.0,13.0,1.4,1.6,18.4,14.4,Luton,3,4,8,24,1.0,1.0,8.0,21.0,1.2,2.6,15.0,18.0,0.6666666666666666,0.20964360587002098,0.16666666666666666,0.6391959798994974,0.20100502512562815,0.15979899497487435,2.11859296482412,0.6804020100502511,0.479396984924623,0.20100502512562815,4.0,3.1799999999999997,0.7949999999999999,H,2,16,2
2023_24,2024-03-16,Burnley,Brentford,2,1,H,1,0,H,17,9,6,5,5,4,14,17,2,4,0,1,3.27,3.66,2.16,1423.1653553655397,1473.3944319816426,-50.22907661610293,Burnley,2,1,17,9,2.0,2.0,11.0,22.0,0.6,3.0,10.0,17.6,Brentford,1,2,9,17,1.0,2.0,9.0,17.0,1.2,2.6,11.6,18.2,0.3058103975535168,0.27322404371584696,0.4629629629629629,0.2934847978616773,0.26221182759772804,0.44430337454059476,1.14266622118276,1.5951219512195125,-0.15081857667891746,0.26221182759772804,0.6605504587155964,1.1192660550458715,1.6944444444444444,H,5,3,2
2023_24,2024-03-16,Luton,Nott'm Forest,1,1,D,0,1,A,10,16,4,6,6,7,10,17,1,2,0,0,2.81,3.63,2.42,1446.8975909552648,1436.7973200538427,10.100270901422164,Luton,1,1,10,16,3.0,4.0,8.0,24.0,1.6,2.8,12.6,21.4,Nott'm Forest,1,1,16,10,0.0,1.0,9.0,10.0,1.2,1.8,11.8,13.0,0.35587188612099646,0.27548209366391185,0.4132231404958678,0.340685124354763,0.2637259502580948,0.3955889253871422,1.2857813233223838,1.4504927264195215,-0.054903801032379185,0.2637259502580948,0.8612099644128114,1.291814946619217,1.5,D,16,20,1
2023_24,2024-03-16,Fulham,Tottenham,3,0,H,1,0,H,16,14,7,5,4,5,9,10,2,3,0,0,3.4,3.93,2.01,1486.4133455234137,1556.2297030660689,-69.81635754265517,Fulham,3,0,16,14,1.0,2.0,23.0,8.0,2.0,1.2,14.8,16.2,Tottenham,0,3,14,16,4.0,0.0,9.0,10.0,2.4,1.2,12.6,9.2,0.29411764705882354,0.2544529262086514,0.49751243781094534,0.281160905916648,0.24324353183628578,0.4755955622470663,1.0867262495862298,1.6700302185774847,-0.1944346563304183,0.24324353183628578,0.5911764705882352,1.1558823529411766,1.9552238805970152,H,10,24,2
2023_24,2024-03-17,West Ham,Aston Villa,1,1,D,1,0,H,13,13,5,5,7,11,13,12,3,3,0,0,2.65,3.73,2.51,1495.7850498353341,1561.1878248412338,-65.40277500589968,West Ham,1,1,13,13,2.0,2.0,22.0,11.0,1.8,2.6,13.2,18.2,Aston Villa,1,1,13,13,0.0,4.0,10.0,9.0,2.0,2.2,14.6,12.8,0.37735849056603776,0.2680965147453083,0.39840637450199207,0.3615024924415888,0.2568315294826301,0.381665978075781,1.3413390068073965,1.4018294637099733,-0.020163485634192235,0.2568315294826301,0.9471698113207546,1.4075471698113209,1.4860557768924303,D,25,1,1
2023_24,2024-03-30,Newcastle,West Ham,4,3,H,1,2,A,24,10,9,4,3,4,9,8,1,1,1,0,1.84,4.16,3.87,1533.0011067028584,1495.7056632052977,37.295443497560655,Newcastle,4,3,24,10,2.0,3.0,11.0,12.0,2.2,2.2,10.4,13.4,West Ham,3,4,10,24,1.0,1.0,13.0,13.0,2.0,1.6,14.8,15.8,0.5434782608695652,0.24038461538461536,0.25839793281653745,0.5214417122276059,0.23063768040836416,0.2479206073640297,1.7949628170911818,0.9743995025004534,0.2735211048635762,0.23063768040836416,2.1032608695652173,2.260869565217391,1.074935400516796,H,19,25,2
2023_24,2024-03-30,Bournemouth,Everton,2,1,H,0,0,D,11,7,4,3,9,8,14,11,1,2,0,0,2.2,3.61,3.23,1473.160874653222,1460.1183063398703,13.042568313351694,Bournemouth,2,1,11,7,4.0,3.0,24.0,8.0,2.0,1.6,18.2,14.6,Everton,1,2,7,11,0.0,2.0,23.0,15.0,0.6,1.8,15.0,15.8,0.45454545454545453,0.2770083102493075,0.30959752321981426,0.4365796400369922,0.2660596144269759,0.29736074553603187,1.5757985345379524,1.1581418510350714,0.1392188945009603,0.2660596144269759,1.468181818181818,1.6409090909090907,1.1176470588235294,H,2,9,2
2023_24,2024-03-30,Chelsea,Burnley,2,2,D,1,0,H,33,18,13,7,12,4,12,7,2,2,0,1,1.3,5.96,9.44,1499.2485165731848,1428.8242916806826,70.42422489250225,Chelsea,2,2,33,18,3.0,2.0,12.0,11.0,2.2,2.0,13.4,16.6,Burnley,2,2,18,33,2.0,1.0,17.0,9.0,0.8,2.6,11.6,14.4,0.7692307692307692,0.16778523489932887,0.10593220338983052,0.7375541409289692,0.16087590322276174,0.10156995584826907,2.3735383260096694,0.46558577076756896,0.6359841850807001,0.16087590322276174,7.261538461538461,4.584615384615384,0.6313559322033898,D,6,5,1
2023_24,2024-03-30,Nott'm Forest,Crystal Palace,1,1,D,0,1,A,12,10,5,3,4,6,14,12,1,1,0,0,2.26,3.36,3.31,1438.1566047470913,1461.5987480665776,-23.442143319486377,Nott'm Forest,1,1,12,10,1.0,1.0,16.0,10.0,1.0,1.4,12.4,13.6,Crystal Palace,1,1,10,12,1.0,1.0,21.0,8.0,1.4,1.6,12.6,11.4,0.4424778761061947,0.2976190476190476,0.3021148036253776,0.424556608311256,0.28556486154269006,0.2898785301460539,1.5592346864764581,1.1552004519808519,0.1346780781652021,0.28556486154269006,1.4646017699115046,1.4867256637168142,1.0151057401812689,D,20,8,1
2023_24,2024-03-30,Sheffield United,Fulham,3,3,D,0,0,D,8,24,4,9,2,15,10,13,4,1,0,0,4.64,4.03,1.73,1424.6555451169972,1492.4101741308236,-67.75462901382639,Sheffield United,3,3,8,24,2.0,2.0,13.0,32.0,1.0,3.0,8.4,22.2,Fulham,3,3,24,8,3.0,0.0,16.0,14.0,2.0,1.0,16.6,14.0,0.21551724137931036,0.24813895781637715,0.5780346820809249,0.20689174231341048,0.23820786211767359,0.554900395568916,0.8588830890579051,1.9029090488244216,-0.34800865325550556,0.23820786211767359,0.3728448275862069,0.8685344827586208,2.3294797687861273,D,21,10,1
2023_24,2024-03-30,Tottenham,Luton,2,1,H,0,1,A,17,7,4,3,3,6,16,14,2,4,0,0,1.22,7.47,11.31,1550.232874458659,1445.5383062620162,104.69456819664265,Tottenham,2,1,17,7,0.0,3.0,14.0,16.0,2.0,1.4,13.6,9.6,Luton,1,2,7,17,1.0,1.0,10.0,16.0,1.6,2.6,10.2,20.4,0.819672131147541,0.13386880856760375,0.08841732979664013,0.7866650278917627,0.12847809023131868,0.08485688187691869,2.488473173906607,0.3830487358620747,0.7018081460148441,0.12847809023131868,9.27049180327869,6.122950819672131,0.6604774535809018,H,24,16,2
2023_24,2024-03-30,Aston Villa,Wolves,2,0,H,1,0,H,11,13,5,3,5,4,11,19,3,4,0,0,1.64,4.38,4.86,1561.2672114712702,1493.6484200575173,67.61879141375289,Aston Villa,2,0,11,13,1.0,1.0,13.0,13.0,2.0,2.0,12.6,12.0,Wolves,0,2,13,11,2.0,1.0,8.0,23.0,1.0,1.4,12.4,14.6,0.6097560975609756,0.22831050228310504,0.20576131687242796,0.5841538512200745,0.21872427305957126,0.19712187572035433,1.9711858267197946,0.8100899002206343,0.3870319754997201,0.21872427305957126,2.963414634146342,2.6707317073170733,0.9012345679012345,H,1,26,2
2023_24,2024-03-30,Brentford,Man United,1,1,D,0,0,D,31,11,5,5,14,4,7,14,2,2,0,0,3.06,3.83,2.2,1467.7354956664997,1556.000685133563,-88.26518946706324,Brentford,1,1,31,11,1.0,2.0,9.0,17.0,1.2,2.2,10.4,18.6,Man United,1,1,11,31,2.0,0.0,15.0,23.0,1.6,1.4,15.4,22.4,0.32679738562091504,0.2610966057441253,0.45454545454545453,0.3134929198074247,0.2504669280967936,0.4360401520957817,1.1909456875190676,1.5585873843841385,-0.12254723228835696,0.2504669280967936,0.7189542483660131,1.2516339869281046,1.7409090909090907,D,3,18,1
2023_24,2024-03-31,Liverpool,Brighton,2,1,H,1,1,D,30,9,8,3,8,4,20,6,5,3,0,0,1.37,5.63,7.37,1608.9159377457406,1524.3152811083148,84.6006566374258,Liverpool,2,1,30,9,1.0,1.0,19.0,10.0,2.6,0.8,22.0,10.8,Brighton,1,2,9,30,1.0,0.0,10.0,9.0,1.6,1.2,15.6,9.8,0.7299270072992701,0.17761989342806395,0.13568521031207598,0.6996784316502846,0.17025922759518472,0.13006234075453052,2.2692945225460384,0.5604462498587763,0.5696160908957542,0.17025922759518472,5.37956204379562,4.10948905109489,0.7639077340569878,H,15,4,2
2023_24,2024-03-31,Man City,Arsenal,0,0,D,0,0,D,12,6,1,2,7,4,9,20,0,2,0,0,1.92,3.8,3.86,1632.7816678019835,1620.8779525557568,11.903715246226739,Man City,0,0,12,6,1.0,1.0,10.0,19.0,1.4,0.6,21.6,10.0,Arsenal,0,0,6,12,2.0,1.0,17.0,9.0,4.6,0.4,19.6,5.8,0.5208333333333334,0.2631578947368421,0.2590673575129534,0.49933277050028596,0.25229445246330234,0.24837277703641167,1.7502927639641603,0.9974127835725373,0.2509599934638743,0.25229445246330234,2.0104166666666665,1.9791666666666667,0.9844559585492227,D,17,0,1
2023_24,2024-04-02,West Ham,Tottenham,1,1,D,1,1,D,11,13,4,4,9,5,13,9,1,4,0,0,3.3,4.16,2.01,1491.5018486333088,1553.4469227152654,-61.94507408195659,West Ham,1,1,11,13,3.0,4.0,10.0,24.0,2.6,2.0,14.8,16.8,Tottenham,1,1,13,11,2.0,1.0,17.0,7.0,2.0,1.4,13.8,9.8,0.30303030303030304,0.24038461538461536,0.49751243781094534,0.29111570679534576,0.23093313279438485,0.47795116041026925,1.1042802531804221,1.6647866140251926,-0.18683545361492349,0.23093313279438485,0.609090909090909,1.2606060606060607,2.0696517412935327,D,25,24,1
2023_24,2024-04-02,Burnley,Wolves,1,1,D,1,1,D,13,8,6,2,7,4,10,12,0,2,0,0,2.53,3.49,2.8,1431.1253769917855,1489.9080556924305,-58.782678700644965,Burnley,1,1,13,8,2.0,2.0,18.0,33.0,1.2,2.0,13.6,17.8,Wolves,1,1,8,13,0.0,2.0,13.0,11.0,1.0,1.4,11.6,15.0,0.3952569169960475,0.28653295128939826,0.35714285714285715,0.38044515041443294,0.2757954815325258,0.34375936805304114,1.4171309327758248,1.3070735856916493,0.036685782361391805,0.2757954815325258,1.1067193675889329,1.3794466403162058,1.2464285714285717,D,5,26,1
2023_24,2024-04-02,Bournemouth,Crystal Palace,1,0,H,0,0,D,11,3,6,2,9,2,13,14,3,2,0,0,1.99,3.76,3.69,1477.7534795812903,1462.3979954170234,15.355484164266954,Bournemouth,1,0,11,3,2.0,1.0,11.0,7.0,2.0,1.4,18.0,12.6,Crystal Palace,0,1,3,11,1.0,1.0,10.0,12.0,1.4,1.2,12.0,11.0,0.5025125628140703,0.26595744680851063,0.2710027100271003,0.48343025585455,0.25585803434855175,0.2607117097968983,1.7061488019122018,1.0379931637392465,0.22271854605765173,0.25585803434855175,1.8542713567839195,1.8894472361809045,1.018970189701897,H,2,8,2
2023_24,2024-04-02,Nott'm Forest,Fulham,3,1,H,3,0,H,16,18,4,3,3,8,7,8,0,0,0,0,2.71,3.49,2.62,1437.3573573966455,1492.4489497741922,-55.091592377546704,Nott'm Forest,3,1,16,18,1.0,1.0,12.0,10.0,0.8,1.6,11.0,13.6,Fulham,1,3,18,16,3.0,3.0,24.0,8.0,2.4,1.2,18.4,13.2,0.36900369003690037,0.28653295128939826,0.38167938931297707,0.3557635816807318,0.27625195024492355,0.3679844680743447,1.3435426952871188,1.3802053544679578,-0.012220886393612906,0.27625195024492355,0.966789667896679,1.2878228782287824,1.33206106870229,H,20,10,2
2023_24,2024-04-02,Newcastle,Everton,1,1,D,1,0,H,18,10,6,3,7,3,9,14,0,3,0,0,2.01,3.82,3.55,1537.2049212748473,1455.525701411802,81.67921986304532,Newcastle,1,1,18,10,4.0,3.0,24.0,10.0,2.4,2.4,13.8,12.8,Everton,1,1,10,18,1.0,2.0,7.0,11.0,0.8,1.8,15.4,14.2,0.49751243781094534,0.2617801047120419,0.28169014084507044,0.47792575780536883,0.2514740243949715,0.27060021779965954,1.685251297811078,1.0632746777939501,0.2073255400057093,0.2514740243949715,1.7661691542288558,1.9004975124378112,1.076056338028169,D,19,9,1
2023_24,2024-04-03,Arsenal,Luton,2,0,H,2,0,H,13,5,4,1,3,1,12,8,1,1,0,0,1.1,11.25,22.73,1622.2667482148308,1442.3242580054098,179.94249020942107,Arsenal,2,0,13,5,0.0,0.0,6.0,12.0,3.4,0.4,15.8,7.2,Luton,0,2,5,13,1.0,2.0,7.0,17.0,1.6,2.2,9.2,18.0,0.9090909090909091,0.08888888888888889,0.04399472063352398,0.8724694249728325,0.08530812155289919,0.04222245347426819,2.7027163964713967,0.21197548197570376,0.8302469714985643,0.08530812155289919,20.663636363636364,10.227272727272727,0.4949406071271447,H,0,16,2
2023_24,2024-04-03,Brentford,Brighton,0,0,D,0,0,D,5,24,2,6,1,5,9,12,1,1,0,0,2.39,3.79,2.78,1468.050634045477,1520.8218465859668,-52.77121254048984,Brentford,0,0,5,24,1.0,1.0,31.0,11.0,1.4,2.2,15.4,15.8,Brighton,0,0,24,5,1.0,2.0,9.0,30.0,1.6,1.2,16.2,12.6,0.41841004184100417,0.2638522427440633,0.3597122302158274,0.4015549669378966,0.25322331688168154,0.34522171618042197,1.4578882176953714,1.2888884654229473,0.05633325075747464,0.25322331688168154,1.1631799163179914,1.5857740585774058,1.3633093525179858,D,3,4,1
2023_24,2024-04-03,Man City,Aston Villa,4,1,H,2,1,H,25,8,11,3,2,3,6,13,1,2,0,0,1.3,6.08,9.06,1631.3928721429095,1565.007575836357,66.38529630655239,Man City,4,1,25,8,0.0,0.0,12.0,6.0,1.2,0.4,17.8,9.4,Aston Villa,1,4,8,25,2.0,0.0,11.0,13.0,2.0,1.8,12.4,11.6,0.7692307692307692,0.16447368421052633,0.11037527593818984,0.736754816308843,0.15752981269761449,0.1057153709935426,2.367794261624143,0.47467592567824224,0.6310394453153004,0.15752981269761449,6.969230769230769,4.676923076923077,0.6710816777041942,H,17,1,2
2023_24,2024-04-04,Liverpool,Sheffield United,3,1,H,1,0,H,29,8,9,3,13,1,6,9,0,1,0,0,1.08,12.59,25.43,1612.4093722680886,1424.6167694736287,187.79260279445998,Liverpool,3,1,29,8,2.0,1.0,30.0,9.0,2.4,0.8,23.0,10.8,Sheffield United,1,3,8,29,3.0,3.0,8.0,24.0,1.0,3.4,8.6,23.0,0.9259259259259258,0.07942811755361398,0.039323633503735744,0.8863268990294977,0.0760312192972087,0.03764188167329365,2.735011916385702,0.18895686431708963,0.848685017356204,0.0760312192972087,23.546296296296294,11.657407407407407,0.49508454581203304,H,15,21,2
2023_24,2024-04-04,Chelsea,Man United,4,3,H,2,2,D,28,19,10,5,12,3,7,15,3,0,0,0,2.02,4.05,3.31,1496.9474312620819,1555.6855467545856,-58.738115492503766,Chelsea,4,3,28,19,2.0,2.0,33.0,18.0,2.2,1.6,17.0,17.4,Man United,3,4,19,28,1.0,1.0,11.0,31.0,1.4,1.4,14.2,24.0,0.49504950495049505,0.2469135802469136,0.3021148036253776,0.4741499750642847,0.23648961719255682,0.2893604077431586,1.658939542385411,1.1045708404220325,0.1847895673211261,0.23648961719255682,1.6386138613861385,2.004950495049505,1.2235649546827794,H,6,18,2
2023_24,2024-04-06,Everton,Burnley,1,0,H,1,0,H,12,6,3,1,3,5,11,13,2,1,0,1,1.67,4.07,5.04,1457.9904746357167,1430.9317279969016,27.058746638815137,Everton,1,0,12,6,1.0,1.0,10.0,18.0,0.8,1.8,13.6,15.8,Burnley,0,1,6,12,1.0,1.0,13.0,8.0,1.4,1.6,15.8,16.4,0.5988023952095809,0.24570024570024568,0.1984126984126984,0.5741620365834885,0.23558982827872865,0.19024813513778285,1.9580759380291943,0.8063342336920772,0.3839139014457057,0.23558982827872865,3.0179640718562877,2.4371257485029942,0.8075396825396826,H,9,5,2
2023_24,2024-04-06,Crystal Palace,Man City,2,4,A,1,1,D,7,18,4,8,2,9,13,3,1,1,0,0,10.3,5.59,1.31,1457.8430760373258,1635.151541347314,-177.30846530998815,Crystal Palace,2,4,7,18,0.0,1.0,3.0,11.0,1.2,1.2,10.6,9.4,Man City,4,2,18,7,4.0,1.0,25.0,8.0,1.8,0.6,17.8,9.8,0.0970873786407767,0.17889087656529518,0.7633587786259541,0.0934127963119109,0.17212017925092707,0.734467024437162,0.45235856818665976,2.375521252562413,-0.6410542281252511,0.17212017925092707,0.12718446601941746,0.5427184466019417,4.267175572519084,A,8,17,0
2023_24,2024-04-06,Luton,Bournemouth,2,1,H,0,0,D,19,8,9,1,7,2,7,14,0,0,0,0,3.68,4.04,1.91,1440.0234544921723,1482.308398960988,-42.28494446881564,Luton,2,1,19,8,0.0,2.0,5.0,13.0,1.2,2.0,7.6,18.2,Bournemouth,1,2,8,19,1.0,0.0,11.0,3.0,2.2,1.2,17.6,10.2,0.2717391304347826,0.24752475247524752,0.5235602094240838,0.2605800272858667,0.23736002485445287,0.5020599478596804,1.019100106712053,1.7435398684334942,-0.24147992057381373,0.23736002485445287,0.5190217391304347,1.0978260869565217,2.1151832460732987,H,16,2,2
2023_24,2024-04-06,Aston Villa,Brentford,3,3,D,1,0,H,11,8,3,3,11,3,15,11,2,2,0,0,1.7,4.2,4.68,1561.2489066319527,1467.7533470642497,93.49555956770291,Aston Villa,3,3,11,8,1.0,4.0,8.0,25.0,1.4,2.2,10.8,14.6,Brentford,3,3,8,11,0.0,0.0,5.0,24.0,1.0,1.4,13.6,17.2,0.5882352941176471,0.23809523809523808,0.2136752136752137,0.56560773480663,0.2289364640883978,0.2054558011049724,1.9257596685082876,0.8453038674033151,0.36015193370165755,0.2289364640883978,2.7529411764705882,2.4705882352941178,0.8974358974358976,D,1,3,1
2023_24,2024-04-06,Wolves,West Ham,1,2,A,1,0,H,14,11,7,4,4,4,15,7,5,2,0,0,2.51,3.58,2.75,1490.1017046873144,1491.3627699078797,-1.2610652205653423,Wolves,1,2,14,11,1.0,1.0,8.0,13.0,0.8,1.4,10.8,14.6,West Ham,2,1,11,14,1.0,1.0,11.0,13.0,2.0,1.8,13.6,16.6,0.39840637450199207,0.27932960893854747,0.36363636363636365,0.38257821577489093,0.2682322127360268,0.34918957148908225,1.4159668600606996,1.3158009272032736,0.03338864428580868,0.2682322127360268,1.0956175298804782,1.4262948207171315,1.3018181818181818,A,26,25,0
2023_24,2024-04-06,Brighton,Arsenal,0,3,A,0,1,A,10,20,2,7,8,7,14,13,1,2,0,0,5.15,4.25,1.64,1521.119133567194,1624.5675517280683,-103.44841816087433,Brighton,0,3,10,20,0.0,0.0,24.0,5.0,0.6,1.2,16.2,12.4,Arsenal,3,0,20,10,2.0,0.0,13.0,5.0,2.8,0.4,15.2,6.6,0.1941747572815534,0.23529411764705882,0.6097560975609756,0.1868457383355449,0.22641307115954265,0.5867411905049124,0.7869502861661775,1.9866366426742799,-0.39989545216936745,0.22641307115954265,0.3184466019417475,0.8252427184466019,2.5914634146341466,A,4,0,0
2023_24,2024-04-06,Fulham,Newcastle,0,1,A,0,0,D,14,12,4,5,14,3,10,13,1,2,0,0,2.37,3.82,2.81,1486.7062509531909,1534.7401480509325,-48.0338970977416,Fulham,0,1,14,12,1.0,3.0,18.0,16.0,2.2,1.6,18.6,12.2,Newcastle,1,0,12,14,1.0,1.0,18.0,10.0,2.2,2.2,14.0,12.4,0.42194092827004215,0.2617801047120419,0.35587188612099646,0.40587129877151923,0.25181020368808915,0.34231849754039173,1.469424100002647,1.2787656963092644,0.0635528012311275,0.25181020368808915,1.1856540084388185,1.611814345991561,1.3594306049822062,A,10,19,0
2023_24,2024-04-07,Man United,Liverpool,2,2,D,0,1,A,9,28,5,7,6,11,9,10,5,2,0,0,4.69,4.65,1.63,1549.8799645239799,1614.6273081963848,-64.7473436724049,Man United,2,2,9,28,3.0,4.0,19.0,28.0,1.6,2.0,13.8,25.2,Liverpool,2,2,28,9,3.0,1.0,29.0,8.0,2.2,0.8,25.8,9.4,0.21321961620469082,0.2150537634408602,0.6134969325153374,0.20467046691167537,0.20643107307865752,0.5888984600096672,0.8204424738136836,1.973126453107659,-0.3842279930979918,0.20643107307865752,0.347547974413646,0.9914712153518124,2.8527607361963194,D,18,15,1
2023_24,2024-04-07,Sheffield United,Chelsea,2,2,D,1,1,D,11,6,6,3,7,6,12,10,4,2,0,0,6.88,5.28,1.41,1422.3988335453325,1502.7530134926876,-80.35417994735508,Sheffield United,2,2,11,6,1.0,3.0,8.0,29.0,1.2,3.0,9.0,24.0,Chelsea,2,2,6,11,4.0,3.0,28.0,19.0,2.4,2.0,19.8,18.6,0.14534883720930233,0.1893939393939394,0.7092198581560284,0.13922800718132855,0.18141831238779174,0.6793536804308797,0.5991023339317774,2.2194793536804314,-0.5401256732495512,0.18141831238779174,0.20494186046511628,0.7674418604651163,3.7446808510638303,D,21,6,1
2023_24,2024-04-07,Tottenham,Nott'm Forest,3,1,H,1,1,D,17,13,7,6,12,2,11,12,2,3,0,0,1.4,5.3,7.23,1553.5860014406944,1443.1000562176469,110.48594522304757,Tottenham,3,1,17,13,1.0,1.0,13.0,11.0,2.0,1.2,13.4,9.6,Nott'm Forest,1,3,13,17,3.0,1.0,16.0,18.0,1.0,1.0,12.2,14.0,0.7142857142857143,0.18867924528301888,0.1383125864453665,0.6859705340040457,0.1811997636991819,0.13282970229677232,2.2391113657113193,0.5796888705894989,0.5531408317072735,0.1811997636991819,5.164285714285715,3.785714285714286,0.7330567081604425,H,24,20,2
2023_24,2024-04-13,Man City,Luton,5,1,H,1,0,H,33,4,13,2,12,1,7,6,1,0,0,0,1.1,11.66,23.86,1639.3551511962614,1445.5458450683311,193.8093061279303,Man City,5,1,33,4,4.0,2.0,18.0,7.0,2.4,1.0,18.4,8.6,Luton,1,5,4,33,2.0,1.0,19.0,8.0,1.4,2.0,9.8,15.6,0.9090909090909091,0.08576329331046312,0.041911148365465216,0.8768530973942226,0.08272199032020967,0.04042491228556768,2.7132812825028774,0.2039967271769127,0.8364281851086549,0.08272199032020967,21.690909090909088,10.6,0.4886839899413244,H,17,16,2
2023_24,2024-04-13,Nott'm Forest,Wolves,2,2,D,1,1,D,18,11,9,4,10,1,15,10,2,3,0,0,2.16,3.55,3.37,1439.9638490984194,1482.9298753277947,-42.9660262293753,Nott'm Forest,2,2,18,11,1.0,3.0,13.0,17.0,1.2,1.4,13.2,13.0,Wolves,2,2,11,18,1.0,2.0,14.0,11.0,0.8,1.8,11.0,14.4,0.4629629629629629,0.28169014084507044,0.29673590504451036,0.4445629433645353,0.27049463596264683,0.2849424206728179,1.6041834660562526,1.1253218979811004,0.1596205226917174,0.27049463596264683,1.5601851851851851,1.6435185185185184,1.0534124629080117,D,20,26,1
2023_24,2024-04-13,Bournemouth,Man United,2,2,D,2,1,H,20,8,5,2,7,2,13,14,4,0,0,0,2.42,3.91,2.68,1476.786008384829,1549.7892612732094,-73.0032528883803,Bournemouth,2,2,20,8,1.0,2.0,8.0,19.0,2.0,1.6,17.2,10.0,Man United,2,2,8,20,2.0,2.0,9.0,28.0,1.8,2.0,11.4,27.4,0.4132231404958678,0.2557544757033248,0.3731343283582089,0.39652471373540304,0.24541938804083768,0.3580558982237594,1.4349935292470468,1.3195870827121159,0.03846881551164366,0.24541938804083768,1.1074380165289257,1.615702479338843,1.458955223880597,D,2,18,1
2023_24,2024-04-13,Newcastle,Tottenham,4,0,H,2,0,H,18,11,5,2,16,3,14,12,0,4,0,0,2.75,4.02,2.34,1541.1189845800002,1556.722208559922,-15.603223979921722,Newcastle,4,0,18,11,1.0,0.0,12.0,14.0,2.2,1.4,15.8,11.6,Tottenham,0,4,11,18,3.0,1.0,17.0,13.0,2.0,1.2,14.0,11.4,0.36363636363636365,0.24875621890547267,0.4273504273504274,0.34973677166056927,0.23924779155884715,0.41101543678058355,1.288458106540555,1.4722941019005977,-0.061278665120014286,0.23924779155884715,0.8509090909090908,1.4618181818181817,1.7179487179487178,H,19,24,2
2023_24,2024-04-13,Brentford,Sheffield United,2,0,H,0,0,D,9,8,5,2,3,6,8,11,3,1,0,0,1.43,5.09,6.86,1470.385344554323,1422.5775909807305,47.807753573592436,Brentford,2,0,9,8,3.0,3.0,8.0,11.0,1.2,1.6,12.4,16.0,Sheffield United,0,2,8,9,2.0,2.0,11.0,6.0,1.6,3.2,8.8,22.6,0.6993006993006994,0.19646365422396858,0.14577259475218657,0.6714122820679961,0.18862859790908337,0.13995912002292044,2.2028654441130717,0.6085059579778447,0.5314531620450756,0.18862859790908337,4.7972027972027975,3.5594405594405596,0.7419825072886297,H,3,21,2
2023_24,2024-04-13,Burnley,Brighton,1,1,D,0,0,D,11,20,3,8,4,5,18,8,1,2,0,0,3.5,3.8,2.02,1426.5655901253895,1515.6949893052038,-89.1293991798143,Burnley,1,1,11,20,0.0,1.0,6.0,12.0,1.4,1.4,13.0,16.8,Brighton,1,1,20,11,0.0,3.0,10.0,20.0,0.4,1.6,13.6,15.2,0.2857142857142857,0.2631578947368421,0.49504950495049505,0.2736932182842473,0.25208585894601726,0.47422092276973543,1.0731655137987592,1.6747486272552237,-0.20052770448548812,0.25208585894601726,0.5771428571428572,1.0857142857142856,1.881188118811881,D,5,4,1
2023_24,2024-04-14,Liverpool,Crystal Palace,0,1,A,0,1,A,21,8,6,5,11,1,10,10,1,1,0,0,1.21,7.37,13.35,1614.7180114471553,1453.6394661883783,161.078545258777,Liverpool,0,1,21,8,2.0,2.0,28.0,9.0,1.8,1.0,25.6,8.8,Crystal Palace,1,0,8,21,2.0,4.0,7.0,18.0,1.0,2.0,9.0,12.6,0.8264462809917356,0.13568521031207598,0.0749063670411985,0.7969297112360453,0.13083920632233578,0.07223108244161908,2.5216283400304715,0.347532453647193,0.7246986287944261,0.13083920632233578,11.03305785123967,6.090909090909091,0.552059925093633,A,15,8,0
2023_24,2024-04-14,West Ham,Fulham,0,2,A,0,1,A,15,18,4,10,8,3,6,13,1,2,0,0,2.38,3.65,2.88,1498.5345992673995,1480.3274144241232,18.20718484327631,West Ham,0,2,15,18,2.0,1.0,11.0,14.0,1.8,1.8,13.4,15.0,Fulham,2,0,18,15,0.0,1.0,14.0,12.0,1.6,1.8,19.0,11.6,0.42016806722689076,0.273972602739726,0.3472222222222222,0.4034790084979311,0.26309042197947285,0.33343056952259587,1.4735274474732662,1.2633821305472606,0.07004843897533525,0.26309042197947285,1.2100840336134453,1.5336134453781514,1.2673611111111112,A,25,10,0
2023_24,2024-04-14,Arsenal,Aston Villa,0,2,A,0,0,D,18,11,4,2,4,6,12,7,3,1,0,0,1.28,6.1,9.89,1629.9916959900586,1558.6169091418794,71.37478684817916,Arsenal,0,2,18,11,3.0,0.0,20.0,10.0,2.6,0.2,15.6,8.0,Aston Villa,2,0,11,18,3.0,3.0,11.0,8.0,1.4,2.4,10.6,13.6,0.78125,0.1639344262295082,0.10111223458038422,0.746681155796931,0.15668063597050358,0.09663820823256539,2.3967241033612963,0.4465952606681997,0.6500429475643655,0.15668063597050358,7.7265625,4.765625,0.6167846309403437,A,0,1,0
2023_24,2024-04-15,Chelsea,Everton,6,0,H,4,0,H,14,10,10,2,4,8,5,21,1,4,0,0,1.71,4.2,4.53,1502.5742560572896,1462.3566125072289,40.21764355006076,Chelsea,6,0,14,10,2.0,2.0,6.0,11.0,2.6,2.2,19.2,14.6,Everton,0,6,10,14,1.0,0.0,12.0,6.0,0.8,1.6,14.8,12.4,0.5847953216374269,0.23809523809523808,0.22075055187637968,0.5603414000583137,0.22813899859517056,0.21151960134651573,1.9091631987701114,0.8626978026347178,0.34882179871179797,0.22813899859517056,2.649122807017544,2.456140350877193,0.9271523178807947,H,6,9,2
2023_24,2024-04-20,Luton,Brentford,1,5,A,0,2,A,6,21,3,9,4,9,13,9,1,2,0,0,3.18,3.75,2.17,1443.3898467657393,1474.4254205686618,-31.0355738029225,Luton,1,5,6,21,1.0,5.0,4.0,33.0,1.0,2.2,9.0,17.4,Brentford,5,1,21,6,2.0,0.0,9.0,8.0,1.4,1.2,12.4,14.2,0.31446540880503143,0.26666666666666666,0.4608294930875576,0.3018013507348932,0.25592754542318946,0.44227110384191726,1.161331597627869,1.5827408569489414,-0.14046975310702403,0.25592754542318946,0.6823899371069182,1.1792452830188678,1.728110599078341,A,16,3,0
2023_24,2024-04-20,Sheffield United,Burnley,1,4,A,0,2,A,18,16,11,9,11,2,10,9,1,0,0,0,2.76,3.63,2.47,1418.5375149663917,1426.8956097310697,-8.358094764678071,Sheffield United,1,4,18,16,0.0,2.0,8.0,9.0,1.6,2.4,9.6,20.0,Burnley,4,1,16,18,1.0,1.0,11.0,20.0,1.2,1.2,13.0,16.4,0.3623188405797102,0.27548209366391185,0.4048582995951417,0.34749497133954216,0.2642110525887428,0.38829397607171506,1.3066959666073692,1.4290929808038881,-0.040799004732172905,0.2642110525887428,0.8949275362318841,1.315217391304348,1.4696356275303641,A,21,5,0
2023_24,2024-04-20,Wolves,Arsenal,0,2,A,0,1,A,5,24,3,9,1,2,14,9,3,2,0,0,8.05,5.05,1.39,1483.395795605274,1621.6766242277074,-138.28082862243332,Wolves,0,2,5,24,2.0,2.0,11.0,18.0,1.2,1.6,10.8,15.2,Arsenal,2,0,24,5,0.0,2.0,18.0,11.0,1.4,0.6,14.8,9.4,0.12422360248447203,0.19801980198019803,0.7194244604316548,0.11925452120656116,0.19009879123026088,0.690646687563178,0.5478623548499444,2.262038853919795,-0.5713921663566168,0.19009879123026088,0.17267080745341612,0.6273291925465838,3.633093525179856,A,26,0,0
2023_24,2024-04-21,Fulham,Liverpool,1,3,A,1,1,D,12,14,5,7,1,4,5,11,3,0,0,0,5.19,4.67,1.57,1487.81879292128,1605.2275367206296,-117.40874379934962,Fulham,1,3,12,14,2.0,0.0,18.0,15.0,1.8,1.4,18.0,13.0,Liverpool,3,1,14,12,0.0,1.0,21.0,8.0,1.6,1.2,25.4,8.8,0.19267822736030826,0.21413276231263384,0.6369426751592356,0.18460124630200792,0.20515641719644995,0.6102423365015421,0.7589601561024737,2.0358834267010764,-0.4256410901995342,0.20515641719644995,0.302504816955684,0.8998073217726396,2.9745222929936306,A,10,15,0
2023_24,2024-04-21,Everton,Nott'm Forest,2,0,H,1,0,H,7,8,4,3,6,4,15,9,3,2,0,0,2.07,3.52,3.63,1458.1986234934127,1439.49792882094,18.700694672472764,Everton,2,0,7,8,0.0,6.0,10.0,14.0,0.6,2.2,12.4,12.8,Nott'm Forest,0,2,8,7,2.0,2.0,18.0,11.0,1.6,1.6,15.0,13.2,0.48309178743961356,0.2840909090909091,0.27548209366391185,0.46332415938733995,0.2724661960033505,0.2642096446093095,1.6624386741653705,1.065095129831279,0.19911451477803044,0.2724661960033505,1.7536231884057971,1.7004830917874398,0.9696969696969697,H,9,20,2
2023_24,2024-04-21,Aston Villa,Bournemouth,3,1,H,1,1,D,14,14,4,6,8,4,8,14,1,3,0,0,1.87,4.11,3.76,1566.9319809042306,1476.8378714330893,90.09410947114134,Aston Villa,3,1,14,14,2.0,0.0,11.0,18.0,1.8,1.6,10.8,15.4,Bournemouth,1,3,14,14,2.0,2.0,20.0,8.0,2.0,1.6,14.8,9.0,0.53475935828877,0.24330900243309,0.26595744680851063,0.5122089458245638,0.23304883909779422,0.2547422150776421,1.7696756765714856,0.9972754843307206,0.25746673074692167,0.23304883909779422,2.010695187165775,2.197860962566845,1.093085106382979,H,1,2,2
2023_24,2024-04-21,Crystal Palace,West Ham,5,2,H,4,1,H,18,4,7,1,4,0,9,9,3,2,0,0,2.15,3.59,3.34,1463.129940914904,1491.0432207702427,-27.913279855338715,Crystal Palace,5,2,18,4,1.0,0.0,8.0,21.0,1.0,1.4,9.8,14.0,West Ham,2,5,4,18,0.0,2.0,15.0,18.0,1.4,1.8,12.0,16.4,0.46511627906976744,0.2785515320334262,0.29940119760479045,0.44591132052316645,0.2670499551879688,0.2870387242888647,1.6047839167574682,1.1281661280545627,0.15887259623430178,0.2670499551879688,1.5534883720930233,1.669767441860465,1.0748502994011977,H,8,25,2
2023_24,2024-04-23,Arsenal,Chelsea,5,0,H,1,0,H,27,7,10,1,4,2,12,11,2,2,0,0,1.45,4.93,6.78,1626.5124062715777,1506.7322450711058,119.78016120047187,Arsenal,5,0,27,7,2.0,0.0,24.0,5.0,1.4,0.4,16.2,8.6,Chelsea,0,5,7,27,6.0,0.0,14.0,10.0,3.4,1.8,18.6,13.8,0.6896551724137931,0.20283975659229211,0.14749262536873156,0.6631379092112075,0.19504056153270813,0.1418215292560842,2.1844542891663306,0.6205051493009608,0.5213163799551233,0.19504056153270813,4.675862068965517,3.4,0.7271386430678466,H,0,6,2
2023_24,2024-04-24,Man United,Sheffield United,4,2,H,1,1,D,25,10,13,4,9,4,7,9,0,1,0,0,1.31,6.11,8.44,1549.7373982249492,1411.4840276475218,138.2533705774274,Man United,4,2,25,10,2.0,2.0,8.0,20.0,2.0,1.8,12.4,26.0,Sheffield United,2,4,10,25,1.0,4.0,18.0,16.0,1.4,2.8,10.6,16.8,0.7633587786259541,0.1636661211129296,0.11848341232227488,0.7301317166202503,0.15654215200859706,0.11332613137115262,2.3469373018693482,0.49652054612205493,0.6168055852490977,0.15654215200859706,6.442748091603053,4.66412213740458,0.7239336492890996,H,18,21,2
2023_24,2024-04-24,Everton,Liverpool,2,0,H,1,0,H,16,23,6,7,4,13,6,13,0,3,0,0,7.11,4.98,1.42,1462.6992517687172,1610.4138605469093,-147.7146087781921,Everton,2,0,16,23,2.0,0.0,7.0,8.0,1.0,1.8,9.2,11.4,Liverpool,0,2,23,16,3.0,1.0,14.0,12.0,2.0,1.2,24.4,9.2,0.14064697609001406,0.2008032128514056,0.7042253521126761,0.1345034578777988,0.19203204528336335,0.6734644968388378,0.5955424189167597,2.212425535799877,-0.538961038961039,0.19203204528336335,0.19971870604781997,0.70042194092827,3.5070422535211274,H,9,15,2
2023_24,2024-04-24,Crystal Palace,Newcastle,2,0,H,0,0,D,20,7,7,2,7,2,10,15,3,3,0,0,2.76,3.68,2.43,1468.4066632861877,1546.1871868659898,-77.7805235798021,Crystal Palace,2,0,20,7,5.0,2.0,18.0,4.0,1.8,1.6,9.2,13.2,Newcastle,0,2,7,20,4.0,0.0,18.0,11.0,2.4,1.4,16.6,11.4,0.3623188405797102,0.2717391304347826,0.4115226337448559,0.346524064171123,0.25989304812834224,0.3935828877005347,1.299465240641711,1.4406417112299463,-0.04705882352941165,0.25989304812834224,0.8804347826086958,1.3333333333333335,1.51440329218107,H,8,19,2
2023_24,2024-04-24,Wolves,Bournemouth,0,1,A,0,1,A,15,21,4,6,8,12,10,17,4,1,0,1,2.72,3.6,2.52,1478.5600135614038,1473.4222282954338,5.137785265970024,Wolves,0,1,15,21,0.0,2.0,5.0,24.0,0.8,1.8,10.2,15.4,Bournemouth,1,0,21,15,1.0,3.0,14.0,14.0,1.4,1.6,12.8,10.2,0.3676470588235294,0.2777777777777778,0.3968253968253968,0.3527435610302352,0.2665173572228444,0.3807390817469205,1.3247480403135499,1.408734602463606,-0.027995520716685318,0.2665173572228444,0.926470588235294,1.3235294117647058,1.4285714285714286,A,26,2,0
2023_24,2024-04-25,Brighton,Man City,0,4,A,0,3,A,7,14,3,6,4,4,10,3,2,0,0,0,6.65,4.95,1.44,1515.3649696995235,1641.5111494988532,-126.14617979932973,Brighton,0,4,7,14,1.0,1.0,20.0,11.0,0.6,1.2,14.6,15.0,Man City,4,0,14,7,5.0,1.0,33.0,4.0,2.8,1.0,19.6,8.8,0.15037593984962405,0.20202020202020202,0.6944444444444444,0.14364741090051691,0.1929808651491793,0.6633717239503039,0.6239230978507301,2.183096037000091,-0.519724313049787,0.1929808651491793,0.21654135338345862,0.7443609022556391,3.4375000000000004,A,4,17,0
2023_24,2024-04-27,Wolves,Luton,2,1,H,1,0,H,13,9,5,6,4,4,14,14,3,1,0,0,1.98,3.83,3.58,1471.2822879246987,1436.7197619008182,34.56252602388054,Wolves,2,1,13,9,0.0,1.0,15.0,21.0,0.8,1.6,10.6,17.4,Luton,1,2,9,13,1.0,5.0,6.0,21.0,1.0,3.0,8.2,18.4,0.5050505050505051,0.2610966057441253,0.27932960893854747,0.48308154119338204,0.24973928239240112,0.26717917641421685,1.6989839059725473,1.0512768116350517,0.2159023647791652,0.24973928239240112,1.8080808080808082,1.9343434343434345,1.0698324022346368,H,26,16,2
2023_24,2024-04-27,Everton,Brentford,1,0,H,0,0,D,18,10,1,4,6,6,10,12,1,2,0,0,2.36,3.5,2.97,1470.019391742111,1481.095505433583,-11.076113691471846,Everton,1,0,18,10,2.0,0.0,16.0,23.0,1.2,1.4,11.0,13.8,Brentford,0,1,10,18,5.0,1.0,21.0,6.0,2.2,1.0,14.8,12.0,0.42372881355932207,0.2857142857142857,0.33670033670033667,0.40503892581884493,0.27311196140927824,0.3218491127718767,1.488228738865813,1.2386592997249084,0.08318981304696821,0.27311196140927824,1.2584745762711866,1.4830508474576272,1.1784511784511784,H,9,3,2
2023_24,2024-04-27,Man United,Burnley,1,1,D,0,0,D,27,16,10,7,6,5,7,11,1,3,0,0,1.52,4.9,5.44,1552.517657418467,1433.9490970499396,118.56856036852741,Man United,1,1,27,16,4.0,2.0,25.0,10.0,2.4,2.2,14.4,23.4,Burnley,1,1,16,27,4.0,1.0,16.0,18.0,1.6,1.2,12.8,18.2,0.6578947368421053,0.2040816326530612,0.1838235294117647,0.6290828078389911,0.19514405467658494,0.17577313748442394,2.082392478193558,0.7224634671298568,0.45330967035456715,0.19514405467658494,3.5789473684210527,3.223684210526316,0.9007352941176471,D,18,5,1
2023_24,2024-04-27,Newcastle,Sheffield United,5,1,H,1,1,D,20,15,7,5,4,5,9,10,0,0,0,0,1.23,7.04,11.1,1540.0528444406377,1408.703768454004,131.3490759866338,Newcastle,5,1,20,15,0.0,2.0,7.0,20.0,2.0,1.2,15.8,13.0,Sheffield United,1,5,15,20,2.0,4.0,10.0,25.0,1.2,3.0,11.0,17.0,0.8130081300813008,0.14204545454545456,0.0900900900900901,0.7778912600715535,0.13590997867727428,0.08619876125117217,2.4695837588919347,0.3945062624307908,0.6916924988203813,0.13590997867727428,9.024390243902438,5.723577235772358,0.6342342342342343,H,19,21,2
2023_24,2024-04-27,Fulham,Crystal Palace,1,1,D,0,0,D,9,14,2,4,5,9,11,15,0,2,0,0,2.11,3.6,3.42,1482.6324690950003,1474.5410057115398,8.09146338346045,Fulham,1,1,9,14,1.0,3.0,12.0,14.0,1.4,2.0,17.2,13.0,Crystal Palace,1,1,14,9,2.0,0.0,20.0,7.0,2.0,1.4,11.2,12.2,0.47393364928909953,0.2777777777777778,0.29239766081871343,0.4539120047780211,0.2660428694671179,0.28004512575486096,1.6277788838011813,1.1061782467317007,0.17386687902316017,0.2660428694671179,1.6208530805687205,1.7061611374407584,1.0526315789473684,D,10,8,1
2023_24,2024-04-27,West Ham,Liverpool,2,2,D,1,0,H,11,28,8,8,5,8,8,10,0,2,0,0,5.63,4.89,1.51,1485.766498398959,1603.0937205735154,-117.32722217455648,West Ham,2,2,11,28,2.0,5.0,4.0,18.0,1.6,2.6,10.2,17.4,Liverpool,2,2,28,11,0.0,2.0,23.0,16.0,1.6,1.4,23.0,10.6,0.17761989342806395,0.20449897750511248,0.6622516556291391,0.17007363661699976,0.1958107513606766,0.6341156120223236,0.7060316612116759,2.0981575874276475,-0.4640419754053238,0.1958107513606766,0.2682060390763766,0.8685612788632326,3.23841059602649,D,25,15,1
2023_24,2024-04-27,Aston Villa,Chelsea,2,2,D,2,0,H,9,21,4,5,2,4,13,14,3,5,0,0,2.17,3.9,3.06,1570.347624041886,1503.7183866153384,66.62923742654766,Aston Villa,2,2,9,21,3.0,1.0,14.0,14.0,2.2,1.6,11.0,15.6,Chelsea,2,2,21,9,0.0,5.0,7.0,27.0,2.8,2.4,17.6,17.0,0.4608294930875576,0.25641025641025644,0.32679738562091504,0.44139186010385695,0.2455949580577871,0.3130131818383561,1.569770538369358,1.1846345035728554,0.12837867826550087,0.2455949580577871,1.4101382488479264,1.7972350230414746,1.2745098039215685,D,1,6,1
2023_24,2024-04-28,Nott'm Forest,Man City,0,2,A,0,1,A,14,11,2,5,4,5,8,6,0,0,0,0,9.5,5.72,1.31,1434.9973005456354,1646.5498925680893,-211.55259202245384,Nott'm Forest,0,2,14,11,0.0,2.0,8.0,7.0,1.4,1.8,13.4,12.6,Man City,2,0,11,14,4.0,0.0,14.0,7.0,3.4,0.8,20.4,6.4,0.10526315789473684,0.17482517482517484,0.7633587786259541,0.10088020442067794,0.16754579405532177,0.7315740015240002,0.4701864073173556,2.3622677986273226,-0.6306937971033223,0.16754579405532177,0.13789473684210526,0.6021052631578947,4.366412213740458,A,20,17,0
2023_24,2024-04-28,Tottenham,Arsenal,2,3,A,0,3,A,14,9,2,3,8,6,12,16,2,1,0,0,4.12,4.07,1.8,1551.6540062739323,1629.526264727345,-77.87225845341277,Tottenham,2,3,14,9,0.0,4.0,11.0,18.0,1.2,2.0,14.4,13.0,Arsenal,3,2,9,14,5.0,0.0,27.0,7.0,2.4,0.4,20.4,7.6,0.24271844660194175,0.24570024570024568,0.5555555555555556,0.2324946684269321,0.23535086828475676,0.5321544632883112,0.932834873565553,1.8318142581496903,-0.29965979486137906,0.23535086828475676,0.4368932038834951,0.9878640776699029,2.261111111111111,A,24,0,0
2023_24,2024-04-28,Bournemouth,Brighton,3,0,H,1,0,H,15,13,6,1,8,2,14,10,2,2,0,0,2.26,3.8,2.94,1480.699953932139,1510.3262266302875,-29.62627269814857,Bournemouth,3,0,15,13,1.0,0.0,21.0,15.0,1.2,1.4,14.8,11.8,Brighton,0,3,13,15,0.0,4.0,7.0,14.0,0.4,2.0,14.0,16.0,0.4424778761061947,0.2631578947368421,0.3401360544217687,0.4231112996318796,0.25163987820211786,0.32524882216600265,1.5209737770977567,1.2273863447001259,0.09786247746587695,0.25163987820211786,1.3008849557522124,1.68141592920354,1.292517006802721,H,2,4,2
2023_24,2024-05-02,Chelsea,Tottenham,2,0,H,1,0,H,16,19,5,3,4,9,12,16,0,1,0,0,2.2,4.05,2.91,1505.9633413171814,1545.7899321008204,-39.82659078363895,Chelsea,2,0,16,19,2.0,2.0,21.0,9.0,2.8,2.4,15.2,15.2,Tottenham,0,2,19,16,2.0,3.0,14.0,9.0,1.6,2.0,14.4,11.6,0.45454545454545453,0.2469135802469136,0.3436426116838488,0.4349294215333518,0.23625795737614175,0.3288126210905065,1.5410462219761971,1.2226958206476612,0.10611680044284527,0.23625795737614175,1.3227272727272728,1.8409090909090906,1.3917525773195876,H,6,24,2
2023_24,2024-05-03,Luton,Everton,1,1,D,1,1,D,18,10,5,3,8,7,14,12,1,3,0,0,2.66,3.58,2.62,1432.4728806303117,1475.0114575323807,-42.53857690206905,Luton,1,1,18,10,1.0,2.0,9.0,13.0,1.0,3.0,8.6,17.6,Everton,1,1,10,18,1.0,0.0,18.0,10.0,1.2,1.2,12.6,12.2,0.37593984962406013,0.27932960893854747,0.38167938931297707,0.3625442570231451,0.26937645912892905,0.36807928384792593,1.357009230198364,1.373614310672707,-0.005535026824780853,0.26937645912892905,0.9849624060150376,1.3458646616541352,1.366412213740458,D,16,9,1
2023_24,2024-05-04,Arsenal,Bournemouth,3,0,H,1,0,H,25,7,9,2,6,1,16,12,2,3,0,0,1.2,7.59,12.74,1635.390338900457,1486.005845869192,149.38449303126504,Arsenal,3,0,25,7,3.0,2.0,9.0,14.0,2.6,0.8,19.6,9.4,Bournemouth,0,3,7,25,3.0,0.0,15.0,13.0,1.6,1.4,15.6,13.8,0.8333333333333334,0.13175230566534915,0.07849293563579278,0.7985343447906809,0.12625048929496932,0.07521516591434985,2.5218535236670117,0.35189598703801883,0.723319178876331,0.12625048929496932,10.616666666666667,6.325,0.5957613814756672,H,0,2,2
2023_24,2024-05-04,Brentford,Fulham,0,0,D,0,0,D,7,15,3,3,7,6,3,6,1,1,0,0,2.12,3.8,3.25,1476.1034396433133,1481.3061376095425,-5.202697966229152,Brentford,0,0,7,15,0.0,1.0,10.0,18.0,2.0,1.0,10.6,13.4,Fulham,0,0,15,7,1.0,1.0,9.0,14.0,1.0,1.6,14.2,14.2,0.4716981132075471,0.2631578947368421,0.3076923076923077,0.45244724501758504,0.25241793669402113,0.29513481828839394,1.6097596717467761,1.137822391559203,0.1573124267291911,0.25241793669402113,1.5330188679245282,1.792452830188679,1.169230769230769,D,3,10,1
2023_24,2024-05-04,Burnley,Newcastle,1,4,A,0,3,A,17,23,5,11,4,11,8,8,2,2,0,0,3.38,3.98,2.02,1436.9194703707453,1542.9189053775028,-105.9994350067575,Burnley,1,4,17,23,1.0,1.0,16.0,27.0,1.4,1.0,12.4,17.0,Newcastle,4,1,23,17,5.0,1.0,20.0,15.0,2.2,0.8,15.0,14.0,0.2958579881656805,0.25125628140703515,0.49504950495049505,0.28388819051116543,0.24109097586124098,0.4750208336275936,1.0927555473947372,1.6661534767440218,-0.1911326431164282,0.24109097586124098,0.5976331360946746,1.1775147928994083,1.9702970297029703,A,5,19,0
2023_24,2024-05-04,Sheffield United,Nott'm Forest,1,3,A,1,1,D,17,15,5,4,5,3,9,7,0,1,1,0,4.68,4.25,1.69,1405.8377075171388,1431.3149852399208,-25.47727772278199,Sheffield United,1,3,17,15,1.0,5.0,15.0,20.0,1.2,3.4,12.4,15.2,Nott'm Forest,3,1,15,17,0.0,2.0,14.0,11.0,1.2,2.0,13.8,12.8,0.2136752136752137,0.23529411764705882,0.591715976331361,0.20532163960013378,0.22609535843026493,0.5685830019696012,0.8420602772306662,1.9318443643390686,-0.36326136236946743,0.22609535843026493,0.3611111111111111,0.9081196581196582,2.514792899408284,A,21,20,0
2023_24,2024-05-04,Man City,Wolves,5,1,H,3,0,H,20,2,12,1,6,0,4,17,0,4,0,0,1.09,11.51,25.33,1650.2322078738039,1475.5291691952052,174.70303867859866,Man City,5,1,20,2,2.0,0.0,11.0,14.0,3.8,0.8,20.2,8.0,Wolves,1,5,2,20,2.0,1.0,13.0,9.0,1.0,1.6,11.6,16.6,0.9174311926605504,0.08688097306689835,0.03947887879984209,0.8789414293892835,0.08323598245302512,0.037822588157691246,2.720060270620876,0.19670374692609888,0.8411188412315923,0.08323598245302512,23.23853211009174,10.559633027522935,0.45440189498618244,H,17,26,2
2023_24,2024-05-05,Brighton,Aston Villa,1,0,H,0,0,D,15,2,8,1,7,3,13,10,2,1,0,0,2.72,3.77,2.43,1505.0203346932344,1568.1026693400431,-63.082334646808704,Brighton,1,0,15,2,0.0,3.0,13.0,15.0,0.2,2.2,14.8,13.0,Aston Villa,0,1,2,15,2.0,2.0,9.0,21.0,2.2,2.0,10.6,17.2,0.3676470588235294,0.26525198938992045,0.4115226337448559,0.3520101747927962,0.2539702056860493,0.3940196195211546,1.310000730064438,1.4360290642495133,-0.04200944472835838,0.2539702056860493,0.8933823529411765,1.3860294117647058,1.551440329218107,H,4,1,2
2023_24,2024-05-05,Chelsea,West Ham,5,0,H,3,0,H,25,13,14,2,8,6,12,10,1,3,0,0,1.65,4.55,4.58,1511.4435710870057,1486.5787925912434,24.864778495762266,Chelsea,5,0,25,13,2.0,0.0,16.0,19.0,2.4,1.8,12.8,15.2,West Ham,0,5,13,25,2.0,2.0,11.0,28.0,1.4,2.2,10.4,18.2,0.6060606060606061,0.21978021978021978,0.2183406113537118,0.5804169509936357,0.2104808723383514,0.20910217666801287,1.9517317253192583,0.8377874023423899,0.37131477432562277,0.2104808723383514,2.775757575757576,2.757575757575758,0.9934497816593886,H,6,25,2
2023_24,2024-05-05,Liverpool,Tottenham,4,2,H,2,0,H,25,11,13,6,8,3,14,12,1,4,0,0,1.48,5.26,5.61,1602.2814263812309,1540.309702330996,61.9717240502348,Liverpool,4,2,25,11,2.0,2.0,28.0,11.0,1.4,1.6,22.8,11.2,Tottenham,2,4,11,25,0.0,2.0,19.0,16.0,1.2,2.2,14.8,13.4,0.6756756756756757,0.19011406844106465,0.17825311942959002,0.6471723520819717,0.18209412187857762,0.17073352603945066,2.1236111781244924,0.6942946999969296,0.47643882604252097,0.18209412187857762,3.790540540540541,3.554054054054054,0.9376114081996434,H,15,24,2
2023_24,2024-05-06,Crystal Palace,Man United,4,0,H,2,0,H,18,7,10,2,6,3,12,8,1,1,0,0,2.38,3.76,2.79,1475.8673371969976,1549.5472840976613,-73.67994690066371,Crystal Palace,4,0,18,7,1.0,1.0,14.0,9.0,2.2,1.4,13.4,11.8,Man United,0,4,7,18,1.0,1.0,27.0,16.0,2.4,2.2,17.6,20.4,0.42016806722689076,0.26595744680851063,0.35842293906810035,0.402248517987377,0.2546147534069035,0.3431367286057194,1.4613603073690344,1.2840249392240617,0.059111789381657565,0.2546147534069035,1.1722689075630253,1.5798319327731092,1.3476702508960572,H,8,18,2
2023_24,2024-05-11,Fulham,Man City,0,4,A,0,1,A,1,16,1,9,1,7,9,6,1,0,1,0,12.3,7.05,1.22,1482.4123512584003,1652.5896221611524,-170.17727090275207,Fulham,0,4,1,16,0.0,0.0,15.0,7.0,0.8,1.0,13.6,12.4,Man City,4,0,16,1,5.0,1.0,20.0,2.0,4.0,0.8,19.2,6.8,0.08130081300813008,0.14184397163120568,0.819672131147541,0.07796269103170718,0.1360200141404253,0.7860172948278675,0.36990808723554686,2.4940718986240276,-0.7080546037961604,0.1360200141404253,0.0991869918699187,0.573170731707317,5.778688524590164,A,10,17,0
2023_24,2024-05-11,Bournemouth,Brentford,1,2,A,0,0,D,13,11,4,5,3,8,16,12,2,2,0,0,1.98,3.99,3.5,1483.3601009256802,1474.9972259944554,8.362874931224724,Bournemouth,1,2,13,11,0.0,3.0,7.0,25.0,1.4,1.6,15.4,15.0,Brentford,2,1,11,13,0.0,0.0,7.0,15.0,2.0,1.0,11.0,11.6,0.5050505050505051,0.2506265664160401,0.2857142857142857,0.48497666277712953,0.2406651108518086,0.27435822637106183,1.6955950991831972,1.063739789964994,0.2106184364060677,0.2406651108518086,1.7676767676767677,2.015151515151515,1.1400000000000001,A,2,3,0
2023_24,2024-05-11,Everton,Sheffield United,1,0,H,1,0,H,15,13,6,1,3,6,6,11,1,2,0,0,1.4,5.13,7.46,1475.4847143810805,1399.073008620716,76.41170576036438,Everton,1,0,15,13,1.0,1.0,10.0,18.0,1.2,1.4,12.2,14.6,Sheffield United,0,1,13,15,1.0,3.0,17.0,15.0,1.0,3.6,13.6,17.0,0.7142857142857143,0.19493177387914232,0.13404825737265416,0.68466324840149,0.1868476701290616,0.1284890814694485,2.2408374153335315,0.5723149145374071,0.5561741669320415,0.1868476701290616,5.328571428571429,3.6642857142857146,0.6876675603217158,H,9,21,2
2023_24,2024-05-11,Newcastle,Brighton,1,1,D,1,1,D,18,15,7,4,8,4,9,16,3,4,0,0,1.59,4.81,4.84,1548.2994324628503,1510.9008866288232,37.39854583402712,Newcastle,1,1,18,15,4.0,1.0,23.0,17.0,2.8,0.8,16.0,15.4,Brighton,1,1,15,18,1.0,0.0,15.0,2.0,0.4,2.2,13.0,12.4,0.6289308176100629,0.2079002079002079,0.2066115702479339,0.6027459681699673,0.1992445092287418,0.1980095226012909,2.0074824137386433,0.7932730770326145,0.4047364455686764,0.1992445092287418,3.044025157232704,3.025157232704402,0.993801652892562,D,19,4,1
2023_24,2024-05-11,Tottenham,Burnley,2,1,H,1,1,D,21,7,9,3,9,3,10,14,3,5,0,0,1.35,6.01,7.33,1536.4851402497661,1431.5389432853979,104.94619696436826,Tottenham,2,1,21,7,2.0,4.0,11.0,25.0,1.4,2.8,14.4,16.2,Burnley,1,2,7,21,1.0,4.0,17.0,23.0,1.4,1.6,13.2,20.0,0.7407407407407407,0.1663893510815308,0.1364256480218281,0.7098238383044133,0.15944462258085826,0.13073153911472823,2.288916137494098,0.5516392399250429,0.5790922991896851,0.15944462258085826,5.42962962962963,4.451851851851852,0.8199181446111868,H,24,5,2
2023_24,2024-05-11,West Ham,Luton,3,1,H,0,1,A,24,4,8,1,7,6,9,15,1,3,0,0,1.82,4.33,3.83,1482.177515817735,1431.999623781612,50.17789203612301,West Ham,3,1,24,4,0.0,5.0,13.0,25.0,1.2,3.0,10.8,20.6,Luton,1,3,4,24,1.0,1.0,18.0,10.0,1.2,2.8,11.2,17.0,0.5494505494505494,0.23094688221709006,0.2610966057441253,0.5275599568635061,0.22174575554078085,0.25069428759571305,1.8044256261312992,0.9738286183279201,0.27686566926779305,0.22174575554078085,2.1043956043956045,2.379120879120879,1.1305483028720626,H,25,16,2
2023_24,2024-05-11,Wolves,Crystal Palace,1,3,A,0,2,A,13,13,7,3,8,3,13,12,3,2,0,1,2.86,3.51,2.47,1473.1717549078567,1481.930885252211,-8.75913034435439,Wolves,1,3,13,13,1.0,5.0,2.0,20.0,1.0,2.2,9.2,18.4,Crystal Palace,3,1,13,13,4.0,0.0,18.0,7.0,2.6,0.6,15.6,9.6,0.3496503496503497,0.2849002849002849,0.4048582995951417,0.3363934426229508,0.27409836065573767,0.38950819672131143,1.28327868852459,1.442622950819672,-0.05311475409836064,0.27409836065573767,0.8636363636363638,1.2272727272727273,1.4210526315789471,A,26,8,0
2023_24,2024-05-11,Nott'm Forest,Chelsea,2,3,A,1,1,D,20,12,4,5,5,6,14,8,2,3,0,0,3.39,3.94,2.03,1438.0796841363435,1515.8448478605142,-77.76516372417063,Nott'm Forest,2,3,20,12,3.0,1.0,15.0,17.0,1.2,2.0,13.6,12.6,Chelsea,3,2,12,20,5.0,0.0,25.0,13.0,3.0,1.4,16.6,15.6,0.2949852507374631,0.25380710659898476,0.4926108374384237,0.28325748587820726,0.24371646627591942,0.47302604784587327,1.0934889239105412,1.6627946098135393,-0.189768561967666,0.24371646627591942,0.59882005899705,1.1622418879056047,1.9408866995073892,A,20,6,0
2023_24,2024-05-12,Man United,Arsenal,0,1,A,0,1,A,14,11,2,5,4,7,5,6,0,2,0,0,7.08,5.5,1.39,1543.4837360424478,1638.0360838439688,-94.55234780152091,Man United,0,1,14,11,0.0,4.0,7.0,18.0,1.8,2.2,15.2,18.4,Arsenal,1,0,11,14,3.0,0.0,25.0,7.0,2.6,0.8,20.6,8.8,0.14124293785310735,0.18181818181818182,0.7194244604316548,0.1354867065299453,0.1744083422240023,0.6901049512460523,0.5808684618138382,2.244723195962159,-0.554618244716107,0.1744083422240023,0.1963276836158192,0.7768361581920904,3.956834532374101,A,18,0,0
2023_24,2024-05-13,Aston Villa,Liverpool,3,3,D,1,2,A,19,14,5,7,5,4,11,15,1,1,0,0,4.15,4.55,1.71,1562.2221174044544,1606.1059884624608,-43.883871058006434,Aston Villa,3,3,19,14,0.0,1.0,2.0,15.0,2.0,1.4,9.4,15.2,Liverpool,3,3,14,19,4.0,2.0,25.0,11.0,1.8,1.6,22.2,11.6,0.24096385542168672,0.21978021978021978,0.5847953216374269,0.2304684607295724,0.21020749714895068,0.5593240421214769,0.9016128793376679,1.8881796235133814,-0.3288555813919045,0.21020749714895068,0.4120481927710843,1.0963855421686746,2.6608187134502925,D,1,15,1
2023_24,2024-05-14,Tottenham,Man City,0,2,A,0,0,D,10,8,5,5,7,4,14,11,3,3,0,0,6.94,5.91,1.38,1539.6957810535591,1656.9060214404371,-117.21024038687801,Tottenham,0,2,10,8,2.0,1.0,21.0,7.0,1.2,2.8,15.2,15.0,Man City,2,0,8,10,4.0,0.0,16.0,1.0,4.0,0.4,18.8,5.6,0.1440922190201729,0.1692047377326565,0.7246376811594204,0.13882590845027268,0.16302060992299364,0.6981534816267337,0.5794983352738117,2.257481054803195,-0.5593275731764611,0.16302060992299364,0.19884726224783858,0.8515850144092219,4.282608695652175,A,24,17,0
2023_24,2024-05-15,Man United,Newcastle,3,2,H,1,0,H,17,21,8,8,9,9,16,7,3,3,0,0,2.73,4.04,2.34,1537.9070356674708,1546.501626232416,-8.594590564945065,Man United,3,2,17,21,0.0,1.0,14.0,11.0,1.4,2.0,16.2,15.0,Newcastle,2,3,21,17,1.0,1.0,18.0,15.0,2.8,1.0,17.2,15.6,0.3663003663003663,0.24752475247524752,0.4273504273504274,0.35181422351233665,0.23773584905660375,0.4104499274310595,1.2931785195936136,1.4690856313497822,-0.05863570391872286,0.23773584905660375,0.8571428571428571,1.47985347985348,1.7264957264957266,H,18,19,2
2023_24,2024-05-15,Brighton,Chelsea,1,2,A,0,1,A,12,13,2,6,4,6,13,14,2,2,0,1,3.37,3.99,2.02,1512.6986928592576,1521.7107705577534,-9.012077698495887,Brighton,1,2,12,13,1.0,1.0,15.0,18.0,0.6,1.8,14.0,12.0,Chelsea,2,1,13,12,3.0,2.0,12.0,20.0,2.4,1.8,16.2,17.6,0.29673590504451036,0.2506265664160401,0.49504950495049505,0.2846627933671217,0.24042947710456142,0.4749077295283169,1.0944178572059264,1.6651526656895121,-0.1902449361611952,0.24042947710456142,0.5994065281899109,1.1839762611275966,1.9752475247524752,A,4,6,0
2023_24,2024-05-19,Arsenal,Everton,2,1,H,1,1,D,26,5,5,2,8,1,8,11,4,3,0,0,1.17,8.04,15.37,1643.6127842189458,1479.0960250243604,164.51675919458535,Arsenal,2,1,26,5,1.0,0.0,11.0,14.0,2.8,0.4,19.2,9.4,Everton,1,2,5,26,1.0,0.0,15.0,13.0,1.4,0.2,13.2,14.4,0.8547008547008548,0.12437810945273634,0.06506180871828238,0.8185686038770704,0.11912005802688712,0.06231133809604245,2.574825869658098,0.30605407231501447,0.7562572657810279,0.11912005802688712,13.136752136752136,6.871794871794871,0.5230969420949902,H,0,9,2
2023_24,2024-05-19,Brentford,Newcastle,2,4,A,0,3,A,10,12,5,7,3,0,15,11,4,4,0,0,2.94,3.96,2.22,1482.3280147829985,1541.551154849909,-59.223140066910446,Brentford,2,4,10,12,2.0,1.0,11.0,13.0,1.8,0.6,11.6,12.0,Newcastle,4,2,12,10,2.0,3.0,21.0,17.0,2.4,1.6,17.8,16.8,0.3401360544217687,0.25252525252525254,0.4504504504504504,0.32607824809720926,0.24208839631459478,0.431833355588196,1.2203231406062225,1.537588463079183,-0.10575510749098677,0.24208839631459478,0.7551020408163266,1.346938775510204,1.7837837837837835,A,3,19,0
2023_24,2024-05-19,Brighton,Man United,0,2,A,0,0,D,17,11,3,4,7,5,10,9,1,3,0,0,2.17,4.11,2.95,1505.6561548548236,1542.8575070499778,-37.201352195154186,Brighton,0,2,17,11,1.0,2.0,12.0,13.0,0.6,2.0,12.4,12.4,Man United,2,0,11,17,3.0,2.0,17.0,21.0,1.6,2.0,18.0,15.2,0.4608294930875576,0.24330900243309,0.3389830508474576,0.44177928707546454,0.23325086446563453,0.324969848458901,1.558588725692028,1.2081604098423375,0.11680943861656357,0.23325086446563453,1.3594470046082952,1.8940092165898619,1.3932203389830509,A,4,18,0
2023_24,2024-05-19,Burnley,Nott'm Forest,1,2,A,0,2,A,20,12,3,6,4,3,11,5,1,0,0,0,2.9,3.74,2.32,1428.3283024816049,1432.2137614391042,-3.885458957499395,Burnley,1,2,20,12,1.0,2.0,7.0,21.0,1.6,1.8,13.4,21.8,Nott'm Forest,2,1,12,20,2.0,3.0,20.0,12.0,1.4,2.0,15.0,11.6,0.3448275862068966,0.267379679144385,0.4310344827586207,0.3305346884666372,0.2562969509500662,0.41316836058329653,1.247901016349978,1.495802032699956,-0.08263367211665934,0.2562969509500662,0.7999999999999999,1.2896551724137932,1.6120689655172415,A,5,20,0
2023_24,2024-05-19,Chelsea,Bournemouth,2,1,H,1,0,H,16,22,6,5,6,5,5,9,2,3,0,0,1.45,5.32,5.99,1528.7533085621874,1476.0293121371371,52.723996425050245,Chelsea,2,1,16,22,2.0,1.0,13.0,12.0,2.8,1.0,17.4,14.6,Bournemouth,1,2,22,16,1.0,2.0,13.0,11.0,1.2,1.6,14.0,15.6,0.6896551724137931,0.18796992481203006,0.1669449081803005,0.6602287724561443,0.1799495714401145,0.1598216561037411,2.1606358888085473,0.6594145397513378,0.5004071163524032,0.1799495714401145,4.131034482758621,3.6689655172413795,0.8881469115191987,H,6,2,2
2023_24,2024-05-19,Crystal Palace,Aston Villa,5,0,H,2,0,H,15,8,9,2,2,4,10,8,1,4,0,0,1.87,4.28,3.67,1488.9776590832412,1561.771955361667,-72.79429627842592,Crystal Palace,5,0,15,8,3.0,1.0,13.0,13.0,3.0,0.8,16.6,8.0,Aston Villa,0,5,8,15,3.0,3.0,19.0,14.0,2.0,1.4,11.0,16.4,0.53475935828877,0.2336448598130841,0.2724795640326976,0.5137551064463057,0.22446776847069905,0.2617771250829951,1.7657330878096162,1.0097991437196843,0.2519779813633106,0.22446776847069905,1.962566844919786,2.2887700534759357,1.1662125340599456,H,8,1,2
2023_24,2024-05-19,Liverpool,Wolves,2,0,H,2,0,H,36,4,14,3,10,2,14,11,1,1,0,1,1.16,8.71,14.55,1606.556150505248,1466.1249810768265,140.43116942842153,Liverpool,2,0,36,4,3.0,3.0,14.0,19.0,2.4,2.0,20.8,13.8,Wolves,0,2,4,36,1.0,3.0,13.0,13.0,0.8,2.4,9.6,17.4,0.8620689655172414,0.11481056257175659,0.06872852233676975,0.8244666490146189,0.10980267656222246,0.06573067442315861,2.5832026236060788,0.3069946998316983,0.7587359745914602,0.10980267656222246,12.543103448275863,7.5086206896551735,0.5986254295532646,H,15,26,2
2023_24,2024-05-19,Luton,Fulham,2,4,A,1,2,A,15,15,6,7,4,4,15,20,5,4,0,0,2.92,3.95,2.23,1427.996029311396,1478.0959519791156,-50.09992266771974,Luton,2,4,15,15,1.0,3.0,4.0,24.0,1.0,3.2,8.2,20.2,Fulham,4,2,15,15,0.0,4.0,1.0,16.0,0.8,1.6,11.0,13.2,0.3424657534246575,0.2531645569620253,0.4484304932735426,0.3280132270305093,0.24248066403268026,0.4295061089368104,1.2265203451242082,1.5309989908431114,-0.10149288190630112,0.24248066403268026,0.7636986301369864,1.3527397260273974,1.7713004484304933,A,16,10,0
2023_24,2024-05-19,Man City,West Ham,3,1,H,2,1,H,28,3,12,2,11,2,3,12,0,1,0,0,1.1,11.72,21.81,1662.0957105153104,1486.181110287951,175.91460022735941,Man City,3,1,28,3,2.0,0.0,8.0,10.0,3.4,0.2,13.8,6.8,West Ham,1,3,3,28,3.0,1.0,24.0,4.0,1.4,3.0,13.4,18.6,0.9090909090909091,0.08532423208191126,0.04585052728106374,0.8739026353162879,0.08202157839999288,0.04407578628371925,2.7037294843488566,0.21424893725115063,0.8298268490325686,0.08202157839999288,19.827272727272724,10.654545454545454,0.537368179734067,H,17,25,2
2023_24,2024-05-19,Sheffield United,Tottenham,0,3,A,0,1,A,6,18,1,9,2,6,11,9,2,0,0,0,7.32,6.04,1.35,1395.4616979774362,1534.5060919786858,-139.04439400124966,Sheffield United,0,3,6,18,0.0,1.0,13.0,15.0,1.0,3.4,14.6,18.2,Tottenham,3,0,18,6,0.0,2.0,10.0,8.0,1.2,2.4,15.0,13.0,0.13661202185792348,0.16556291390728478,0.7407407407407407,0.13099047692485638,0.15875004819370014,0.7102594748814436,0.5517214789682693,2.2895284728380307,-0.5792689979565873,0.15875004819370014,0.18442622950819673,0.825136612021858,4.474074074074074,A,21,24,0
2024_25,2024-08-16,Man United,Fulham,1,0,H,0,0,D,14,10,5,2,7,8,12,10,2,3,0,0,1.62,4.36,5.15,1549.422243030713,1484.4392388195886,64.98300421112435,Man United,1,0,14,10,2.0,0.0,11.0,17.0,1.2,1.6,15.2,16.6,Fulham,0,1,10,14,4.0,2.0,15.0,15.0,1.2,2.0,10.4,13.2,0.6172839506172839,0.2293577981651376,0.1941747572815534,0.5930766345661143,0.22036333669658376,0.18656002873730199,1.9995932403949266,0.7800434229084898,0.40651660582881227,0.22036333669658376,3.1790123456790123,2.691358024691358,0.8466019417475729,H,18,10,2
2024_25,2024-08-17,West Ham,Aston Villa,1,2,A,1,1,D,14,15,3,3,5,3,18,11,1,2,0,0,2.44,3.69,2.79,1483.8368794527557,1555.723700614927,-71.88682116217137,West Ham,1,2,14,15,1.0,3.0,3.0,28.0,1.6,3.2,11.0,20.6,Aston Villa,2,1,15,14,0.0,5.0,8.0,15.0,1.6,2.4,10.4,15.8,0.4098360655737705,0.2710027100271003,0.35842293906810035,0.3943530871858517,0.26076464301720276,0.3448822697969456,1.443823904574758,1.2954114524080396,0.04947081738890613,0.26076464301720276,1.1434426229508197,1.5122950819672132,1.3225806451612903,A,25,1,0
2024_25,2024-08-17,Nott'm Forest,Bournemouth,1,1,D,1,0,H,14,13,8,4,2,6,17,8,1,3,0,0,2.45,3.49,2.89,1439.3419343001256,1472.0647235497477,-32.72278924962211,Nott'm Forest,1,1,14,13,2.0,1.0,12.0,20.0,1.4,1.8,13.8,13.4,Bournemouth,1,1,13,14,1.0,2.0,22.0,16.0,1.2,1.4,15.6,16.0,0.4081632653061224,0.28653295128939826,0.3460207612456747,0.3921942987350829,0.2753226452438261,0.3324830560210911,1.451905541449075,1.2727718133070993,0.05971124271399181,0.2753226452438261,1.1795918367346938,1.4244897959183673,1.207612456747405,D,20,2,1
2024_25,2024-08-17,Newcastle,Southampton,1,0,H,1,0,H,3,19,1,4,3,12,15,16,2,4,1,0,1.35,5.62,8.1,1547.7372049630465,1430.339271055962,117.39793390708451,Newcastle,1,0,3,19,4.0,2.0,12.0,10.0,3.2,1.6,18.8,14.8,Southampton,0,1,19,3,4.0,4.0,15.0,30.0,1.8,3.2,9.6,19.2,0.7407407407407407,0.17793594306049823,0.1234567901234568,0.7107925801011804,0.17074198988195619,0.11846543001686342,2.303119730185497,0.5261382799325465,0.592327150084317,0.17074198988195619,5.999999999999999,4.162962962962963,0.6938271604938272,H,19,22,2
2024_25,2024-08-17,Ipswich,Liverpool,0,2,A,0,0,D,7,18,2,5,2,10,9,18,3,1,0,0,8.28,5.76,1.34,1500.0,1609.309720706657,-109.30972070665689,Ipswich,0,2,7,18,,,,,1.4,1.4,12.6,12.8,Liverpool,2,0,18,7,2.0,0.0,36.0,4.0,2.2,1.8,25.2,12.2,0.12077294685990339,0.1736111111111111,0.7462686567164178,0.11605499621089098,0.16682905705315576,0.7171159467359531,0.5149940456858286,2.318176897261015,-0.6010609505250621,0.16682905705315576,0.16183574879227056,0.6956521739130435,4.298507462686567,A,12,15,0
2024_25,2024-08-17,Arsenal,Wolves,2,0,H,1,0,H,18,9,6,3,8,2,17,14,2,2,0,0,1.18,7.86,15.87,1646.0832542152589,1463.3714108754177,182.71184333984115,Arsenal,2,0,18,9,2.0,1.0,26.0,5.0,2.8,0.6,19.6,9.4,Wolves,0,2,9,18,0.0,2.0,4.0,36.0,0.8,2.4,9.4,19.8,0.8474576271186441,0.1272264631043257,0.06301197227473221,0.816672297164586,0.12260474690257142,0.06072295593284257,2.5726216383963294,0.3047736147010991,0.7559493412317434,0.12260474690257142,13.44915254237288,6.661016949152543,0.49527410207939515,H,0,26,2
2024_25,2024-08-17,Everton,Brighton,0,3,A,0,1,A,9,10,1,5,1,5,8,8,1,1,1,0,2.67,3.41,2.68,1476.6255550280473,1499.0914188740885,-22.465863846041202,Everton,0,3,9,10,1.0,2.0,5.0,26.0,1.2,0.6,12.8,18.0,Brighton,3,0,10,9,0.0,2.0,17.0,11.0,0.6,1.6,14.4,11.8,0.37453183520599254,0.29325513196480935,0.3731343283582089,0.3598080246937884,0.28172651786874336,0.3584654574374682,1.3611505919501086,1.357122890181148,0.001342567256320204,0.28172651786874336,1.00374531835206,1.2771535580524345,1.2723880597014925,A,9,4,0
2024_25,2024-08-18,Brentford,Crystal Palace,2,1,H,1,0,H,9,14,5,6,4,7,6,15,1,5,0,0,2.46,3.44,2.9,1476.141964669861,1495.0259138299812,-18.88394916012021,Brentford,2,1,9,14,2.0,4.0,10.0,12.0,1.8,1.4,11.8,12.8,Crystal Palace,1,2,14,9,5.0,0.0,15.0,8.0,3.0,0.4,16.0,8.8,0.4065040650406504,0.29069767441860467,0.3448275862068966,0.39010808527944185,0.278972642380066,0.33091927234049207,1.4492968982183916,1.2717304594015422,0.059188812938949786,0.278972642380066,1.1788617886178863,1.3983739837398375,1.186206896551724,H,3,8,2
2024_25,2024-08-18,Chelsea,Man City,0,2,A,0,1,A,10,11,3,5,4,3,12,9,1,1,0,0,4.05,4.0,1.83,1532.7178971495769,1664.4399413505057,-131.72204420092885,Chelsea,0,2,10,11,2.0,1.0,16.0,22.0,2.8,0.8,16.4,17.2,Man City,2,0,11,10,3.0,1.0,28.0,3.0,3.2,0.4,16.6,6.0,0.2469135802469136,0.25,0.5464480874316939,0.23665195674312597,0.23961010620241502,0.523737937054459,0.949565976431793,1.810823917365792,-0.28708598031133303,0.23961010620241502,0.4518518518518519,0.9876543209876544,2.1857923497267757,A,6,17,0
2024_25,2024-08-19,Leicester,Tottenham,1,1,D,0,1,A,7,15,3,7,2,13,11,12,1,1,0,0,5.01,4.37,1.63,1454.4214250714258,1539.3291896108603,-84.90776453943454,Leicester,1,1,7,15,2.0,1.0,13.0,16.0,1.4,2.2,10.2,19.0,Tottenham,1,1,15,7,3.0,0.0,18.0,6.0,1.4,1.8,15.8,12.4,0.1996007984031936,0.22883295194508008,0.6134969325153374,0.191568212440598,0.2196239689536375,0.5888078186057644,0.7943286062754316,1.9860474247709305,-0.3972396061651664,0.2196239689536375,0.3253493013972056,0.8722554890219562,2.6809815950920246,D,14,24,1
2024_25,2024-08-24,Tottenham,Everton,4,0,H,2,0,H,13,10,7,1,12,5,11,15,0,0,0,0,1.44,4.95,6.75,1538.8789319467617,1464.6979020626814,74.18102988408032,Tottenham,4,0,13,10,1.0,1.0,15.0,7.0,1.6,1.6,15.0,10.6,Everton,0,4,10,13,0.0,3.0,9.0,10.0,0.8,1.2,11.4,15.4,0.6944444444444444,0.20202020202020202,0.14814814814814814,0.6647864625302176,0.19339242546333602,0.14182111200644643,2.1877518130539886,0.6188557614826753,0.5229653505237711,0.19339242546333602,4.6875,3.4375000000000004,0.7333333333333334,H,24,9,2
2024_25,2024-08-24,Aston Villa,Arsenal,0,2,A,0,0,D,11,9,3,4,4,1,8,15,1,3,0,0,4.41,3.92,1.78,1566.16667874306,1650.0580344254247,-83.89135568236475,Aston Villa,0,2,11,9,2.0,1.0,15.0,14.0,1.4,2.4,10.6,15.8,Arsenal,2,0,9,11,2.0,0.0,18.0,9.0,2.2,0.6,17.8,9.8,0.22675736961451246,0.25510204081632654,0.5617977528089888,0.2172718950259383,0.2444308819041806,0.5382972230698809,0.8962465669819956,1.8593225511138236,-0.3210253280439426,0.2444308819041806,0.4036281179138322,0.8888888888888888,2.202247191011236,A,1,0,0
2024_25,2024-08-24,Fulham,Leicester,2,1,H,1,1,D,18,10,6,4,7,5,14,13,2,2,0,0,1.83,3.73,4.38,1477.8250473256217,1454.8716827355245,22.95336459009718,Fulham,2,1,18,10,0.0,1.0,10.0,14.0,1.0,1.6,10.0,13.2,Leicester,1,2,10,18,1.0,1.0,7.0,15.0,1.2,2.0,8.6,17.4,0.5464480874316939,0.2680965147453083,0.22831050228310504,0.5239923409250545,0.2570793522500938,0.2189283068248516,1.8290563750252573,0.9138642727246487,0.30506403410020294,0.2570793522500938,2.3934426229508197,2.0382513661202184,0.8515981735159818,H,10,14,2
2024_25,2024-08-24,Man City,Ipswich,4,1,H,3,1,H,14,1,5,1,10,1,4,15,2,3,0,0,1.09,12.17,26.97,1673.0939913881157,1490.682952504898,182.41103888321777,Man City,4,1,14,1,2.0,0.0,11.0,10.0,3.2,0.4,16.6,5.2,Ipswich,1,4,1,14,0.0,2.0,7.0,18.0,1.4,1.4,12.8,12.6,0.9174311926605504,0.08216926869350863,0.03707823507601039,0.884971588419669,0.07926204037612485,0.035766371204206136,2.734176805635132,0.18656115398874323,0.8492052172154629,0.07926204037612485,24.743119266055043,11.165137614678898,0.45124212087504634,H,17,12,2
2024_25,2024-08-24,Southampton,Nott'm Forest,0,1,A,0,0,D,5,23,1,8,4,10,14,14,3,3,0,0,2.57,3.32,2.84,1425.010672515821,1438.2196667978938,-13.208994282072808,Southampton,0,1,5,23,0.0,1.0,19.0,3.0,1.6,2.8,12.6,15.4,Nott'm Forest,1,0,23,5,1.0,1.0,14.0,13.0,1.6,1.6,15.0,14.6,0.38910505836575876,0.30120481927710846,0.35211267605633806,0.37326999208234357,0.2889469517022961,0.33778305621536026,1.408756927949327,1.3022961203483767,0.035486935866983316,0.2889469517022961,1.105058365758755,1.2918287937743191,1.1690140845070423,A,22,20,0
2024_25,2024-08-24,Crystal Palace,West Ham,0,2,A,0,0,D,14,18,2,3,3,3,9,17,1,1,0,0,2.17,3.63,3.25,1486.0596636657715,1473.393901324623,12.665762341148593,Crystal Palace,0,2,14,18,1.0,2.0,14.0,9.0,2.8,0.8,14.8,9.2,West Ham,2,0,18,14,1.0,2.0,14.0,15.0,1.4,2.6,13.0,20.0,0.4608294930875576,0.27548209366391185,0.3076923076923077,0.44140591384774247,0.26387075290622625,0.29472333324603117,1.5880884944494538,1.1480407526443197,0.1466825806017113,0.26387075290622625,1.4976958525345623,1.672811059907834,1.116923076923077,A,8,25,0
2024_25,2024-08-24,Brighton,Man United,2,1,H,1,0,H,14,11,5,4,4,4,9,13,1,2,0,0,2.5,3.72,2.69,1511.0190718394545,1556.0364345246799,-45.01736268522541,Brighton,2,1,14,11,3.0,0.0,10.0,9.0,1.2,1.0,13.8,10.6,Man United,1,2,11,14,1.0,0.0,14.0,10.0,1.2,1.4,12.6,15.4,0.4,0.26881720430107525,0.3717472118959108,0.38440676403475754,0.25833787905561656,0.35725535690962595,1.4115581711598892,1.3301039497844944,0.027151407125131588,0.25833787905561656,1.076,1.488,1.3828996282527881,H,4,18,2
2024_25,2024-08-25,Bournemouth,Newcastle,1,1,D,1,0,H,16,14,4,5,8,9,19,8,2,2,0,0,2.99,3.8,2.25,1473.1869910519795,1553.0658035031875,-79.87881245120798,Bournemouth,1,1,16,14,1.0,1.0,13.0,14.0,1.2,1.6,14.0,15.8,Newcastle,1,1,14,16,1.0,0.0,3.0,19.0,2.4,1.4,15.4,15.6,0.33444816053511706,0.2631578947368421,0.4444444444444444,0.3209519698192534,0.2525385236209388,0.4265095065598078,1.215394433078699,1.5320670433003623,-0.1055575367405544,0.2525385236209388,0.7525083612040133,1.2709030100334446,1.6888888888888889,D,2,19,1
2024_25,2024-08-25,Wolves,Chelsea,2,6,A,2,2,D,12,14,4,8,5,5,13,13,2,3,0,0,4.37,4.0,1.77,1459.396630665252,1524.0638471119669,-64.66721644671497,Wolves,2,6,12,14,0.0,2.0,9.0,18.0,0.8,2.6,8.2,19.2,Chelsea,6,2,14,12,0.0,2.0,10.0,11.0,2.4,1.2,15.2,15.6,0.22883295194508008,0.25,0.5649717514124294,0.21922966164936256,0.23950840535192863,0.5412619329987087,0.8971973903000163,1.8632942043480547,-0.3220322713493462,0.23950840535192863,0.40503432494279173,0.9153318077803203,2.2598870056497176,A,26,6,0
2024_25,2024-08-25,Liverpool,Brentford,2,0,H,1,0,H,19,8,8,2,9,4,10,7,2,3,0,0,1.25,6.78,10.37,1618.626768201759,1485.1082148340706,133.51855336768836,Liverpool,2,0,19,8,2.0,0.0,18.0,7.0,2.6,1.4,24.2,10.4,Brentford,0,2,8,19,2.0,1.0,9.0,14.0,1.2,1.4,9.4,14.4,0.8,0.14749262536873156,0.09643201542912247,0.7663388416510348,0.14128665959642972,0.09237449875253553,2.440303184549534,0.4184101558540363,0.6739643428984993,0.14128665959642972,8.296,5.424,0.6538090646094504,H,15,3,2
2024_25,2024-08-31,Nott'm Forest,Wolves,1,1,D,1,1,D,16,11,5,3,7,3,15,18,3,4,0,0,2.03,3.66,3.65,1450.420848133025,1448.7354789789963,1.685369154028649,Nott'm Forest,1,1,16,11,1.0,0.0,23.0,5.0,1.8,1.2,16.8,13.4,Wolves,1,1,11,16,2.0,6.0,12.0,14.0,0.8,3.6,8.0,20.2,0.4926108374384237,0.27322404371584696,0.273972602739726,0.4737519637708657,0.26276406733739266,0.2634839688917417,1.6840199586499898,1.053215974012618,0.210267994879124,0.26276406733739266,1.7980295566502464,1.8029556650246308,1.0027397260273974,D,20,26,1
2024_25,2024-08-31,Leicester,Aston Villa,1,2,A,0,1,A,9,10,3,5,1,4,13,21,4,5,0,0,4.62,4.02,1.74,1447.115705709761,1556.0862718035562,-108.97056609379524,Leicester,1,2,9,10,1.0,2.0,10.0,18.0,0.8,1.4,7.0,17.6,Aston Villa,2,1,10,9,0.0,2.0,11.0,9.0,1.0,2.4,11.0,13.4,0.21645021645021645,0.24875621890547267,0.5747126436781609,0.20814140332083558,0.23920728441349765,0.5526513122656669,0.8636314943760044,1.8971612212104982,-0.3445099089448313,0.23920728441349765,0.37662337662337664,0.87012987012987,2.310344827586207,A,14,1,0
2024_25,2024-08-31,Everton,Bournemouth,2,3,A,0,0,D,18,17,8,7,8,4,6,1,2,1,0,0,2.78,3.4,2.59,1458.3212344792216,1473.4854624543284,-15.164227975106769,Everton,2,3,18,17,0.0,4.0,10.0,13.0,0.6,2.0,9.8,16.0,Bournemouth,3,2,17,18,1.0,1.0,16.0,14.0,0.8,1.8,14.2,16.0,0.3597122302158274,0.29411764705882354,0.3861003861003861,0.34590033859424474,0.2828243944976471,0.3712752669081082,1.3205254102803814,1.3966501952219716,-0.025374928313863454,0.2828243944976471,0.9316546762589928,1.223021582733813,1.3127413127413128,A,9,2,0
2024_25,2024-08-31,Ipswich,Fulham,1,1,D,1,1,D,11,9,4,4,8,6,15,15,2,3,0,0,3.1,3.5,2.31,1486.7025893910177,1485.5810243513852,1.1215650396325145,Ipswich,1,1,11,9,1.0,4.0,1.0,14.0,1.4,1.4,12.6,12.8,Fulham,1,1,9,11,2.0,1.0,18.0,10.0,1.2,1.6,11.8,12.4,0.3225806451612903,0.2857142857142857,0.4329004329004329,0.3098175965665236,0.2744098712446352,0.4157725321888412,1.203862660944206,1.5217274678111588,-0.10595493562231761,0.2744098712446352,0.7451612903225806,1.129032258064516,1.5151515151515151,D,12,10,1
2024_25,2024-08-31,Brentford,Southampton,3,1,H,1,0,H,20,18,7,6,2,8,10,7,2,1,0,0,1.77,3.97,4.46,1480.1401298296096,1412.8094911806897,67.33063864891983,Brentford,3,1,20,18,0.0,2.0,8.0,19.0,1.2,1.6,9.0,14.6,Southampton,1,3,18,20,0.0,1.0,5.0,23.0,1.0,2.2,9.8,18.2,0.5649717514124294,0.2518891687657431,0.2242152466367713,0.5426805160095993,0.24195075902694982,0.21536872496345086,1.8699923070557478,0.8880569339173024,0.3273117910461485,0.24195075902694982,2.519774011299435,2.2429378531073447,0.8901345291479821,H,3,22,2
2024_25,2024-08-31,Arsenal,Brighton,1,1,D,1,0,H,11,22,7,4,3,7,12,7,3,2,1,0,1.35,5.66,8.11,1660.1384413649284,1520.7653593931607,139.37308197176776,Arsenal,1,1,11,22,2.0,0.0,9.0,11.0,2.0,0.2,17.8,9.2,Brighton,1,1,22,11,2.0,1.0,14.0,11.0,1.4,1.2,13.6,12.4,0.7407407407407407,0.17667844522968199,0.12330456226880396,0.7117553932962332,0.16976497896641604,0.1184796277373508,2.305031158855116,0.5252038621784685,0.5932757655588824,0.16976497896641604,6.007407407407406,4.192592592592592,0.6979038224414305,D,0,4,1
2024_25,2024-08-31,West Ham,Man City,1,3,A,1,2,A,10,23,2,8,3,11,10,3,3,2,0,0,7.57,5.49,1.38,1486.3460789109204,1677.074354501996,-190.72827559107554,West Ham,1,3,10,23,2.0,0.0,18.0,14.0,1.4,2.2,14.4,17.2,Man City,3,1,23,10,4.0,1.0,14.0,1.0,3.0,0.4,15.4,5.0,0.1321003963011889,0.18214936247723132,0.7246376811594204,0.12715563902581475,0.17533118168040396,0.6975131792937812,0.5567980987578482,2.2678707195617474,-0.5703575402679665,0.17533118168040396,0.18229854689564068,0.7252311756935271,3.9782608695652177,A,25,17,0
2024_25,2024-09-01,Chelsea,Crystal Palace,1,1,D,1,0,H,13,9,7,3,4,5,9,13,4,2,0,0,1.63,4.4,5.01,1534.7249987982225,1473.107486079474,61.61751271874846,Chelsea,1,1,13,9,6.0,2.0,14.0,12.0,2.6,1.6,13.0,15.4,Crystal Palace,1,1,9,13,0.0,2.0,14.0,18.0,2.6,1.0,14.8,11.0,0.6134969325153374,0.22727272727272727,0.1996007984031936,0.5896908429925393,0.21845365319950885,0.1918555038079519,1.9875261821771266,0.7940201646233646,0.39783533918458736,0.21845365319950885,3.0736196319018405,2.699386503067485,0.878243512974052,D,6,8,1
2024_25,2024-09-01,Newcastle,Tottenham,2,1,H,1,0,H,9,20,3,6,7,12,16,13,4,4,0,0,2.51,3.97,2.56,1552.7673321008385,1545.2555995302214,7.511732570617141,Newcastle,2,1,9,20,1.0,1.0,14.0,16.0,1.8,1.4,13.6,15.4,Tottenham,1,2,20,9,4.0,0.0,13.0,10.0,2.0,0.8,15.4,7.6,0.39840637450199207,0.2518891687657431,0.390625,0.38274427100005654,0.24198693204285687,0.37526879695708665,1.3902197450430265,1.3677933229141168,0.007475474042969887,0.24198693204285687,1.0199203187250998,1.5816733067729085,1.55078125,H,19,24,2
2024_25,2024-09-01,Man United,Liverpool,0,3,A,0,2,A,8,11,3,3,5,2,7,7,4,1,0,0,3.82,4.2,1.85,1546.2901469709736,1623.59485320622,-77.30470623524639,Man United,0,3,8,11,1.0,2.0,11.0,14.0,1.4,1.0,13.4,14.6,Liverpool,3,0,11,8,2.0,0.0,19.0,8.0,2.6,1.0,22.4,9.8,0.2617801047120419,0.23809523809523808,0.5405405405405405,0.25161102295910104,0.2288462161199443,0.5195427609209545,0.9836792849972473,1.7874744988828077,-0.2679317379618535,0.2288462161199443,0.4842931937172775,1.099476439790576,2.27027027027027,A,18,15,0
2024_25,2024-09-14,Bournemouth,Chelsea,0,1,A,0,0,D,19,10,7,3,6,3,16,9,6,8,0,0,3.33,3.96,2.05,1485.6290530184174,1530.9272834073834,-45.298230388965976,Bournemouth,0,1,19,10,3.0,2.0,17.0,18.0,1.4,1.6,16.2,14.6,Chelsea,1,0,10,19,1.0,1.0,13.0,9.0,2.2,1.4,13.2,13.2,0.3003003003003003,0.25252525252525254,0.48780487804878053,0.28857535911955723,0.24266564289599132,0.46875899798445153,1.108391720254663,1.6489426368493458,-0.1801836388648943,0.24266564289599132,0.6156156156156155,1.1891891891891893,1.931707317073171,A,2,6,0
2024_25,2024-09-14,Southampton,Man United,0,3,A,0,2,A,6,20,4,10,0,7,11,14,1,4,1,0,4.56,4.04,1.74,1406.2563779485465,1536.010873112398,-129.75449516385152,Southampton,0,3,6,20,1.0,3.0,18.0,20.0,1.2,2.4,12.4,20.4,Man United,3,0,20,6,0.0,3.0,8.0,11.0,1.4,1.4,12.2,14.6,0.2192982456140351,0.24752475247524752,0.5747126436781609,0.21055279994249157,0.23765365538063404,0.5517935446768744,0.8693120552081088,1.8930342894112573,-0.3412407447343828,0.23765365538063404,0.3815789473684211,0.8859649122807018,2.32183908045977,A,22,18,0
2024_25,2024-09-14,Brighton,Ipswich,0,0,D,0,0,D,21,6,6,1,9,2,14,16,4,3,0,0,1.38,5.16,7.89,1526.4239588827259,1484.5827218577742,41.841237024951624,Brighton,0,0,21,6,1.0,1.0,22.0,11.0,1.4,1.2,15.0,11.0,Ipswich,0,0,6,21,1.0,1.0,11.0,9.0,1.4,1.4,12.8,12.6,0.7246376811594204,0.19379844961240308,0.1267427122940431,0.6933145326916593,0.18542132851056,0.1212641387977807,2.265364926585538,0.5492137449039021,0.5720503938938786,0.18542132851056,5.717391304347826,3.739130434782609,0.6539923954372624,D,4,12,1
2024_25,2024-09-14,Crystal Palace,Leicester,2,2,D,0,1,A,20,9,4,4,5,2,11,15,0,3,0,0,1.63,4.14,5.38,1476.9052014703132,1437.7885374650941,39.116664005219036,Crystal Palace,2,2,20,9,1.0,1.0,9.0,13.0,2.0,1.2,13.0,12.2,Leicester,2,2,9,20,1.0,2.0,9.0,10.0,1.0,1.2,8.0,16.4,0.6134969325153374,0.24154589371980678,0.1858736059479554,0.5893815425976693,0.23205118706140124,0.17856727034092956,2.000195814854409,0.76775299808419,0.4108142722567397,0.23205118706140124,3.3006134969325154,2.539877300613497,0.7695167286245352,D,8,14,1
2024_25,2024-09-14,Fulham,West Ham,1,1,D,1,0,H,21,11,5,3,3,2,15,18,2,3,0,0,2.42,3.48,2.92,1487.7008918846286,1479.354572644878,8.346319239750528,Fulham,1,1,21,11,1.0,1.0,9.0,11.0,1.4,1.8,10.6,13.2,West Ham,1,1,11,21,1.0,3.0,10.0,23.0,1.6,1.8,13.8,16.8,0.4132231404958678,0.28735632183908044,0.3424657534246575,0.39616992077849167,0.27549747364481314,0.32833260557669514,1.4640072359802883,1.2604952903748985,0.06783731520179653,0.27549747364481314,1.2066115702479339,1.43801652892562,1.1917808219178083,D,10,25,1
2024_25,2024-09-14,Liverpool,Nott'm Forest,0,1,A,0,0,D,14,5,5,3,7,2,15,6,4,4,0,0,1.22,7.03,12.4,1633.8741270647956,1448.284641516699,185.58948554809672,Liverpool,0,1,14,5,3.0,0.0,11.0,8.0,2.4,0.6,19.6,9.2,Nott'm Forest,1,0,5,14,1.0,1.0,16.0,11.0,1.4,1.2,17.0,12.2,0.819672131147541,0.14224751066856328,0.08064516129032258,0.7862073692735889,0.13643997020110646,0.07735266052530472,2.4950620780218733,0.3684979517770206,0.7088547087482842,0.13643997020110646,10.163934426229508,5.762295081967213,0.5669354838709677,A,15,20,0
2024_25,2024-09-14,Man City,Brentford,2,1,H,2,1,H,18,8,7,5,12,3,9,3,3,1,0,0,1.17,8.2,14.79,1684.0658607680382,1486.6932430617528,197.37261770628538,Man City,2,1,18,8,3.0,1.0,23.0,10.0,2.8,0.6,16.8,6.8,Brentford,1,2,8,18,3.0,1.0,20.0,18.0,1.8,1.8,11.6,15.2,0.8547008547008548,0.12195121951219513,0.0676132521974307,0.8184709700539154,0.11678183353208306,0.06474719641400142,2.5721947436938293,0.31102342277408734,0.753723773639914,0.11678183353208306,12.64102564102564,7.0085470085470085,0.5544286680189316,H,17,3,2
2024_25,2024-09-14,Aston Villa,Everton,3,2,H,1,2,A,17,6,8,2,6,2,10,12,1,4,0,0,1.51,4.48,6.34,1565.413440048223,1446.1776439151326,119.23579613309039,Aston Villa,3,2,17,6,2.0,1.0,10.0,9.0,1.4,2.4,12.6,12.2,Everton,2,3,6,17,2.0,3.0,18.0,17.0,0.8,2.4,11.4,15.8,0.6622516556291391,0.2232142857142857,0.15772870662460567,0.6348303808106139,0.21397184710357742,0.15119777208580865,2.118462989535419,0.6675651633610034,0.4836326087248053,0.21397184710357742,4.198675496688741,2.966887417218543,0.7066246056782335,H,1,9,2
2024_25,2024-09-15,Wolves,Newcastle,1,2,A,1,0,H,12,14,5,6,4,7,17,6,3,3,0,0,3.36,3.69,2.11,1450.8716855953223,1560.9629222919384,-110.09123669661608,Wolves,1,2,12,14,1.0,1.0,11.0,16.0,0.8,2.8,9.8,19.4,Newcastle,2,1,14,12,2.0,1.0,9.0,20.0,2.0,1.4,11.8,16.4,0.2976190476190476,0.2710027100271003,0.47393364928909953,0.2854707247588354,0.25994082254463063,0.4545884526965341,1.1163529968211368,1.623706180634233,-0.1691177279376987,0.25994082254463063,0.6279761904761905,1.0982142857142858,1.7488151658767774,A,26,19,0
2024_25,2024-09-15,Tottenham,Arsenal,0,1,A,0,0,D,15,7,5,4,7,6,13,10,5,3,0,0,2.99,3.59,2.33,1537.0600093391215,1654.4798418753633,-117.41983253624176,Tottenham,0,1,15,7,1.0,2.0,20.0,9.0,1.8,1.0,15.2,8.0,Arsenal,1,0,7,15,1.0,1.0,11.0,22.0,1.6,0.4,15.0,12.2,0.33444816053511706,0.2785515320334262,0.4291845493562232,0.3209107824519,0.26727666839308667,0.4118125491550133,1.2300090157487868,1.5027143158581266,-0.09090176670311328,0.26727666839308667,0.7792642140468227,1.20066889632107,1.540772532188841,A,24,0,0
2024_25,2024-09-21,West Ham,Chelsea,0,3,A,0,2,A,15,12,7,5,6,5,17,9,5,2,0,0,3.49,3.89,2.01,1481.6829772969081,1542.17255087906,-60.489573582151934,West Ham,0,3,15,12,1.0,1.0,11.0,21.0,1.2,1.8,11.2,20.2,Chelsea,3,0,12,15,1.0,0.0,10.0,19.0,2.0,1.2,12.6,14.6,0.28653295128939826,0.2570694087403599,0.49751243781094534,0.27521744180725727,0.24691744779108687,0.47786511040165575,1.0725697732128587,1.6805127789960541,-0.20264766859439848,0.24691744779108687,0.5759312320916904,1.1146131805157593,1.9353233830845773,A,25,6,0
2024_25,2024-09-21,Aston Villa,Wolves,3,1,H,0,1,A,9,10,4,4,6,5,11,16,3,6,0,0,1.59,4.39,5.35,1570.7000785229984,1441.5779508989338,129.12212762406466,Aston Villa,3,1,9,10,3.0,2.0,17.0,6.0,1.4,2.2,12.2,10.6,Wolves,1,3,10,9,1.0,2.0,12.0,14.0,0.8,2.6,9.6,19.6,0.6289308176100629,0.22779043280182235,0.1869158878504673,0.6026336113883678,0.21826593214293963,0.17910045646869252,2.0261667663080427,0.7555673015490172,0.42353315491967525,0.21826593214293963,3.364779874213836,2.7610062893081757,0.8205607476635514,H,1,26,2
2024_25,2024-09-21,Fulham,Newcastle,3,1,H,2,0,H,22,15,11,4,6,0,16,8,6,0,0,0,2.86,3.51,2.45,1485.3724872325986,1570.256656988327,-84.88416975572841,Fulham,3,1,22,15,1.0,1.0,21.0,11.0,1.6,1.2,14.6,12.2,Newcastle,1,3,15,22,2.0,1.0,14.0,12.0,2.0,1.0,10.4,15.4,0.3496503496503497,0.2849002849002849,0.4081632653061224,0.3353272165052973,0.2732295838191311,0.39144319967557145,1.279211233335023,1.4475591828458456,-0.056115983170274164,0.2732295838191311,0.8566433566433568,1.2272727272727273,1.4326530612244897,H,10,19,2
2024_25,2024-09-21,Leicester,Everton,1,1,D,0,1,A,12,16,2,5,6,1,11,12,1,2,0,0,2.52,3.44,2.82,1440.9818902698878,1440.8910054403573,0.09088482953052335,Leicester,1,1,12,16,2.0,2.0,9.0,20.0,1.4,1.6,9.6,15.8,Everton,1,1,16,12,2.0,3.0,6.0,17.0,1.0,3.0,9.6,16.6,0.3968253968253968,0.29069767441860467,0.3546099290780142,0.38078191238813,0.2789448893075836,0.3402731983042864,1.4212906264719736,1.2997644842204428,0.0405087140838436,0.2789448893075836,1.119047619047619,1.3650793650793651,1.2198581560283688,D,14,9,1
2024_25,2024-09-21,Liverpool,Bournemouth,3,0,H,3,0,H,19,19,13,6,3,9,10,12,1,4,0,0,1.29,6.31,9.35,1616.7958017739531,1474.3837855467407,142.41201622721246,Liverpool,3,0,19,19,0.0,1.0,14.0,5.0,1.8,0.2,19.6,6.4,Bournemouth,0,3,19,19,0.0,1.0,19.0,10.0,1.2,1.4,17.4,14.4,0.7751937984496123,0.1584786053882726,0.10695187165775401,0.7449314961256264,0.1522918589543674,0.10277664492000621,2.387086347331247,0.46062179371438605,0.6421548512056201,0.1522918589543674,7.2480620155038755,4.891472868217054,0.6748663101604278,H,15,2,2
2024_25,2024-09-21,Southampton,Ipswich,1,1,D,1,0,H,11,13,3,6,2,10,16,16,4,4,0,0,2.25,3.52,3.17,1397.544646771503,1487.850619807816,-90.30597303631293,Southampton,1,1,11,13,0.0,3.0,6.0,20.0,1.0,2.4,12.6,19.2,Ipswich,1,1,13,11,0.0,0.0,6.0,21.0,1.4,1.4,12.8,12.6,0.4444444444444444,0.2840909090909091,0.31545741324921134,0.4257160189081641,0.27211961435891174,0.302164366732924,1.549267671083404,1.178612714557684,0.12355165217524006,0.27211961435891174,1.4088888888888889,1.5644444444444445,1.110410094637224,D,22,12,1
2024_25,2024-09-21,Tottenham,Brentford,3,1,H,2,1,H,23,6,10,6,9,4,11,9,3,1,0,0,1.55,4.72,5.41,1527.9842715961072,1482.9833166348085,45.0009549612987,Tottenham,3,1,23,6,0.0,1.0,15.0,7.0,1.8,0.8,16.2,7.8,Brentford,1,3,6,23,1.0,2.0,8.0,18.0,1.6,2.0,11.0,16.2,0.6451612903225806,0.21186440677966104,0.18484288354898337,0.6192348078289486,0.20335041358789627,0.17741477858315532,2.061054837074742,0.7355947493373622,0.4418200292457932,0.20335041358789627,3.490322580645161,3.0451612903225804,0.8724584103512014,H,24,3,2
2024_25,2024-09-21,Crystal Palace,Man United,0,0,D,0,0,D,9,15,4,6,4,11,7,12,3,1,0,0,2.85,3.72,2.36,1473.7118486655195,1544.7226042894415,-71.01075562392202,Crystal Palace,0,0,9,15,2.0,2.0,20.0,9.0,1.8,1.4,14.4,11.4,Man United,0,0,15,9,3.0,0.0,20.0,6.0,1.4,1.0,12.8,11.6,0.3508771929824561,0.26881720430107525,0.42372881355932207,0.33627505056076484,0.2576300790586505,0.4060948703805847,1.2664552307409451,1.4759146902004048,-0.06981981981981988,0.2576300790586505,0.8280701754385964,1.305263157894737,1.5762711864406782,D,8,18,1
2024_25,2024-09-22,Brighton,Nott'm Forest,2,2,D,2,1,H,14,4,3,3,9,1,12,11,3,4,0,1,1.86,3.83,4.21,1523.156060932684,1465.3629668075414,57.793094125142716,Brighton,2,2,14,4,0.0,0.0,21.0,6.0,1.2,0.8,16.8,9.6,Nott'm Forest,2,2,4,14,1.0,0.0,5.0,14.0,1.2,0.6,14.0,12.6,0.5376344086021505,0.2610966057441253,0.23752969121140144,0.5188215723308891,0.2519603458317111,0.22921808183739995,1.8084250628243783,0.939614591343911,0.28960349049348916,0.2519603458317111,2.2634408602150535,2.0591397849462365,0.9097387173396675,D,4,20,1
2024_25,2024-09-22,Man City,Arsenal,2,2,D,1,2,A,33,5,11,3,8,2,7,10,3,4,0,1,1.83,3.62,4.52,1687.7757871949825,1663.5555796183776,24.220207576604935,Man City,2,2,33,5,2.0,1.0,18.0,8.0,2.8,0.8,18.8,6.4,Arsenal,2,2,5,33,1.0,0.0,7.0,15.0,1.6,0.4,14.2,12.4,0.5464480874316939,0.27624309392265195,0.22123893805309736,0.5234527458043546,0.26461837702264346,0.21192887717300204,1.8349766144357074,0.9004050085416496,0.3115238686313526,0.26461837702264346,2.4699453551912565,1.9781420765027322,0.8008849557522125,D,17,0,1
2024_25,2024-09-28,Nott'm Forest,Fulham,0,1,A,0,0,D,11,14,1,2,6,5,11,15,2,4,0,0,2.4,3.34,3.07,1469.0598251551091,1496.322033137754,-27.262207982644895,Nott'm Forest,0,1,11,14,2.0,2.0,4.0,14.0,1.2,0.8,12.4,11.4,Fulham,1,0,14,11,3.0,1.0,22.0,15.0,1.4,1.0,16.0,12.2,0.4166666666666667,0.29940119760479045,0.32573289902280134,0.39994851352300126,0.28738815342970153,0.31266333304729743,1.4872336939987054,1.2253781525715939,0.08728518047570383,0.28738815342970153,1.2791666666666666,1.3916666666666666,1.0879478827361564,A,20,10,0
2024_25,2024-09-28,Chelsea,Brighton,4,2,H,4,2,H,15,15,7,5,8,2,11,8,3,2,0,0,1.74,4.23,4.35,1552.9598977937155,1519.4592025851164,33.500695208599154,Chelsea,4,2,15,15,3.0,0.0,12.0,15.0,2.2,1.0,11.8,13.2,Brighton,2,4,15,15,2.0,2.0,14.0,4.0,1.6,0.8,16.2,8.2,0.5747126436781609,0.23640661938534277,0.2298850574712644,0.5520751761942051,0.22709475332811274,0.22083007047768208,1.883320281910728,0.8895849647611589,0.331245105716523,0.22709475332811274,2.5,2.431034482758621,0.9724137931034484,H,6,4,2
2024_25,2024-09-28,Everton,Crystal Palace,2,1,H,0,1,A,8,17,2,5,5,8,13,11,2,1,0,0,2.73,3.39,2.63,1442.9809761581296,1473.7423950590182,-30.761418900888657,Everton,2,1,8,17,1.0,1.0,16.0,12.0,1.0,2.8,11.8,13.8,Crystal Palace,1,2,17,8,0.0,0.0,9.0,15.0,0.8,1.4,13.2,12.8,0.3663003663003663,0.2949852507374631,0.3802281368821293,0.3516999798818949,0.28322741742701274,0.3650726026910925,1.3383273570726972,1.3784452255002901,-0.013372622809197598,0.28322741742701274,0.9633699633699634,1.2417582417582418,1.2889733840304183,H,9,8,2
2024_25,2024-09-28,Wolves,Liverpool,1,2,A,0,1,A,8,10,3,6,2,10,16,8,2,3,0,0,8.05,5.55,1.35,1436.5132402864376,1621.5723419675417,-185.05910168110404,Wolves,1,2,8,10,1.0,3.0,10.0,9.0,1.0,2.8,10.8,14.2,Liverpool,2,1,10,8,3.0,0.0,19.0,19.0,2.0,0.2,16.2,9.4,0.12422360248447203,0.1801801801801802,0.7407407407407407,0.1188578227245687,0.1723973825104105,0.7087447947650208,0.5289708506841166,2.298631766805473,-0.5898869720404522,0.1723973825104105,0.16770186335403725,0.6894409937888198,4.111111111111111,A,26,15,0
2024_25,2024-09-28,Brentford,West Ham,1,1,D,1,0,H,8,19,3,3,7,7,2,11,2,3,0,0,2.23,3.62,3.16,1475.8372104276038,1470.8956303822526,4.941580045351202,Brentford,1,1,8,19,1.0,3.0,6.0,23.0,1.4,1.8,10.2,18.4,West Ham,1,1,19,8,0.0,3.0,15.0,12.0,1.0,1.8,13.6,17.0,0.4484304932735426,0.27624309392265195,0.3164556962025316,0.43071547446025016,0.26533025084153533,0.30395427469821445,1.5574766742222859,1.1771930749361788,0.1267611997620357,0.26533025084153533,1.4170403587443947,1.6233183856502242,1.1455696202531644,D,3,25,1
2024_25,2024-09-28,Arsenal,Leicester,4,2,H,2,0,H,36,5,16,3,17,0,11,6,2,4,0,0,1.18,7.82,15.12,1666.3352395049596,1438.8919195521155,227.44331995284415,Arsenal,4,2,36,5,2.0,2.0,5.0,33.0,1.6,0.6,10.0,18.0,Leicester,2,4,5,36,1.0,1.0,12.0,16.0,1.2,1.6,9.4,15.8,0.8474576271186441,0.1278772378516624,0.06613756613756615,0.8137110515898687,0.12278504359028708,0.06350390481984425,2.563918198359893,0.3132967580498198,0.7502071467700244,0.12278504359028708,12.813559322033898,6.627118644067798,0.5171957671957672,H,0,14,2
2024_25,2024-09-28,Newcastle,Man City,1,1,D,0,1,A,11,16,4,6,5,6,14,10,4,4,0,0,5.09,4.47,1.61,1559.3071110831715,1684.9961273084004,-125.6890162252289,Newcastle,1,1,11,16,1.0,3.0,15.0,22.0,1.4,1.2,11.0,17.8,Man City,1,1,16,11,2.0,2.0,33.0,5.0,2.6,1.0,19.8,6.8,0.19646365422396858,0.2237136465324385,0.6211180124223602,0.18867236963184156,0.21484169159419989,0.5964859387739586,0.7808588004897246,2.004299507916076,-0.4078135691421171,0.21484169159419989,0.3163064833005894,0.8781925343811394,2.77639751552795,D,19,17,1
2024_25,2024-09-29,Ipswich,Aston Villa,2,2,D,1,2,A,15,7,5,3,10,0,10,14,4,1,0,0,4.15,3.77,1.87,1487.2376420665491,1575.7647891354945,-88.5271470689454,Ipswich,2,2,15,7,1.0,1.0,13.0,11.0,0.6,1.6,7.6,14.6,Aston Villa,2,2,7,15,3.0,1.0,9.0,10.0,2.0,1.4,12.4,9.6,0.24096385542168672,0.26525198938992045,0.53475935828877,0.23147895810007255,0.2548110546724937,0.5137099872274337,0.9492479289727114,1.7959410163547949,-0.2822310291273611,0.2548110546724937,0.4506024096385542,0.908433734939759,2.016042780748663,D,12,1,1
2024_25,2024-09-29,Man United,Tottenham,0,3,A,0,1,A,11,24,2,10,5,3,16,14,5,3,1,0,2.36,3.89,2.77,1544.6920578959428,1535.1303778033118,9.561680092630922,Man United,0,3,11,24,0.0,0.0,15.0,9.0,1.0,1.0,13.6,10.0,Tottenham,3,0,24,11,3.0,1.0,23.0,6.0,1.8,1.0,17.2,7.8,0.42372881355932207,0.2570694087403599,0.36101083032490977,0.40672406569307246,0.24675290360813648,0.346523030698791,1.4669251006873538,1.2863219957045093,0.06020103499428148,0.24675290360813648,1.173728813559322,1.6483050847457628,1.404332129963899,A,18,24,0
2024_25,2024-09-30,Bournemouth,Southampton,3,1,H,3,0,H,14,9,6,3,7,4,19,12,2,5,0,0,1.65,4.29,4.91,1469.6072453531522,1398.1576245127699,71.4496208403823,Bournemouth,3,1,14,9,0.0,3.0,19.0,19.0,1.0,1.6,16.8,15.0,Southampton,1,3,9,14,1.0,1.0,11.0,13.0,0.4,1.8,11.8,15.8,0.6060606060606061,0.2331002331002331,0.20366598778004072,0.581170900482564,0.22352726941637077,0.19530183010106528,1.967039970864063,0.8094327597195666,0.38586907038149876,0.22352726941637077,2.975757575757576,2.6,0.8737270875763747,H,2,22,2
2024_25,2024-10-05,West Ham,Ipswich,4,1,H,2,1,H,23,9,13,2,5,5,12,6,0,1,0,0,1.8,3.96,4.25,1473.1259888686645,1487.797028809115,-14.671039940450555,West Ham,4,1,23,9,1.0,1.0,19.0,8.0,1.0,1.6,14.6,15.6,Ipswich,1,4,9,23,2.0,2.0,15.0,7.0,1.0,1.6,9.2,12.4,0.5555555555555556,0.25252525252525254,0.23529411764705882,0.5324601366742596,0.2420273348519362,0.22551252847380407,1.839407744874715,0.9185649202733484,0.3069476082004555,0.2420273348519362,2.361111111111111,2.1999999999999997,0.9317647058823529,H,25,12,2
2024_25,2024-10-05,Everton,Newcastle,0,0,D,0,0,D,8,14,2,3,0,10,12,8,1,2,0,0,3.15,3.62,2.23,1452.300146354115,1560.9758463646303,-108.67570001051536,Everton,0,0,8,14,2.0,1.0,8.0,17.0,1.4,2.4,11.6,15.2,Newcastle,0,0,14,8,1.0,1.0,11.0,16.0,1.4,1.4,12.6,17.2,0.31746031746031744,0.27624309392265195,0.4484304932735426,0.3046252655650356,0.265074471417089,0.43030026301787544,1.1789502681121957,1.5559752604707153,-0.12567499745283983,0.265074471417089,0.707936507936508,1.1492063492063493,1.6233183856502242,D,9,19,1
2024_25,2024-10-05,Man City,Fulham,3,2,H,1,1,D,20,11,7,4,8,3,4,10,2,1,0,0,1.24,6.85,11.11,1683.3273920269417,1508.1071549841126,175.220237042829,Man City,3,2,20,11,1.0,1.0,16.0,11.0,2.4,1.2,20.8,7.0,Fulham,2,3,11,20,1.0,0.0,14.0,11.0,1.6,0.8,16.8,11.6,0.8064516129032259,0.14598540145985403,0.09000900090009001,0.7736147494406546,0.14004121011772433,0.08634404044162121,2.4608854584396878,0.39907333144258794,0.6872707089990333,0.14004121011772433,8.959677419354838,5.524193548387096,0.6165616561656165,H,17,10,2
2024_25,2024-10-05,Leicester,Bournemouth,1,0,H,1,0,H,6,17,2,2,0,9,12,14,4,1,0,0,3.24,3.66,2.17,1435.6815274645917,1476.053945036658,-40.3724175720663,Leicester,1,0,6,17,2.0,4.0,5.0,36.0,1.4,2.2,9.0,20.0,Bournemouth,0,1,17,6,3.0,1.0,14.0,9.0,1.4,1.6,17.0,14.0,0.30864197530864196,0.27322404371584696,0.4608294930875576,0.2960039356872918,0.26203627093629106,0.4419597933764172,1.1500480779981663,1.5879156510655428,-0.14595585768912545,0.26203627093629106,0.6697530864197531,1.1296296296296295,1.6866359447004609,H,14,2,2
2024_25,2024-10-05,Brentford,Wolves,5,3,H,4,2,H,19,17,12,6,10,3,9,10,2,3,0,0,2.09,3.64,3.47,1473.606851941192,1429.3687119801311,44.238139961060824,Brentford,5,3,19,17,1.0,1.0,8.0,19.0,1.2,1.8,10.0,19.4,Wolves,3,5,17,19,1.0,2.0,8.0,10.0,1.2,2.8,10.6,12.6,0.47846889952153115,0.2747252747252747,0.2881844380403458,0.45945719825250003,0.2638092154801442,0.2767335862673559,1.6421808102376443,1.0940099742822118,0.18272361198514414,0.2638092154801442,1.660287081339713,1.7416267942583734,1.0489913544668588,H,3,26,2
2024_25,2024-10-05,Arsenal,Southampton,3,1,H,0,0,D,29,8,6,2,13,1,10,9,0,3,0,0,1.14,9.2,18.63,1669.5456315924835,1391.710924829264,277.8347067632194,Arsenal,3,1,29,8,4.0,2.0,36.0,5.0,2.0,1.0,13.6,17.2,Southampton,1,3,8,29,1.0,3.0,9.0,14.0,0.6,2.2,9.8,18.0,0.8771929824561404,0.10869565217391305,0.05367686527106817,0.8438073238671105,0.10455873360962022,0.05163394252326924,2.635980705210952,0.25946056117942795,0.7921733813438413,0.10455873360962022,16.342105263157894,8.070175438596491,0.49382716049382713,H,0,22,2
2024_25,2024-10-05,Crystal Palace,Liverpool,0,1,A,0,1,A,9,16,5,4,3,8,7,15,4,2,0,0,6.36,4.65,1.49,1464.4232248630328,1628.7168702738481,-164.29364541081532,Crystal Palace,0,1,9,16,1.0,2.0,17.0,8.0,0.8,1.4,13.8,12.6,Liverpool,1,0,16,9,2.0,1.0,10.0,8.0,2.0,0.4,14.6,9.6,0.15723270440251572,0.2150537634408602,0.6711409395973155,0.15068868546224465,0.20610323430965072,0.6432080802281047,0.6581692906963846,2.135727474993965,-0.49251939476586004,0.20610323430965072,0.2342767295597484,0.7311320754716981,3.120805369127517,A,8,15,0
2024_25,2024-10-06,Aston Villa,Man United,0,0,D,0,0,D,11,10,1,4,6,3,12,11,1,5,0,0,2.21,3.82,3.06,1575.2054023929286,1531.8287566835054,43.3766457094232,Aston Villa,0,0,11,10,2.0,2.0,7.0,15.0,2.0,1.6,10.8,9.8,Man United,0,0,10,11,0.0,3.0,11.0,24.0,0.8,1.6,13.0,12.8,0.45248868778280543,0.2617801047120419,0.32679738562091504,0.43463969658659923,0.2514538558786346,0.3139064475347661,1.5553729456384322,1.1931731984829328,0.12073324905183314,0.2514538558786346,1.3846153846153846,1.7285067873303166,1.2483660130718954,D,1,18,1
2024_25,2024-10-06,Chelsea,Nott'm Forest,1,1,D,0,0,D,22,16,8,9,11,3,12,11,6,2,0,1,1.48,4.73,6.32,1560.4213165822644,1457.2747033087505,103.14661327351382,Chelsea,1,1,22,16,4.0,2.0,15.0,15.0,3.0,1.0,12.8,14.0,Nott'm Forest,1,1,16,22,0.0,1.0,11.0,14.0,1.0,0.8,11.8,11.6,0.6756756756756757,0.2114164904862579,0.1582278481012658,0.6463816500748147,0.20225049516082996,0.15136785476435535,2.141395445385274,0.656354059453896,0.4950137953104594,0.20225049516082996,4.27027027027027,3.195945945945946,0.7484177215189873,D,6,20,1
2024_25,2024-10-06,Brighton,Tottenham,3,2,H,0,2,A,11,13,4,3,4,7,14,10,2,2,0,0,2.9,4.01,2.23,1511.9977837965675,1547.9936790157492,-35.99589521918165,Brighton,3,2,11,13,2.0,4.0,15.0,15.0,1.4,1.6,17.2,9.4,Tottenham,2,3,13,11,3.0,0.0,24.0,11.0,2.2,0.8,19.0,8.6,0.3448275862068966,0.24937655860349128,0.4484304932735426,0.33072715370419,0.23917923833968852,0.4300936079561215,1.2313606994522583,1.529460062208053,-0.09936645425193152,0.23917923833968852,0.7689655172413793,1.3827586206896552,1.7982062780269057,H,4,24,2
2024_25,2024-10-19,Southampton,Leicester,2,3,A,2,0,H,14,18,7,4,10,6,10,10,5,3,1,0,2.33,3.54,3.03,1389.212724773025,1445.2883036511514,-56.07557887812641,Southampton,2,3,14,18,1.0,3.0,8.0,29.0,0.8,2.6,10.4,19.2,Leicester,3,2,18,14,1.0,0.0,6.0,17.0,1.4,1.8,8.2,19.8,0.4291845493562232,0.2824858757062147,0.33003300330033003,0.4120026273032115,0.2711768705131307,0.3168205021836577,1.5071847524227653,1.221638377064104,0.09518212511955382,0.2711768705131307,1.300429184549356,1.51931330472103,1.1683168316831685,A,22,14,0
2024_25,2024-10-19,Newcastle,Brighton,0,1,A,0,1,A,21,10,6,5,9,4,11,9,2,2,0,0,2.01,3.88,3.51,1559.8118155344596,1521.4733998717613,38.33841566269825,Newcastle,0,1,21,10,0.0,0.0,14.0,8.0,1.2,1.2,12.6,15.6,Brighton,1,0,10,21,3.0,2.0,11.0,13.0,1.6,1.8,16.6,9.8,0.49751243781094534,0.2577319587628866,0.2849002849002849,0.47831080297969636,0.2477847201003066,0.27390447691999703,1.6827171290393959,1.0694981508602979,0.20440632605969933,0.2477847201003066,1.746268656716418,1.9303482587064678,1.1054131054131056,A,19,4,0
2024_25,2024-10-19,Bournemouth,Arsenal,2,0,H,0,0,D,13,6,4,1,7,4,12,11,1,1,0,1,4.94,4.09,1.68,1466.4471688500983,1672.0438316487225,-205.59666279862427,Bournemouth,2,0,13,6,0.0,1.0,17.0,6.0,1.2,1.6,17.2,12.4,Arsenal,0,2,6,13,3.0,1.0,29.0,8.0,2.2,1.2,17.6,16.6,0.20242914979757085,0.24449877750611249,0.5952380952380952,0.19423886925795053,0.23460636042402827,0.5711547703180212,0.8173229681978799,1.9480706713780918,-0.37691590106007067,0.23460636042402827,0.34008097165991896,0.8279352226720647,2.4345238095238093,H,2,0,2
2024_25,2024-10-19,Ipswich,Everton,0,2,A,0,2,A,13,11,2,8,5,8,12,10,1,1,0,0,2.4,3.42,3.01,1478.9551557762284,1453.4641771842857,25.49097859194262,Ipswich,0,2,13,11,1.0,4.0,9.0,23.0,1.0,1.6,10.8,14.2,Everton,2,0,11,13,0.0,0.0,8.0,14.0,1.4,1.6,11.2,15.4,0.4166666666666667,0.29239766081871343,0.33222591362126247,0.40014459966882016,0.2808032278377685,0.31905217249341145,1.481237026844229,1.237959745318003,0.08109242717540871,0.2808032278377685,1.2541666666666667,1.425,1.1362126245847177,A,12,9,0
2024_25,2024-10-19,Fulham,Aston Villa,1,3,A,1,1,D,10,14,4,5,6,11,8,11,3,3,1,1,2.44,3.5,2.89,1503.9915406513999,1571.8956546957806,-67.90411404438078,Fulham,1,3,10,14,2.0,3.0,11.0,20.0,1.6,1.2,15.4,13.6,Aston Villa,3,1,14,10,0.0,0.0,11.0,10.0,2.0,1.2,10.8,10.0,0.4098360655737705,0.2857142857142857,0.3460207612456747,0.3934787175277944,0.2743108773622338,0.3322104051099717,1.4547470299456169,1.2709420926921489,0.06126831241782271,0.2743108773622338,1.1844262295081969,1.4344262295081966,1.2110726643598615,A,10,1,0
2024_25,2024-10-19,Man United,Brentford,2,1,H,0,1,A,23,8,11,2,9,2,14,5,2,2,0,0,1.71,4.28,4.48,1535.1385043806533,1480.7736739111024,54.36483046955095,Man United,2,1,23,8,0.0,0.0,10.0,11.0,0.6,1.2,12.8,12.2,Brentford,1,2,8,23,5.0,3.0,19.0,17.0,2.2,2.0,12.2,19.0,0.5847953216374269,0.2336448598130841,0.2232142857142857,0.5614100837383615,0.22430169233471922,0.21428822392691924,1.9085319435498038,0.8671663641154769,0.3471218598114423,0.22430169233471922,2.619883040935673,2.502923976608187,0.9553571428571428,H,18,3,2
2024_25,2024-10-19,Tottenham,West Ham,4,1,H,1,1,D,22,11,7,4,13,5,10,15,1,3,0,1,1.5,4.91,5.73,1538.5180629405554,1481.9678619015513,56.55020103900415,Tottenham,4,1,22,11,2.0,3.0,13.0,11.0,1.8,1.4,19.0,8.8,West Ham,1,4,11,22,4.0,1.0,23.0,9.0,1.4,1.8,15.6,14.6,0.6666666666666666,0.20366598778004072,0.17452006980802792,0.6380484552425143,0.19492315333274365,0.16702839142474196,2.1090685190602865,0.6960083276069696,0.47102006381777234,0.19492315333274365,3.8200000000000003,3.2733333333333334,0.856893542757417,H,24,25,2
2024_25,2024-10-20,Wolves,Man City,1,2,A,1,1,D,3,22,2,7,1,18,8,5,4,1,0,0,8.88,5.85,1.31,1422.2018900102207,1687.4430063596544,-265.2411163494337,Wolves,1,2,3,22,3.0,5.0,17.0,19.0,1.4,2.6,11.6,13.6,Man City,2,1,22,3,3.0,2.0,20.0,11.0,2.2,1.4,22.0,9.0,0.1126126126126126,0.17094017094017094,0.7633587786259541,0.10756650005684665,0.16328043085552107,0.7291530690876322,0.485979931026061,2.3507396381184176,-0.6215865690307856,0.16328043085552107,0.14752252252252251,0.6587837837837837,4.465648854961832,A,26,17,0
2024_25,2024-10-20,Liverpool,Chelsea,2,1,H,1,0,H,9,12,5,2,1,6,12,13,4,3,0,0,1.63,4.39,4.89,1636.4351466455582,1555.582672291253,80.85247435430529,Liverpool,2,1,9,12,1.0,0.0,16.0,9.0,1.8,0.4,14.0,9.8,Chelsea,1,2,12,9,1.0,1.0,22.0,16.0,2.0,0.8,14.4,14.8,0.6134969325153374,0.22779043280182235,0.20449897750511248,0.5866369710467706,0.21781737193763923,0.1955456570155902,1.9777282850779512,0.8044543429844098,0.39109131403118036,0.21781737193763923,3.0,2.6932515337423313,0.8977505112474438,H,15,6,2
2024_25,2024-10-21,Nott'm Forest,Crystal Palace,1,0,H,0,0,D,20,20,6,7,6,6,9,12,2,3,0,0,2.36,3.31,3.11,1462.113347599762,1456.7049484913227,5.408399108439198,Nott'm Forest,1,0,20,20,1.0,1.0,16.0,22.0,1.0,1.0,10.4,15.0,Crystal Palace,0,1,20,20,0.0,1.0,9.0,16.0,0.8,1.2,12.8,12.2,0.42372881355932207,0.3021148036253776,0.3215434083601286,0.40455801267817637,0.28844619635060303,0.3069957909712206,1.502120234385132,1.2094335692642648,0.09756222170695578,0.28844619635060303,1.3177966101694916,1.402542372881356,1.0643086816720257,H,20,8,2
2024_25,2024-10-25,Leicester,Nott'm Forest,1,3,A,1,1,D,11,20,1,5,6,7,16,9,5,2,0,0,3.09,3.32,2.41,1456.2088943969354,1470.369521578458,-14.160627181522614,Leicester,1,3,11,20,3.0,2.0,18.0,14.0,1.8,1.8,10.0,20.6,Nott'm Forest,3,1,20,11,1.0,0.0,20.0,20.0,1.0,0.8,11.2,16.8,0.3236245954692557,0.30120481927710846,0.41493775933609955,0.311247174883008,0.2896848705989442,0.39906795451804755,1.2234263952479683,1.4868887341530868,-0.08782077963503954,0.2896848705989442,0.7799352750809062,1.0744336569579287,1.3775933609958504,A,14,20,0
2024_25,2024-10-26,Brentford,Ipswich,4,3,H,2,2,D,20,11,9,5,5,5,7,10,0,1,0,1,1.67,4.27,4.86,1473.8794550630716,1465.6398175328645,8.23963753020712,Brentford,4,3,20,11,1.0,2.0,8.0,23.0,1.8,2.2,9.8,20.0,Ipswich,3,4,11,20,0.0,2.0,13.0,11.0,0.8,1.8,11.2,14.6,0.5988023952095809,0.234192037470726,0.20576131687242796,0.5764612089679522,0.22545438383524125,0.1980844071968066,1.9548380107390977,0.8197076054256609,0.3783768017711456,0.22545438383524125,2.9101796407185634,2.55688622754491,0.8786008230452673,H,3,12,2
2024_25,2024-10-26,Brighton,Wolves,2,2,D,1,0,H,19,14,6,7,9,6,12,10,3,3,0,0,1.64,4.32,4.94,1535.1453938309585,1417.0508226539287,118.09457117702982,Brighton,2,2,19,14,1.0,0.0,10.0,21.0,1.6,1.6,14.2,11.8,Wolves,2,2,14,19,1.0,2.0,3.0,22.0,1.4,2.8,10.0,14.8,0.6097560975609756,0.23148148148148145,0.20242914979757085,0.5842440701723647,0.22179635997284214,0.19395956985479315,1.974528570489936,0.8036750695372217,0.39028450031757156,0.22179635997284214,3.01219512195122,2.6341463414634148,0.8744939271255061,D,4,26,1
2024_25,2024-10-26,Man City,Southampton,1,0,H,1,0,H,22,5,8,2,12,1,9,9,1,3,0,0,1.11,10.94,21.04,1692.5940737159465,1378.292134027241,314.3019396887055,Man City,1,0,22,5,2.0,1.0,22.0,3.0,2.0,1.4,21.8,7.6,Southampton,0,1,5,22,2.0,3.0,14.0,18.0,1.0,2.6,9.6,18.8,0.9009009009009008,0.09140767824497258,0.047528517110266164,0.8663865754977692,0.08790576771503875,0.04570765678719221,2.6870654942083463,0.22502873807661536,0.820678918710577,0.08790576771503875,18.954954954954953,9.855855855855854,0.5199619771863118,H,17,22,2
2024_25,2024-10-26,Everton,Fulham,1,1,D,0,0,D,10,14,5,3,4,2,8,8,1,0,0,0,2.76,3.37,2.6,1466.7795154276496,1493.4282007503953,-26.648685322745678,Everton,1,1,10,14,2.0,0.0,11.0,13.0,1.4,1.0,9.8,14.6,Fulham,1,1,14,10,1.0,3.0,10.0,14.0,1.6,1.6,15.6,14.2,0.3623188405797102,0.29673590504451036,0.3846153846153846,0.34715838853846404,0.28431962978224345,0.36852198167929245,1.3257947953976357,1.3898855748201209,-0.02136359314082842,0.28431962978224345,0.9420289855072465,1.2210144927536233,1.2961538461538462,D,9,10,1
2024_25,2024-10-26,Aston Villa,Bournemouth,1,1,D,0,0,D,18,11,8,3,9,7,12,14,7,6,0,0,1.86,3.97,3.97,1582.4589945967853,1480.8489725689717,101.61002202781356,Aston Villa,1,1,18,11,3.0,1.0,14.0,10.0,2.2,1.2,11.6,10.2,Bournemouth,1,1,11,18,2.0,0.0,13.0,6.0,1.0,1.2,16.4,10.0,0.5376344086021505,0.2518891687657431,0.2518891687657431,0.5162548764629389,0.24187256176853056,0.24187256176853056,1.790637191157347,0.9674902470741222,0.2743823146944083,0.24187256176853056,2.1344086021505375,2.1344086021505375,1.0,D,1,2,1
2024_25,2024-10-27,Arsenal,Liverpool,2,2,D,2,1,H,9,9,3,4,1,3,14,14,2,2,0,0,2.49,3.37,2.89,1657.642027929849,1642.642582851568,14.999445078281042,Arsenal,2,2,9,9,0.0,2.0,6.0,13.0,2.0,1.4,16.6,14.8,Liverpool,2,2,9,9,2.0,1.0,9.0,12.0,1.6,0.6,13.6,10.6,0.4016064257028112,0.29673590504451036,0.3460207612456747,0.3845467431603801,0.2841309764003996,0.3313222804392203,1.43777120588154,1.2780978177180604,0.053224462721159826,0.2841309764003996,1.1606425702811245,1.3534136546184738,1.1660899653979238,D,0,15,1
2024_25,2024-10-27,West Ham,Man United,2,1,H,0,0,D,12,18,3,5,6,5,6,7,5,1,0,0,2.89,3.71,2.33,1475.1317731314132,1542.032723228684,-66.90095009727088,West Ham,2,1,12,18,1.0,4.0,11.0,22.0,1.4,2.0,15.8,14.4,Man United,1,2,18,12,2.0,1.0,23.0,8.0,1.0,0.8,15.8,11.6,0.3460207612456747,0.2695417789757412,0.4291845493562232,0.3312005026839183,0.25799715707723014,0.4108023402388515,1.2515986651289852,1.4904041777937846,-0.07960183755493316,0.25799715707723014,0.8062283737024222,1.2837370242214532,1.592274678111588,H,25,18,2
2024_25,2024-10-27,Chelsea,Newcastle,2,1,H,1,1,D,17,11,7,3,7,4,13,16,6,3,0,0,1.76,4.26,4.15,1549.3752360852432,1546.1398215752624,3.2354145099807283,Chelsea,2,1,17,11,1.0,2.0,12.0,9.0,2.0,1.0,14.2,14.8,Newcastle,1,2,11,17,0.0,1.0,21.0,10.0,0.8,1.2,15.0,13.6,0.5681818181818182,0.2347417840375587,0.24096385542168672,0.5442941324975525,0.22487269323842543,0.23083317426402222,1.8577550907310831,0.9173722160304921,0.3134609582335303,0.22487269323842543,2.357954545454546,2.4204545454545454,1.0265060240963855,H,6,19,2
2024_25,2024-10-27,Crystal Palace,Tottenham,1,0,H,1,0,H,14,11,6,3,8,8,16,12,4,4,0,0,3.97,3.97,1.85,1448.4487745126266,1545.3541517106935,-96.90537719806684,Crystal Palace,1,0,14,11,0.0,1.0,20.0,20.0,0.6,1.2,15.0,13.6,Tottenham,0,1,11,14,4.0,1.0,22.0,11.0,2.4,1.2,19.4,9.2,0.2518891687657431,0.2518891687657431,0.5405405405405405,0.24119947848761408,0.24119947848761408,0.5176010430247717,0.9647979139504563,1.7940026075619293,-0.27640156453715764,0.24119947848761408,0.4659949622166247,1.0,2.145945945945946,H,8,24,2
2024_25,2024-11-02,Newcastle,Arsenal,1,0,H,1,0,H,9,10,4,1,4,6,16,18,4,4,0,0,3.77,3.69,1.98,1537.8208928050656,1655.1232751954092,-117.30238239034361,Newcastle,1,0,9,10,1.0,2.0,11.0,17.0,0.6,1.4,14.4,14.6,Arsenal,0,1,10,9,2.0,2.0,9.0,9.0,2.2,1.8,17.0,13.6,0.26525198938992045,0.2710027100271003,0.5050505050505051,0.25473030217452697,0.26025291035175246,0.48501678747372046,1.0244438168753334,1.715303272772914,-0.2302864852991935,0.26025291035175246,0.5251989389920424,0.9787798408488063,1.8636363636363635,H,19,0,2
2024_25,2024-11-02,Bournemouth,Man City,2,1,H,1,0,H,12,18,6,4,3,10,11,6,2,1,0,0,5.32,4.44,1.59,1485.6509658992475,1694.6659022594663,-209.01493636021883,Bournemouth,2,1,12,18,1.0,1.0,11.0,18.0,1.2,1.2,14.8,11.6,Man City,1,2,18,12,1.0,0.0,22.0,5.0,1.8,1.2,22.6,7.0,0.18796992481203006,0.2252252252252252,0.6289308176100629,0.18037159676232523,0.21612092224675003,0.6035074809909247,0.7572357125337258,2.026643365219524,-0.42313588422859943,0.21612092224675003,0.29887218045112784,0.8345864661654135,2.7924528301886795,H,2,17,2
2024_25,2024-11-02,Ipswich,Leicester,1,1,D,0,0,D,14,20,2,6,4,6,11,10,4,2,1,0,2.27,3.61,3.09,1457.4651564441142,1444.035730200629,13.429426243485295,Ipswich,1,1,14,20,3.0,4.0,11.0,20.0,1.4,2.6,12.2,14.4,Leicester,1,1,20,14,1.0,3.0,11.0,20.0,1.6,2.0,10.4,20.6,0.44052863436123346,0.2770083102493075,0.3236245954692557,0.42311266542506987,0.2660569946024678,0.31083033997246234,1.5353949908776774,1.1985480145198548,0.11228232545260752,0.2660569946024678,1.3612334801762114,1.5903083700440528,1.168284789644013,D,12,14,1
2024_25,2024-11-02,Liverpool,Brighton,2,1,H,0,1,A,16,13,8,5,10,7,10,18,1,1,0,0,1.39,5.4,7.12,1645.161335586008,1529.9580616770863,115.20327390892157,Liverpool,2,1,16,13,2.0,2.0,9.0,9.0,2.0,0.8,12.6,11.4,Brighton,1,2,13,16,2.0,2.0,19.0,14.0,2.0,2.0,13.8,13.4,0.7194244604316548,0.18518518518518517,0.1404494382022472,0.6884055376109205,0.17720068468132952,0.13439377770774993,2.242417297514091,0.5803820178045793,0.5540117599031705,0.17720068468132952,5.122302158273381,3.884892086330936,0.7584269662921349,H,15,4,2
2024_25,2024-11-02,Nott'm Forest,West Ham,3,0,H,1,0,H,19,4,6,2,11,6,7,9,1,2,0,1,2.15,3.52,3.43,1482.5426857747645,1485.538117897542,-2.9954321227774017,Nott'm Forest,3,0,19,4,3.0,1.0,20.0,11.0,1.4,1.0,14.2,16.2,West Ham,0,3,4,19,2.0,1.0,12.0,18.0,1.6,2.0,16.0,13.8,0.46511627906976744,0.2840909090909091,0.29154518950437314,0.44690388323999386,0.2729668605017008,0.28012925625830515,1.6136785102216824,1.1133546292766163,0.1667746269816887,0.2729668605017008,1.5953488372093025,1.6372093023255814,1.0262390670553936,H,20,25,2
2024_25,2024-11-02,Southampton,Everton,1,0,H,0,0,D,9,16,2,5,3,6,14,18,4,2,0,0,2.65,3.48,2.66,1376.2203054837212,1465.4761337660073,-89.25582828228607,Southampton,1,0,9,16,0.0,1.0,5.0,22.0,1.0,2.2,9.4,19.2,Everton,0,1,16,9,1.0,1.0,10.0,14.0,1.2,0.6,10.6,14.0,0.37735849056603776,0.28735632183908044,0.37593984962406013,0.36261644168318463,0.27613033633920664,0.36125322197760873,1.3639796613887605,1.3598900022720328,0.001363219705575902,0.27613033633920664,1.0037735849056604,1.3132075471698113,1.3082706766917291,H,22,9,2
2024_25,2024-11-02,Wolves,Crystal Palace,2,2,D,0,0,D,11,19,6,7,3,6,7,9,1,2,0,0,2.53,3.4,2.85,1422.2381548078008,1459.7602719501378,-37.52211714233704,Wolves,2,2,11,19,2.0,2.0,14.0,19.0,1.6,2.8,10.4,15.8,Crystal Palace,2,2,19,11,1.0,0.0,14.0,11.0,0.4,0.8,13.8,14.0,0.3952569169960475,0.29411764705882354,0.3508771929824561,0.3799627487501226,0.2827369865699441,0.33730026467993335,1.4226252328203117,1.294637780609744,0.042662484070189244,0.2827369865699441,1.1264822134387353,1.3438735177865613,1.1929824561403508,D,26,8,1
2024_25,2024-11-03,Man United,Chelsea,1,1,D,0,0,D,11,12,4,3,4,8,19,14,6,2,0,0,2.58,3.78,2.56,1531.6263784625553,1557.69416485544,-26.067786392884727,Man United,1,1,11,12,1.0,2.0,18.0,12.0,0.6,1.2,15.4,12.8,Chelsea,1,1,12,11,2.0,1.0,17.0,11.0,2.2,1.2,15.6,13.2,0.38759689922480617,0.2645502645502646,0.390625,0.37169854805254665,0.2536990089882462,0.37460244295920725,1.368794653145886,1.377506337865868,-0.002903894906660598,0.2536990089882462,0.9922480620155039,1.4651162790697674,1.4765625,D,18,6,1
2024_25,2024-11-03,Tottenham,Aston Villa,4,1,H,0,1,A,16,12,6,1,6,4,14,14,2,0,0,0,1.93,4.07,3.55,1534.0426542731823,1577.6570012665095,-43.61434699332722,Tottenham,4,1,16,12,0.0,1.0,11.0,14.0,2.4,1.2,18.6,10.6,Aston Villa,1,4,12,16,1.0,1.0,18.0,11.0,1.8,1.0,11.8,11.2,0.5181347150259068,0.24570024570024568,0.28169014084507044,0.49557367321669277,0.23500176641479528,0.2694245603685118,1.7217227860648734,1.0432754475203307,0.22614911284818096,0.23500176641479528,1.8393782383419688,2.108808290155441,1.1464788732394366,H,24,1,2
2024_25,2024-11-04,Fulham,Brentford,2,1,H,0,1,A,26,5,12,2,11,3,3,10,2,1,0,0,2.03,3.73,3.52,1494.7315824120376,1482.054116151822,12.677466260215624,Fulham,2,1,26,5,1.0,1.0,14.0,10.0,1.6,1.6,14.2,14.0,Brentford,1,2,5,26,4.0,3.0,20.0,11.0,2.4,2.4,12.2,18.6,0.4926108374384237,0.2680965147453083,0.2840909090909091,0.47148895217096215,0.2566012259804432,0.27190982184859463,1.6710680824933295,1.072330691526227,0.19957913032236752,0.2566012259804432,1.7339901477832513,1.8374384236453203,1.0596590909090908,H,10,3,2
2024_25,2024-11-09,Liverpool,Aston Villa,2,0,H,1,0,H,14,12,5,2,2,9,11,15,0,3,0,0,1.42,5.26,6.7,1650.5403273249863,1567.952883919962,82.58744340502426,Liverpool,2,0,14,12,2.0,1.0,16.0,13.0,1.8,1.0,12.0,10.2,Aston Villa,0,2,12,14,1.0,4.0,12.0,16.0,1.4,1.6,12.4,12.4,0.7042253521126761,0.19011406844106465,0.14925373134328357,0.6748083300781998,0.18217259100970415,0.14301907891209606,2.2065975812443037,0.6112298277459923,0.5317892511661038,0.18217259100970415,4.71830985915493,3.704225352112676,0.7850746268656716,H,15,1,2
2024_25,2024-11-09,Brighton,Man City,2,1,H,0,1,A,10,15,4,6,0,4,12,10,3,3,0,0,4.34,4.17,1.75,1524.579069938108,1680.1753857008869,-155.5963157627789,Brighton,2,1,10,15,1.0,2.0,13.0,16.0,1.8,2.0,13.6,15.8,Man City,1,2,15,10,1.0,2.0,18.0,12.0,1.6,1.2,19.6,8.4,0.2304147465437788,0.23980815347721823,0.5714285714285714,0.22120138343694967,0.23021918563941524,0.5485794309236351,0.8938233359502642,1.8759574784103208,-0.3273780474866855,0.23021918563941524,0.40322580645161293,0.9608294930875576,2.382857142857143,H,4,17,2
2024_25,2024-11-09,Wolves,Southampton,2,0,H,1,0,H,8,9,4,0,1,9,14,12,1,4,0,0,1.96,3.84,3.67,1421.2594757693023,1387.3016490259388,33.95782674336351,Wolves,2,0,8,9,2.0,2.0,11.0,19.0,1.8,2.6,10.6,17.8,Southampton,0,2,9,8,1.0,0.0,9.0,16.0,1.0,2.0,9.0,19.8,0.5102040816326531,0.2604166666666667,0.2724795640326976,0.4891227388207855,0.24965639793977595,0.2612208632394386,1.7170246144021324,1.0333189876580917,0.2279018755813469,0.24965639793977595,1.8724489795918366,1.9591836734693877,1.0463215258855585,H,26,22,2
2024_25,2024-11-09,Brentford,Bournemouth,3,2,H,1,1,D,12,15,6,3,6,4,8,16,2,4,0,0,2.53,3.59,2.72,1474.0066281529048,1500.141482457827,-26.1348543049221,Brentford,3,2,12,15,1.0,2.0,5.0,26.0,2.4,2.2,12.0,19.2,Bournemouth,2,3,15,12,2.0,1.0,12.0,18.0,1.6,0.8,13.4,11.4,0.3952569169960475,0.2785515320334262,0.3676470588235294,0.37952357447403917,0.26746368897474065,0.3530127365512202,1.406034412396858,1.3265018986284012,0.026510837922818997,0.26746368897474065,1.0750988142292492,1.4189723320158103,1.3198529411764703,H,3,2,2
2024_25,2024-11-09,Crystal Palace,Fulham,0,2,A,0,1,A,13,17,5,7,1,8,10,11,1,1,1,0,2.7,3.48,2.61,1460.7389509886364,1502.7790704109548,-42.04011942231841,Crystal Palace,0,2,13,17,2.0,2.0,19.0,11.0,0.8,1.2,15.8,13.2,Fulham,2,0,17,13,2.0,1.0,26.0,5.0,1.4,1.6,15.0,12.0,0.37037037037037035,0.28735632183908044,0.3831417624521073,0.3558282208588957,0.27607361963190186,0.3680981595092025,1.343558282208589,1.3803680981595092,-0.012269938650306789,0.27607361963190186,0.9666666666666666,1.2888888888888888,1.3333333333333335,A,8,10,0
2024_25,2024-11-09,West Ham,Everton,0,0,D,0,0,D,11,18,6,4,7,6,10,9,1,2,0,0,2.18,3.47,3.38,1477.0383547686142,1454.3947902237896,22.643564544824585,West Ham,0,0,11,18,0.0,3.0,4.0,19.0,1.6,2.0,13.8,15.2,Everton,0,0,18,11,0.0,1.0,16.0,9.0,1.0,0.6,10.6,13.4,0.4587155963302752,0.2881844380403458,0.2958579881656805,0.4399060821556095,0.2763675098268671,0.28372640801752336,1.5960857562936956,1.1275467338794372,0.15617967413808614,0.2763675098268671,1.55045871559633,1.591743119266055,1.0266272189349113,D,25,9,1
2024_25,2024-11-10,Man United,Leicester,3,0,H,2,0,H,13,6,3,5,1,5,9,5,0,1,0,0,1.39,5.35,7.46,1530.3057153157545,1446.5097168126536,83.79599850310092,Man United,3,0,13,6,1.0,1.0,11.0,12.0,0.8,1.4,14.6,13.4,Leicester,0,3,6,13,1.0,1.0,20.0,14.0,1.6,2.0,12.0,20.2,0.7194244604316548,0.1869158878504673,0.13404825737265416,0.6914959050122235,0.17965968373214777,0.12884441125562876,2.254147398768818,0.5661929174990341,0.5626514937565947,0.17965968373214777,5.366906474820144,3.8489208633093526,0.7171581769436997,H,18,14,2
2024_25,2024-11-10,Nott'm Forest,Newcastle,1,3,A,1,0,H,9,17,3,6,4,5,13,6,1,1,0,0,2.69,3.31,2.72,1491.0424489036923,1549.741670699653,-58.69922179596074,Nott'm Forest,1,3,9,17,3.0,0.0,19.0,4.0,1.6,0.6,17.2,14.2,Newcastle,3,1,17,9,1.0,0.0,9.0,10.0,0.6,0.8,13.2,12.2,0.3717472118959108,0.3021148036253776,0.3676470588235294,0.3569313230705799,0.29007409639270687,0.3529945805367132,1.3608680656044465,1.3490578380028464,0.003936742533866722,0.29007409639270687,1.0111524163568775,1.2304832713754648,1.2169117647058822,A,20,19,0
2024_25,2024-11-10,Tottenham,Ipswich,1,2,A,0,2,A,17,8,5,3,12,2,10,19,1,5,0,0,1.26,6.76,9.98,1543.7467716197298,1454.9911698320896,88.75560178764022,Tottenham,1,2,17,8,4.0,1.0,16.0,12.0,2.6,1.2,17.2,11.8,Ipswich,2,1,8,17,1.0,1.0,14.0,20.0,1.4,2.6,12.4,16.2,0.7936507936507936,0.14792899408284024,0.1002004008016032,0.7618217378146555,0.1419963594151577,0.09618190277018696,2.4274615728591242,0.43054206772571857,0.6656398350444686,0.1419963594151577,7.920634920634921,5.365079365079365,0.6773547094188376,A,24,12,0
2024_25,2024-11-10,Chelsea,Arsenal,1,1,D,0,0,D,17,13,3,3,4,3,12,12,4,2,0,0,2.75,3.49,2.53,1559.0148280022408,1643.2024973008217,-84.18766929858089,Chelsea,1,1,17,13,1.0,1.0,12.0,11.0,1.8,1.4,15.6,12.4,Arsenal,1,1,13,17,0.0,1.0,10.0,9.0,1.8,1.6,18.0,8.8,0.36363636363636365,0.28653295128939826,0.3952569169960475,0.34783550721497597,0.2740824197252676,0.37808207305975655,1.3175889413701956,1.4083286389045373,-0.030246565844780582,0.2740824197252676,0.9199999999999999,1.2690909090909093,1.3794466403162058,D,6,0,1
2024_25,2024-11-23,Leicester,Chelsea,1,2,A,0,1,A,4,16,1,7,2,9,15,12,4,3,0,0,6.75,4.81,1.46,1440.3761131395381,1559.443361476603,-119.06724833706494,Leicester,1,2,4,16,0.0,3.0,6.0,13.0,1.2,1.8,12.2,15.6,Chelsea,2,1,16,4,1.0,1.0,17.0,13.0,1.2,1.2,16.0,12.0,0.14814814814814814,0.2079002079002079,0.684931506849315,0.14231605569752617,0.19971587857760953,0.6579680657248642,0.6266640456701881,2.1736200757522024,-0.5156520100273381,0.19971587857760953,0.2162962962962963,0.7125925925925926,3.294520547945205,A,14,6,0
2024_25,2024-11-23,Man City,Tottenham,0,4,A,0,2,A,23,9,5,7,9,3,19,9,4,2,0,0,1.49,5.01,5.92,1667.1396396778505,1528.757148538514,138.38249113933648,Man City,0,4,23,9,1.0,2.0,15.0,10.0,1.6,1.4,19.4,8.2,Tottenham,4,0,9,23,1.0,2.0,17.0,8.0,2.2,1.6,15.8,11.2,0.6711409395973155,0.1996007984031936,0.16891891891891891,0.6455384601990646,0.19198648816299524,0.1624750516379402,2.128601868760189,0.6794116430768159,0.4830634085611244,0.19198648816299524,3.9731543624161074,3.36241610738255,0.8462837837837838,A,17,24,0
2024_25,2024-11-23,Everton,Brentford,0,0,D,0,0,D,27,9,5,2,10,4,8,10,0,0,0,1,2.46,3.41,2.94,1457.1300879974815,1483.1879598773792,-26.057871879897675,Everton,0,0,27,9,0.0,0.0,18.0,11.0,0.6,0.4,12.6,12.2,Brentford,0,0,9,27,3.0,2.0,12.0,15.0,2.8,2.4,12.8,18.4,0.4065040650406504,0.29325513196480935,0.3401360544217687,0.39090866554370207,0.28200449185850646,0.3270868425977915,1.4547304884896128,1.263265019651881,0.06382182294591054,0.28200449185850646,1.1951219512195121,1.386178861788618,1.1598639455782314,D,9,3,1
2024_25,2024-11-23,Bournemouth,Brighton,1,2,A,0,1,A,19,6,5,4,7,0,13,10,2,2,0,1,2.41,3.62,2.86,1490.9601507333525,1537.6148159611444,-46.65466522779184,Bournemouth,1,2,19,6,2.0,3.0,15.0,12.0,1.4,1.2,13.6,12.0,Brighton,2,1,6,19,2.0,1.0,10.0,15.0,1.8,1.4,12.6,15.8,0.41493775933609955,0.27624309392265195,0.3496503496503497,0.3986599922988062,0.26540623796688484,0.3359337697343088,1.4613862148633037,1.2732075471698112,0.06272622256449745,0.26540623796688484,1.1867219917012446,1.5020746887966805,1.2657342657342658,A,2,4,0
2024_25,2024-11-23,Aston Villa,Crystal Palace,2,2,D,1,2,A,17,13,5,6,10,1,10,11,3,2,0,0,1.63,4.11,5.45,1561.7890284487792,1449.3957828305206,112.39324561825856,Aston Villa,2,2,17,13,0.0,2.0,12.0,14.0,1.0,1.6,13.4,12.2,Crystal Palace,2,2,13,17,0.0,2.0,13.0,17.0,0.6,1.2,15.0,15.0,0.6134969325153374,0.24330900243309,0.18348623853211007,0.5897352187729548,0.23388525708027158,0.17637952414677363,2.0030909133991357,0.7630238295205924,0.41335569462618116,0.23388525708027158,3.343558282208589,2.5214723926380374,0.7541284403669725,D,1,8,1
2024_25,2024-11-23,Fulham,Wolves,1,4,A,1,1,D,10,10,3,5,7,2,14,14,3,0,0,0,1.65,4.09,5.23,1514.1222385690705,1428.708241177137,85.41399739193344,Fulham,1,4,10,10,2.0,0.0,17.0,13.0,1.6,1.6,15.6,12.4,Wolves,4,1,10,10,2.0,0.0,8.0,9.0,2.0,2.2,10.6,17.6,0.6060606060606061,0.24449877750611249,0.19120458891013384,0.5817638371767291,0.2346969025285093,0.18353926029476159,1.9799884140586965,0.785314683412794,0.3982245768819675,0.2346969025285093,3.1696969696969703,2.478787878787879,0.7820267686424474,A,10,26,0
2024_25,2024-11-23,Arsenal,Nott'm Forest,3,0,H,1,0,H,19,7,7,0,8,1,10,1,3,2,0,0,1.37,4.97,8.9,1642.7739638264595,1480.201043622552,162.57292020390742,Arsenal,3,0,19,7,1.0,1.0,13.0,17.0,1.2,1.4,13.4,11.2,Nott'm Forest,0,3,7,19,1.0,3.0,9.0,17.0,1.8,1.0,16.8,14.8,0.7299270072992701,0.2012072434607646,0.11235955056179775,0.6995029643440568,0.19282073665017263,0.10767629900577054,2.291329629682343,0.5158496336674843,0.5918266653382862,0.19282073665017263,6.4963503649635035,3.6277372262773717,0.5584269662921347,H,0,20,2
2024_25,2024-11-24,Southampton,Liverpool,2,3,A,1,1,D,7,27,5,11,3,10,11,9,3,4,0,0,10.4,5.96,1.28,1379.852883618104,1656.704182796169,-276.8512991780651,Southampton,2,3,7,27,0.0,2.0,9.0,8.0,0.8,1.8,9.0,18.6,Liverpool,3,2,27,7,2.0,0.0,14.0,12.0,1.8,0.8,12.8,11.0,0.09615384615384615,0.16778523489932887,0.78125,0.09199660415219572,0.16053098711121402,0.7474724087365903,0.4365207995678012,2.4029482133209847,-0.6554758045843946,0.16053098711121402,0.12307692307692307,0.573076923076923,4.65625,A,22,15,0
2024_25,2024-11-24,Ipswich,Man United,1,1,D,1,1,D,11,11,6,4,4,3,11,10,0,0,0,0,5.06,4.22,1.63,1469.9807929133053,1536.43931898887,-66.45852607556458,Ipswich,1,1,11,11,2.0,1.0,8.0,17.0,1.4,2.4,11.0,18.2,Man United,1,1,11,11,3.0,0.0,13.0,6.0,1.4,0.8,15.0,9.8,0.19762845849802374,0.23696682464454977,0.6134969325153374,0.1885601815809384,0.22609348786719152,0.5853463305518701,0.7917740326100068,1.982132479522802,-0.39678614897093173,0.22609348786719152,0.3221343873517787,0.8339920948616601,2.588957055214724,D,12,18,1
2024_25,2024-11-25,Newcastle,West Ham,0,2,A,0,1,A,18,15,2,6,8,3,11,8,1,0,0,0,1.5,4.57,6.21,1560.5830759807932,1474.3030569949224,86.28001898587081,Newcastle,0,2,18,15,3.0,1.0,17.0,9.0,1.0,0.8,14.4,10.8,West Ham,2,0,15,18,0.0,0.0,11.0,18.0,1.4,1.8,12.2,17.2,0.6666666666666666,0.2188183807439825,0.1610305958132045,0.6370345928255409,0.2090923171199806,0.1538730900544785,2.120196095596603,0.6707115872834162,0.4831615027710624,0.2090923171199806,4.14,3.046666666666667,0.7359098228663447,A,19,25,0
2024_25,2024-11-29,Brighton,Southampton,1,1,D,1,0,H,22,10,5,2,7,6,20,16,2,4,0,0,1.39,5.29,7.57,1548.8192854538931,1374.957193929974,173.86209152391916,Brighton,1,1,22,10,2.0,1.0,6.0,19.0,1.6,1.2,11.6,17.0,Southampton,1,1,10,22,2.0,3.0,7.0,27.0,1.0,1.8,8.8,18.2,0.7194244604316548,0.1890359168241966,0.1321003963011889,0.6913814922816885,0.18166734863356276,0.1269511590847486,2.2558118254786286,0.5625208258878085,0.5644303331969399,0.18166734863356276,5.446043165467627,3.8057553956834536,0.6988110964332893,D,4,22,1
2024_25,2024-11-30,Brentford,Leicester,4,1,H,3,1,H,13,7,6,3,5,4,9,10,1,1,0,0,1.66,4.24,4.87,1484.5089179137271,1431.3492148275911,53.159703086136005,Brentford,4,1,13,7,0.0,0.0,9.0,27.0,1.8,1.8,10.8,20.4,Leicester,1,4,7,13,1.0,2.0,4.0,16.0,1.2,2.2,11.8,15.4,0.6024096385542169,0.23584905660377356,0.2053388090349076,0.5772432725585245,0.22599618689791284,0.19676054054356273,1.9577260045734863,0.8162778085286011,0.38048273201496174,0.22599618689791284,2.933734939759036,2.5542168674698797,0.8706365503080082,H,3,14,2
2024_25,2024-11-30,Crystal Palace,Newcastle,1,1,D,0,0,D,16,1,4,0,8,9,12,11,3,3,0,0,3.04,3.56,2.3,1454.4518134369193,1545.6547759958296,-91.20296255891026,Crystal Palace,1,1,16,1,2.0,2.0,13.0,17.0,1.0,1.4,15.8,15.2,Newcastle,1,1,1,16,0.0,2.0,18.0,15.0,1.0,1.2,15.2,12.2,0.32894736842105265,0.2808988764044944,0.4347826086956522,0.31489400978371224,0.2688982555456419,0.41620773467064576,1.2135802848967785,1.5175214595575792,-0.10131372488693352,0.2688982555456419,0.756578947368421,1.1710526315789473,1.547826086956522,D,8,19,1
2024_25,2024-11-30,Nott'm Forest,Ipswich,1,0,H,0,0,D,12,7,5,3,8,7,5,16,1,3,0,0,1.75,3.82,4.79,1475.839177641599,1469.873768215949,5.965409425650023,Nott'm Forest,1,0,12,7,0.0,3.0,7.0,19.0,1.6,1.4,15.0,14.2,Ipswich,0,1,7,12,1.0,1.0,11.0,11.0,1.4,1.8,11.4,15.8,0.5714285714285714,0.2617801047120419,0.20876826722338204,0.5484080766544883,0.25123406653019753,0.2003578568153141,1.8964582964936625,0.8523076369761398,0.3480502198391742,0.25123406653019753,2.737142857142857,2.182857142857143,0.7974947807933194,H,20,12,2
2024_25,2024-11-30,Wolves,Bournemouth,2,4,A,1,3,A,10,12,3,8,3,4,13,11,4,1,0,0,2.81,3.61,2.44,1443.6150013618574,1479.7556812406037,-36.14067987874637,Wolves,2,4,10,12,4.0,1.0,10.0,10.0,2.2,1.4,9.2,15.8,Bournemouth,4,2,12,10,1.0,2.0,19.0,6.0,1.6,1.4,14.0,12.0,0.35587188612099646,0.2770083102493075,0.4098360655737705,0.34129311981525756,0.2656602954794664,0.3930465847052761,1.2895396549252391,1.4448000495952946,-0.05175346489001853,0.2656602954794664,0.8683274021352313,1.2846975088967971,1.4795081967213115,A,26,2,0
2024_25,2024-11-30,West Ham,Arsenal,2,5,A,2,5,A,12,16,5,7,2,10,10,13,4,1,0,0,7.09,4.68,1.46,1489.231356979886,1647.1358298074126,-157.90447282752666,West Ham,2,5,12,16,2.0,0.0,15.0,18.0,1.0,1.6,10.6,19.0,Arsenal,5,2,16,12,3.0,0.0,19.0,7.0,1.2,1.2,11.4,11.0,0.14104372355430184,0.2136752136752137,0.684931506849315,0.13566456337088556,0.20552601587597838,0.6588094207531361,0.612519705988635,2.1819542781353864,-0.5231448573822506,0.20552601587597838,0.20592383638928066,0.6600846262341326,3.2054794520547945,A,25,0,0
2024_25,2024-12-01,Liverpool,Man City,2,0,H,1,0,H,18,8,7,2,7,4,9,8,1,3,0,0,2.09,3.7,3.37,1661.599872484299,1651.0023153110221,10.597557173276982,Liverpool,2,0,18,8,3.0,2.0,27.0,7.0,2.2,1.2,15.0,10.6,Man City,0,2,8,18,0.0,4.0,23.0,9.0,1.0,1.8,20.0,7.8,0.47846889952153115,0.27027027027027023,0.29673590504451036,0.4576569169728357,0.25851431256033147,0.2838287704668328,1.6314850634788387,1.11000062396083,0.17382814650600292,0.25851431256033147,1.61244019138756,1.7703349282296652,1.0979228486646884,H,15,17,2
2024_25,2024-12-01,Tottenham,Fulham,1,1,D,0,0,D,8,14,3,6,7,11,4,14,0,1,0,1,1.72,4.35,4.24,1544.8944729053424,1499.2154783843503,45.67899452099209,Tottenham,1,1,8,14,4.0,0.0,9.0,23.0,2.6,1.0,15.0,13.6,Fulham,1,1,14,8,1.0,4.0,10.0,10.0,1.4,1.8,15.4,10.4,0.5813953488372093,0.2298850574712644,0.23584905660377356,0.555227762592267,0.2195383337146435,0.2252339036930894,1.8852216214914446,0.8952400447939117,0.32999385889917765,0.2195383337146435,2.465116279069768,2.5290697674418605,1.025943396226415,D,24,10,1
2024_25,2024-12-01,Man United,Everton,4,0,H,2,0,H,11,8,5,2,2,2,12,12,2,3,0,0,1.54,4.33,6.08,1536.5463436862262,1455.8091299611335,80.73721372509272,Man United,4,0,11,8,1.0,1.0,11.0,11.0,1.6,1.0,15.2,9.8,Everton,0,4,8,11,0.0,0.0,27.0,9.0,0.6,0.4,16.4,11.2,0.6493506493506493,0.23094688221709006,0.16447368421052633,0.6215242529120965,0.22105019618582644,0.15742555090207708,2.0856229549221155,0.6933268488920576,0.46409870201001935,0.22105019618582644,3.948051948051948,2.811688311688312,0.712171052631579,H,18,9,2
2024_25,2024-12-01,Chelsea,Aston Villa,3,0,H,2,0,H,17,10,8,4,3,4,21,6,2,2,0,0,1.71,4.21,4.51,1568.47025978855,1556.7329978423804,11.73726194616961,Chelsea,3,0,17,10,2.0,1.0,16.0,4.0,1.4,1.2,14.8,9.6,Aston Villa,0,3,10,17,2.0,2.0,17.0,13.0,1.4,2.0,14.6,12.8,0.5847953216374269,0.23752969121140144,0.22172949002217296,0.56011953401793,0.2275069841260476,0.21237348185602228,1.9078655861798375,0.8646274296941144,0.34774605216190774,0.2275069841260476,2.6374269005847952,2.4619883040935675,0.9334811529933481,H,6,1,2
2024_25,2024-12-03,Ipswich,Crystal Palace,0,1,A,0,0,D,9,13,2,3,4,7,14,13,2,4,0,0,3.09,3.37,2.38,1461.6336536320873,1455.0918029649654,6.541850667121935,Ipswich,0,1,9,13,0.0,1.0,7.0,12.0,1.4,1.6,10.2,16.0,Crystal Palace,1,0,13,9,1.0,1.0,16.0,1.0,1.2,1.4,15.0,11.4,0.3236245954692557,0.29673590504451036,0.42016806722689076,0.31101942368766994,0.2851780472388427,0.4038025290734874,1.2182363183018525,1.496585634459305,-0.09278310538581747,0.2851780472388427,0.7702265372168284,1.0906148867313916,1.415966386554622,A,12,8,0
2024_25,2024-12-03,Leicester,West Ham,3,1,H,1,0,H,8,31,6,10,3,9,9,7,2,2,0,0,2.9,3.44,2.47,1424.4228321729993,1481.3326843235668,-56.90985215056753,Leicester,3,1,8,31,1.0,4.0,7.0,13.0,0.8,2.6,9.6,15.2,West Ham,1,3,31,8,2.0,5.0,12.0,16.0,1.2,1.8,10.8,17.8,0.3448275862068966,0.29069767441860467,0.4048582995951417,0.33144274803204893,0.2794139445619017,0.3891433074060493,1.2737421886580484,1.4468438667800496,-0.05770055937400037,0.2794139445619017,0.8517241379310346,1.186206896551724,1.3927125506072873,H,14,25,2
2024_25,2024-12-04,Everton,Wolves,4,0,H,2,0,H,13,6,4,2,3,4,10,8,2,0,0,0,2.14,3.46,3.51,1449.5987921922008,1432.094951565296,17.503840626904775,Everton,4,0,13,6,0.0,4.0,8.0,11.0,0.2,1.2,15.8,10.8,Wolves,0,4,6,13,2.0,4.0,10.0,12.0,2.4,1.8,10.6,13.8,0.4672897196261682,0.28901734104046245,0.2849002849002849,0.4487960266662725,0.2775790453947466,0.27362492793898097,1.6239671253935641,1.0984538292116894,0.17517109872729153,0.2775790453947466,1.6401869158878504,1.616822429906542,0.9857549857549858,H,9,26,2
2024_25,2024-12-04,Man City,Nott'm Forest,3,0,H,2,0,H,17,12,7,3,8,2,7,15,2,4,0,0,1.37,5.21,8.25,1642.895316265542,1484.0792922254607,158.8160240400814,Man City,3,0,17,12,0.0,2.0,8.0,18.0,0.6,2.0,17.2,10.8,Nott'm Forest,0,3,12,17,1.0,0.0,12.0,7.0,1.6,1.4,13.4,11.6,0.7299270072992701,0.19193857965451055,0.12121212121212122,0.6997820024193011,0.1840117741486454,0.11620622343205364,2.283357781406549,0.5326304444448062,0.5835757789872474,0.1840117741486454,6.021897810218977,3.8029197080291968,0.6315151515151515,H,17,20,2
2024_25,2024-12-04,Newcastle,Liverpool,3,3,D,1,0,H,17,16,6,5,5,6,9,17,2,5,0,0,4.27,4.04,1.78,1545.0147864677836,1669.7068715297792,-124.69208506199561,Newcastle,3,3,17,16,1.0,1.0,1.0,16.0,1.2,1.2,11.2,13.4,Liverpool,3,3,16,17,2.0,0.0,18.0,8.0,2.2,1.0,16.8,9.8,0.234192037470726,0.24752475247524752,0.5617977528089888,0.2244262325778807,0.2372029735414729,0.5383707938806463,0.9104816712751149,1.852315355183412,-0.31394456130276566,0.2372029735414729,0.41686182669789235,0.9461358313817331,2.2696629213483144,D,19,15,1
2024_25,2024-12-04,Southampton,Chelsea,1,5,A,1,3,A,6,26,4,13,5,7,7,14,1,0,1,0,8.39,5.64,1.34,1381.3156477230336,1576.5446288552937,-195.22898113226006,Southampton,1,5,6,26,1.0,1.0,10.0,22.0,0.8,1.4,8.0,19.0,Chelsea,5,1,26,6,3.0,0.0,17.0,10.0,1.8,0.8,15.8,9.8,0.11918951132300357,0.1773049645390071,0.7462686567164178,0.11430161615733864,0.170033787156041,0.7156645966866203,0.512938635628057,2.3170275772159017,-0.6013629805292817,0.170033787156041,0.15971394517282478,0.6722288438617401,4.208955223880596,A,22,6,0
2024_25,2024-12-04,Arsenal,Man United,2,0,H,0,0,D,14,5,6,2,13,0,12,8,1,3,0,0,1.46,4.73,6.92,1655.0345024637318,1542.756681455159,112.2778210085728,Arsenal,2,0,14,5,5.0,2.0,16.0,12.0,2.2,1.2,13.4,10.8,Man United,0,2,5,14,4.0,0.0,11.0,8.0,2.0,0.8,12.8,9.8,0.684931506849315,0.2114164904862579,0.14450867052023122,0.6580459423489061,0.20311777501678707,0.1388362826343068,2.1772556020635054,0.6196266229197075,0.5192096597145993,0.20311777501678707,4.739726027397261,3.2397260273972606,0.6835260115606937,H,0,18,2
2024_25,2024-12-04,Aston Villa,Brentford,3,1,H,3,0,H,20,9,10,1,10,5,11,15,2,2,0,0,1.8,4.01,4.24,1548.6586287756368,1491.435300568319,57.22332820731776,Aston Villa,3,1,20,9,0.0,3.0,10.0,17.0,0.8,2.4,13.8,14.2,Brentford,1,3,9,20,4.0,1.0,13.0,7.0,2.4,1.6,11.8,17.2,0.5555555555555556,0.24937655860349128,0.23584905660377356,0.5337870929663071,0.23960517888761912,0.22660772814607372,1.8409664577865406,0.9194283633258403,0.3071793648202334,0.23960517888761912,2.3555555555555556,2.2277777777777774,0.945754716981132,H,1,3,2
2024_25,2024-12-05,Bournemouth,Tottenham,1,0,H,1,0,H,21,12,8,4,5,9,15,8,2,2,0,0,2.65,3.92,2.42,1491.275731037165,1541.5221899663031,-50.24645892913804,Bournemouth,1,0,21,12,4.0,2.0,12.0,10.0,2.0,1.8,13.8,12.8,Tottenham,0,1,12,21,1.0,1.0,8.0,14.0,2.0,1.0,12.2,14.2,0.37735849056603776,0.25510204081632654,0.4132231404958678,0.3608725092629929,0.2439571810068702,0.3951703097301369,1.3265747087958488,1.4294681101972808,-0.03429780046714398,0.2439571810068702,0.9132075471698113,1.479245283018868,1.6198347107438016,H,2,24,2
2024_25,2024-12-05,Fulham,Brighton,3,1,H,1,0,H,6,13,2,3,5,6,7,8,2,2,0,0,2.33,3.65,2.92,1502.5877613233895,1542.4608316608335,-39.873070337444005,Fulham,3,1,6,13,1.0,1.0,14.0,8.0,1.4,1.4,16.2,9.2,Brighton,1,3,13,6,1.0,1.0,22.0,10.0,1.6,1.4,14.0,14.8,0.4291845493562232,0.273972602739726,0.3424657534246575,0.410458251335395,0.2620185549620466,0.3275231937025583,1.4933933089682316,1.2445881360697215,0.0829350576328367,0.2620185549620466,1.2532188841201717,1.5665236051502145,1.25,H,10,4,2
2024_25,2024-12-07,Aston Villa,Southampton,1,0,H,1,0,H,18,4,5,0,14,1,18,15,1,3,0,0,1.37,5.41,7.78,1555.4768637581788,1374.4444452219507,181.03241853622808,Aston Villa,1,0,18,4,3.0,1.0,20.0,9.0,1.2,2.4,14.2,13.8,Southampton,0,1,4,18,1.0,5.0,6.0,26.0,1.0,2.2,8.2,19.8,0.7299270072992701,0.18484288354898337,0.12853470437017994,0.6996298210940474,0.1771705831605998,0.1231995957453528,2.276060046442742,0.5467693703966583,0.5764302253486946,0.1771705831605998,5.678832116788321,3.948905109489051,0.6953727506426736,H,1,22,2
2024_25,2024-12-07,Brentford,Newcastle,4,2,H,2,2,D,11,16,8,3,3,4,10,7,3,0,0,0,2.86,3.74,2.36,1484.617065585777,1546.6541407323325,-62.03707514655548,Brentford,4,2,11,16,1.0,3.0,9.0,20.0,1.8,1.6,9.6,19.0,Newcastle,2,4,16,11,3.0,3.0,17.0,16.0,1.6,1.4,12.4,13.2,0.3496503496503497,0.267379679144385,0.42372881355932207,0.3359571261095294,0.25690839055434594,0.4071344833361246,1.264779768882934,1.4783118405627198,-0.07117735722659524,0.25690839055434594,0.8251748251748252,1.307692307692308,1.5847457627118646,H,3,19,2
2024_25,2024-12-07,Crystal Palace,Man City,2,2,D,1,1,D,12,12,3,4,6,8,4,10,1,0,0,1,5.39,4.33,1.6,1467.8682963307654,1647.3323929216972,-179.46409659093183,Crystal Palace,2,2,12,12,1.0,0.0,13.0,9.0,1.2,1.4,14.8,11.0,Man City,2,2,12,12,3.0,0.0,17.0,12.0,1.0,2.0,16.2,12.2,0.1855287569573284,0.23094688221709006,0.625,0.17814027518147013,0.2217496728009524,0.6001100520175775,0.7561704983453628,2.022079828853685,-0.42196977683610737,0.2217496728009524,0.29684601113172543,0.8033395176252319,2.70625,D,8,17,1
2024_25,2024-12-07,Man United,Nott'm Forest,2,3,A,1,1,D,17,11,7,3,5,3,10,13,0,2,0,0,1.67,4.05,5.12,1537.3100321605887,1479.6422155693056,57.6678165912831,Man United,2,3,17,11,0.0,2.0,5.0,14.0,1.8,0.8,10.2,10.2,Nott'm Forest,3,2,11,17,0.0,3.0,12.0,17.0,1.0,1.8,11.8,12.8,0.5988023952095809,0.2469135802469136,0.1953125,0.5752027051392653,0.2371823500203884,0.1876149448403463,1.9627904654381845,0.8000271845414273,0.387587760298919,0.2371823500203884,3.065868263473054,2.4251497005988023,0.791015625,A,18,20,0
2024_25,2024-12-08,Fulham,Arsenal,1,1,D,1,0,H,2,12,2,4,0,6,10,9,4,2,0,0,5.4,4.24,1.61,1512.1795575739072,1660.481151758302,-148.30159418439484,Fulham,1,1,2,12,3.0,1.0,6.0,13.0,1.8,1.4,14.6,9.8,Arsenal,1,1,12,2,2.0,0.0,14.0,5.0,2.2,0.8,14.4,10.0,0.18518518518518517,0.23584905660377356,0.6211180124223602,0.17769494278485232,0.22630959694297229,0.5959954602721754,0.7593944252975292,2.014295977759499,-0.4183005174873231,0.22630959694297229,0.29814814814814816,0.7851851851851852,2.6335403726708075,D,10,0,1
2024_25,2024-12-08,Ipswich,Bournemouth,1,2,A,1,0,H,18,22,5,6,6,13,9,13,2,1,0,0,3.57,3.73,2.02,1448.8571602662873,1501.1793932110725,-52.32223294478513,Ipswich,1,2,18,22,0.0,1.0,9.0,13.0,0.8,1.0,9.8,14.6,Bournemouth,2,1,22,18,1.0,0.0,21.0,12.0,2.0,1.6,15.8,11.6,0.2801120448179272,0.2680965147453083,0.49504950495049505,0.26849736833665333,0.2569800549495583,0.47452257671378834,1.0624721599595182,1.6805477850909232,-0.206025208377135,0.2569800549495583,0.5658263305322129,1.0448179271708684,1.8465346534653466,A,12,2,0
2024_25,2024-12-08,Leicester,Brighton,2,2,D,0,1,A,10,16,3,7,5,5,9,10,1,2,0,0,4.48,4.02,1.75,1434.5274162767644,1532.8690354103157,-98.34161913355138,Leicester,2,2,10,16,3.0,1.0,8.0,31.0,1.2,2.2,9.0,17.4,Brighton,2,2,16,10,1.0,3.0,13.0,6.0,1.4,1.6,12.8,13.2,0.2232142857142857,0.24875621890547267,0.5714285714285714,0.21392992464557875,0.23840946826173956,0.5476606070926816,0.8801992421984758,1.8813912895397844,-0.33373068244710286,0.23840946826173956,0.39062499999999994,0.8973214285714284,2.2971428571428567,D,14,4,1
2024_25,2024-12-08,Tottenham,Chelsea,3,4,A,2,1,H,13,17,5,8,5,10,17,11,2,2,0,0,3.21,4.04,2.07,1531.6185277923958,1583.4158313563767,-51.797303563980904,Tottenham,3,4,13,17,0.0,1.0,12.0,21.0,2.0,1.0,12.4,15.6,Chelsea,4,3,17,13,5.0,1.0,26.0,6.0,2.4,0.8,17.6,8.8,0.3115264797507788,0.24752475247524752,0.48309178743961356,0.2989287207918243,0.23751514696578122,0.4635561322423943,1.1343013093412542,1.6281835436929641,-0.16462741145056997,0.23751514696578122,0.6448598130841121,1.2585669781931463,1.9516908212560389,A,24,6,0
2024_25,2024-12-09,West Ham,Wolves,2,1,H,0,0,D,19,19,4,5,11,0,12,17,5,4,0,0,1.91,3.85,3.81,1471.2281002198017,1424.184911131531,47.043189088270765,West Ham,2,1,19,19,1.0,3.0,31.0,8.0,1.0,2.2,14.6,15.8,Wolves,1,2,19,19,0.0,4.0,6.0,13.0,2.0,2.2,9.0,12.6,0.5235602094240838,0.2597402597402597,0.26246719160104987,0.5006467775460679,0.24837281691246485,0.2509804055414671,1.7503131495506685,1.0013140335368662,0.2496663720046008,0.24837281691246485,1.9947643979057592,2.0157068062827226,1.010498687664042,H,25,26,2
2024_25,2024-12-14,Wolves,Ipswich,1,2,A,0,1,A,16,10,6,5,7,3,13,9,0,2,1,0,1.9,3.83,3.85,1417.0941225607216,1437.8233734294,-20.729250868678264,Wolves,1,2,16,10,1.0,2.0,19.0,19.0,1.8,2.2,10.6,12.6,Ipswich,2,1,10,16,1.0,2.0,18.0,22.0,0.8,1.2,10.6,15.0,0.5263157894736842,0.2610966057441253,0.2597402597402597,0.5026161056668087,0.24933958244567533,0.24804431188751597,1.7571878994461012,0.9934725181082232,0.25457179377929273,0.24933958244567533,2.0263157894736845,2.015789473684211,0.9948051948051948,A,26,12,0
2024_25,2024-12-14,Newcastle,Leicester,4,0,H,1,0,H,27,4,11,1,5,2,7,16,3,3,0,0,1.31,5.83,9.08,1536.3947495750858,1435.3820457110476,101.01270386403826,Newcastle,4,0,27,4,2.0,4.0,16.0,11.0,1.8,2.2,13.8,13.4,Leicester,0,4,4,27,2.0,2.0,10.0,16.0,1.4,2.4,7.0,17.8,0.7633587786259541,0.17152658662092624,0.11013215859030837,0.7304746200073134,0.16413752181982516,0.10538785817286131,2.3555613818417656,0.48030109633840906,0.6250867618344521,0.16413752181982516,6.931297709923664,4.450381679389313,0.6420704845814978,H,19,14,2
2024_25,2024-12-14,Nott'm Forest,Aston Villa,2,1,H,0,0,D,17,8,6,2,4,3,12,6,0,1,0,0,2.64,3.39,2.68,1493.835756756409,1559.4828907994263,-65.64713404301733,Nott'm Forest,2,1,17,8,3.0,2.0,11.0,17.0,1.0,2.2,10.2,15.4,Aston Villa,1,2,8,17,1.0,0.0,18.0,4.0,1.2,1.6,15.4,11.4,0.3787878787878788,0.2949852507374631,0.3731343283582089,0.361816009557945,0.281768219832736,0.35641577060931895,1.367216248506571,1.3510155316606929,0.005400238948626068,0.281768219832736,1.0151515151515151,1.2840909090909092,1.2649253731343284,H,20,1,2
2024_25,2024-12-14,Liverpool,Fulham,2,2,D,0,1,A,16,12,4,3,5,4,10,7,3,4,1,0,1.32,5.75,8.89,1668.0675172652302,1514.5066770008693,153.56084026436088,Liverpool,2,2,16,12,3.0,3.0,16.0,17.0,2.4,1.2,18.2,11.4,Fulham,2,2,12,16,1.0,1.0,2.0,12.0,1.6,1.4,9.8,11.2,0.7575757575757576,0.17391304347826086,0.11248593925759279,0.7256648349074348,0.16658740557875026,0.10774775951381484,2.343581910301055,0.4898306841201948,0.61791707539362,0.16658740557875026,6.734848484848485,4.3560606060606055,0.6467941507311585,D,15,10,1
2024_25,2024-12-14,Arsenal,Everton,0,0,D,0,0,D,13,2,5,0,8,2,6,9,0,3,0,0,1.23,6.33,13.36,1658.15403233134,1457.5088326259659,200.64519970537413,Arsenal,0,0,13,2,1.0,1.0,12.0,2.0,2.4,0.8,14.8,8.6,Everton,0,0,2,13,4.0,0.0,13.0,6.0,0.8,1.0,16.4,9.2,0.8130081300813008,0.1579778830963665,0.07485029940119761,0.7773760772147534,0.1510541192692175,0.07156980351602896,2.4831823509134776,0.36576352981730437,0.7058062736987245,0.1510541192692175,10.861788617886178,5.146341463414634,0.47380239520958084,D,0,9,1
2024_25,2024-12-15,Brighton,Crystal Palace,1,3,A,0,2,A,17,13,5,5,8,5,11,15,1,4,0,0,1.89,3.82,3.9,1532.0144059760325,1471.0711749623774,60.94323101365512,Brighton,1,3,17,13,2.0,2.0,16.0,10.0,1.6,1.6,13.4,12.0,Crystal Palace,3,1,13,17,2.0,2.0,12.0,12.0,1.2,1.4,13.4,11.2,0.5291005291005292,0.2617801047120419,0.25641025641025644,0.5052087572230813,0.24995930658419466,0.24483193619272403,1.7655855782534389,0.9844551151623667,0.2603768210303573,0.24995930658419466,2.0634920634920637,2.0211640211640214,0.9794871794871794,A,4,8,0
2024_25,2024-12-15,Man City,Man United,1,2,A,1,0,H,10,10,3,3,8,2,5,14,1,1,0,0,1.58,4.59,5.04,1644.1295142900851,1523.1164909734853,121.01302331659986,Man City,1,2,10,10,2.0,2.0,12.0,12.0,1.2,2.0,15.0,12.2,Man United,2,1,10,10,2.0,3.0,17.0,11.0,2.0,1.2,11.4,10.0,0.6329113924050632,0.2178649237472767,0.1984126984126984,0.6032386763670499,0.20765078620042243,0.18911053743252756,2.017366815301572,0.7749823984980051,0.41412813893452227,0.20765078620042243,3.1898734177215187,2.9050632911392404,0.9107142857142857,A,17,18,0
2024_25,2024-12-15,Chelsea,Brentford,2,1,H,1,0,H,26,9,8,4,8,5,11,7,0,2,1,0,1.33,5.89,8.08,1594.465440083199,1494.8764567430237,99.58898334017522,Chelsea,2,1,26,9,4.0,3.0,17.0,13.0,3.0,1.2,18.6,9.2,Brentford,1,2,9,26,4.0,2.0,11.0,16.0,2.4,1.6,10.8,17.0,0.7518796992481203,0.16977928692699493,0.12376237623762376,0.7192121055502914,0.16240273351135615,0.11838516093835241,2.3200390501622303,0.5175582163264134,0.600826944611939,0.16240273351135615,6.075187969924812,4.428571428571428,0.7289603960396039,H,6,3,2
2024_25,2024-12-15,Southampton,Tottenham,0,5,A,0,5,A,9,18,3,9,2,5,8,15,1,3,0,0,4.29,4.47,1.69,1370.4384181807031,1520.5689190655735,-150.13050088487034,Southampton,0,5,9,18,0.0,1.0,4.0,18.0,0.8,2.4,7.2,20.2,Tottenham,5,0,18,9,3.0,4.0,13.0,17.0,1.8,1.6,11.8,16.6,0.2331002331002331,0.2237136465324385,0.591715976331361,0.22231148858028232,0.21335934810053944,0.5643291633191783,0.8802938138413864,1.9063468380580741,-0.34201767473889594,0.21335934810053944,0.3939393939393939,1.0419580419580419,2.6449704142011834,A,22,24,0
2024_25,2024-12-16,Bournemouth,West Ham,1,1,D,0,0,D,29,16,9,3,12,6,6,11,0,2,0,0,1.71,4.19,4.43,1512.21318004796,1478.318888790611,33.89429125734887,Bournemouth,1,1,29,16,2.0,1.0,22.0,18.0,2.0,1.6,17.8,11.6,West Ham,1,1,16,29,2.0,1.0,19.0,19.0,1.4,1.8,17.6,15.8,0.5847953216374269,0.2386634844868735,0.22573363431151244,0.5573766061395896,0.22747350751758907,0.2151498863428213,1.8996033259363578,0.8729231665460531,0.34222671979676833,0.22747350751758907,2.590643274853801,2.450292397660819,0.9458239277652372,D,2,25,1
2024_25,2024-12-21,West Ham,Brighton,1,1,D,0,0,D,11,12,4,6,8,4,14,20,2,2,0,0,2.8,3.75,2.38,1481.3683653013165,1517.7344149917426,-36.36604969042605,West Ham,1,1,11,12,1.0,1.0,16.0,29.0,1.6,2.0,18.6,18.0,Brighton,1,1,12,11,1.0,3.0,17.0,13.0,1.4,2.0,14.8,11.6,0.35714285714285715,0.26666666666666666,0.42016806722689076,0.3420982023074859,0.2554333243895895,0.40246847330292457,1.281727931312047,1.462838744298363,-0.06037027099543868,0.2554333243895895,0.85,1.3392857142857144,1.5756302521008405,D,25,4,1
2024_25,2024-12-21,Brentford,Nott'm Forest,0,2,A,0,1,A,7,10,3,6,9,5,9,14,3,4,0,0,2.35,3.52,2.99,1489.1300178977103,1504.2042138079005,-15.074195910190156,Brentford,0,2,7,10,1.0,2.0,9.0,26.0,2.0,1.6,10.2,19.2,Nott'm Forest,2,0,10,7,2.0,1.0,17.0,8.0,1.2,1.8,11.8,13.6,0.425531914893617,0.2840909090909091,0.33444816053511706,0.40756990779644736,0.2720992282163783,0.32033086398717436,1.4948089516057204,1.2330918201779013,0.087239043809273,0.2720992282163783,1.2723404255319148,1.4978723404255319,1.177257525083612,A,3,20,0
2024_25,2024-12-21,Ipswich,Newcastle,0,4,A,0,3,A,10,15,2,7,2,1,9,7,2,0,0,0,4.61,3.95,1.74,1449.8025036553647,1542.1070436794969,-92.30454002413217,Ipswich,0,4,10,15,2.0,1.0,10.0,16.0,0.8,1.2,11.0,14.8,Newcastle,4,0,15,10,4.0,0.0,27.0,4.0,2.0,2.0,15.8,12.4,0.21691973969631234,0.2531645569620253,0.5747126436781609,0.20761904186515787,0.24230981848060196,0.5500711396542401,0.8651669440760755,1.8925232374433225,-0.34245209778908225,0.24230981848060196,0.37744034707158347,0.8568329718004338,2.270114942528736,A,12,19,0
2024_25,2024-12-21,Aston Villa,Man City,2,1,H,1,0,H,11,12,6,6,5,4,14,7,3,3,0,0,3.29,3.71,2.12,1549.1144337479348,1628.375786118515,-79.2613523705802,Aston Villa,2,1,11,12,1.0,2.0,8.0,17.0,1.4,1.6,14.6,12.0,Man City,1,2,12,11,1.0,2.0,10.0,10.0,1.2,2.0,14.0,12.2,0.303951367781155,0.2695417789757412,0.4716981132075471,0.29080932784636493,0.25788751714677643,0.45130315500685875,1.1303155006858712,1.6117969821673528,-0.16049382716049382,0.25788751714677643,0.6443768996960486,1.127659574468085,1.75,H,1,17,2
2024_25,2024-12-21,Crystal Palace,Arsenal,1,5,A,1,3,A,15,14,6,6,3,3,9,8,2,2,0,0,6.08,4.11,1.57,1485.3511659466674,1651.3067662727915,-165.9556003261241,Crystal Palace,1,5,15,14,3.0,1.0,13.0,17.0,1.8,1.2,13.4,11.2,Arsenal,5,1,14,15,0.0,0.0,13.0,2.0,2.2,0.6,14.8,5.6,0.16447368421052633,0.24330900243309,0.6369426751592356,0.15743246045707066,0.23289278821873222,0.6096747513241971,0.7051901695899442,2.0619170421913235,-0.4522422908671265,0.23289278821873222,0.2582236842105263,0.6759868421052632,2.6178343949044587,A,8,0,0
2024_25,2024-12-22,Everton,Chelsea,0,0,D,0,0,D,5,12,4,5,2,5,20,12,4,1,0,0,5.18,4.13,1.63,1464.3560986845143,1600.2118789285123,-135.85578024399797,Everton,0,0,5,12,0.0,0.0,2.0,13.0,0.8,0.8,13.6,10.0,Chelsea,0,0,12,5,2.0,1.0,26.0,9.0,3.2,1.2,20.4,8.4,0.19305019305019305,0.24213075060532688,0.6134969325153374,0.18408912539959038,0.2308914454164354,0.5850194291839743,0.7831588216152064,1.9859497329683584,-0.40093030378438393,0.2308914454164354,0.31467181467181465,0.7972972972972974,2.5337423312883436,D,9,6,1
2024_25,2024-12-22,Fulham,Southampton,0,0,D,0,0,D,16,5,5,1,6,5,8,15,1,3,0,0,1.42,4.96,7.21,1520.4628093691056,1362.3180330810796,158.14477628802592,Fulham,0,0,16,5,2.0,2.0,12.0,16.0,1.6,1.8,8.8,11.8,Southampton,0,0,5,16,0.0,5.0,9.0,18.0,0.8,3.0,7.2,22.2,0.7042253521126761,0.20161290322580647,0.13869625520110956,0.6742001772147126,0.19301698621872818,0.13278283656655918,2.215617517862866,0.5913654959184057,0.5414173406481534,0.19301698621872818,5.077464788732395,3.4929577464788735,0.6879334257975035,D,10,22,1
2024_25,2024-12-22,Leicester,Wolves,0,3,A,0,3,A,9,8,5,4,6,1,15,16,2,0,0,0,2.55,3.56,2.69,1429.6697516066365,1405.1149923347568,24.554759271879675,Leicester,0,3,9,8,0.0,4.0,4.0,27.0,1.4,2.6,6.6,20.6,Wolves,3,0,8,9,1.0,2.0,16.0,10.0,1.6,2.6,12.2,12.8,0.3921568627450981,0.2808988764044944,0.3717472118959108,0.3753405006682632,0.2688534485123795,0.3558060508193573,1.394874950517169,1.3362716009704514,0.0195344498489059,0.2688534485123795,1.0549019607843138,1.3960784313725492,1.3234200743494424,A,14,26,0
2024_25,2024-12-22,Man United,Bournemouth,0,3,A,0,1,A,23,10,7,5,13,1,11,11,1,3,0,0,1.85,3.88,4.07,1538.8702191450554,1509.1637035372544,29.706515607801066,Man United,0,3,23,10,2.0,1.0,10.0,10.0,1.8,1.4,10.8,10.8,Bournemouth,3,0,10,23,1.0,1.0,29.0,16.0,1.8,1.2,20.6,12.4,0.5405405405405405,0.2577319587628866,0.24570024570024568,0.5177726555865582,0.2468761373286425,0.2353512070847992,1.800194104088317,0.9529297585830401,0.282421448501759,0.2468761373286425,2.2,2.097297297297297,0.9533169533169532,A,18,2,0
2024_25,2024-12-22,Tottenham,Liverpool,3,6,A,1,3,A,9,24,5,12,7,5,7,9,1,2,0,0,4.29,4.33,1.72,1528.689304165197,1662.111384896994,-133.422080731797,Tottenham,3,6,9,24,5.0,0.0,18.0,9.0,2.6,1.2,12.0,16.8,Liverpool,6,3,24,9,2.0,2.0,16.0,12.0,2.4,1.4,18.2,11.2,0.2331002331002331,0.23094688221709006,0.5813953488372093,0.22296801698096824,0.22090826624673296,0.5561237167722988,0.8898123171896377,1.8892794165636293,-0.33315569979133053,0.22090826624673296,0.4009324009324009,1.0093240093240092,2.5174418604651163,A,24,15,0
2024_25,2024-12-26,Liverpool,Leicester,3,1,H,1,1,D,19,4,7,1,14,1,17,5,3,2,0,0,1.08,12.4,25.35,1670.7156885325883,1416.3806920589504,254.33499647363783,Liverpool,3,1,19,4,6.0,3.0,24.0,9.0,3.2,2.0,20.2,10.6,Leicester,1,3,4,19,0.0,3.0,9.0,8.0,1.2,2.8,7.6,19.0,0.9259259259259258,0.08064516129032258,0.03944773175542406,0.8851905043507646,0.07709723747571176,0.0377122581735237,2.732668750528006,0.19023401199628287,0.8474782461772409,0.07709723747571176,23.47222222222222,11.481481481481481,0.4891518737672584,H,15,14,2
2024_25,2024-12-26,Wolves,Man United,2,0,H,0,0,D,7,11,4,4,4,4,12,12,2,2,0,1,3.8,3.7,1.94,1418.404051882443,1525.4370295835824,-107.03297770113954,Wolves,2,0,7,11,3.0,0.0,8.0,9.0,1.4,2.4,11.8,12.6,Man United,0,2,11,7,0.0,3.0,23.0,10.0,1.6,1.8,13.2,10.6,0.2631578947368421,0.27027027027027023,0.5154639175257733,0.2508912967493883,0.25767214260747984,0.49143656064313185,1.0103460328556446,1.7319818245368754,-0.24054526389374353,0.25767214260747984,0.5105263157894737,0.9736842105263159,1.907216494845361,H,26,18,2
2024_25,2024-12-26,Southampton,West Ham,0,1,A,0,0,D,18,16,5,2,2,2,15,8,1,2,0,0,3.24,3.56,2.18,1368.3674189585474,1480.3550626469741,-111.98764368842672,Southampton,0,1,18,16,0.0,0.0,5.0,16.0,0.4,2.4,6.8,20.0,West Ham,1,0,16,18,1.0,1.0,11.0,12.0,1.4,2.2,17.8,16.8,0.30864197530864196,0.2808988764044944,0.4587155963302752,0.2944336530290154,0.2679677066893287,0.4375986402816559,1.1512686657763749,1.5807636275342964,-0.14316498725264049,0.2679677066893287,0.6728395061728395,1.0987654320987654,1.6330275229357798,A,22,25,0
2024_25,2024-12-26,Nott'm Forest,Tottenham,1,0,H,1,0,H,10,13,3,4,2,7,12,13,3,2,0,1,2.35,3.74,2.82,1516.3504584934283,1520.0850005296027,-3.734542036174389,Nott'm Forest,1,0,10,13,2.0,0.0,10.0,7.0,1.6,1.2,12.4,11.2,Tottenham,0,1,13,10,3.0,6.0,9.0,24.0,2.4,2.4,12.0,17.0,0.425531914893617,0.267379679144385,0.3546099290780142,0.4062273714699493,0.2552498189717596,0.3385228095582911,1.4739319333816074,1.270818247646633,0.06770456191165819,0.2552498189717596,1.2,1.5914893617021277,1.3262411347517733,H,20,24,2
2024_25,2024-12-26,Chelsea,Fulham,1,2,A,1,0,H,12,14,8,7,3,1,13,13,1,3,0,0,1.47,4.88,6.15,1598.2451211189882,1514.4134234916378,83.83169762735042,Chelsea,1,2,12,14,0.0,0.0,12.0,5.0,2.8,1.0,19.6,8.6,Fulham,2,1,14,12,0.0,0.0,16.0,5.0,1.4,1.0,10.0,10.8,0.6802721088435374,0.20491803278688525,0.16260162601626016,0.6492436091299071,0.1955713330780663,0.15518505779202657,2.1433021604677873,0.6611265064541461,0.4940585513378805,0.1955713330780663,4.183673469387755,3.3197278911564627,0.7934959349593496,A,6,10,0
2024_25,2024-12-26,Bournemouth,Crystal Palace,0,0,D,0,0,D,18,10,4,4,5,2,13,12,2,2,0,0,1.9,3.77,3.87,1522.5968930987274,1477.6795315655083,44.91736153321904,Bournemouth,0,0,18,10,3.0,0.0,10.0,23.0,2.2,0.8,18.8,15.8,Crystal Palace,0,0,10,18,1.0,5.0,15.0,14.0,1.6,1.8,13.8,10.6,0.5263157894736842,0.26525198938992045,0.25839793281653745,0.5012695020597198,0.25262919201948747,0.24610130592079266,1.7564376981986467,0.9909331097818654,0.2551681961389271,0.25262919201948747,2.0368421052631582,1.9842105263157896,0.9741602067183462,D,2,8,1
2024_25,2024-12-26,Man City,Everton,1,1,D,1,1,D,24,8,5,3,8,5,5,10,1,4,0,0,1.34,5.46,8.59,1617.5959610864736,1466.3228564940384,151.27310459243517,Man City,1,1,24,8,1.0,2.0,12.0,11.0,1.4,1.6,11.8,12.6,Everton,1,1,8,24,0.0,0.0,5.0,12.0,0.8,0.8,11.0,10.2,0.7462686567164178,0.18315018315018314,0.11641443538998836,0.71356369544976,0.17512369082466636,0.11131261372557373,2.3158147771739466,0.5090615320013876,0.6022510817241862,0.17512369082466636,6.410447761194029,4.074626865671641,0.6356228172293364,D,17,9,1
2024_25,2024-12-26,Newcastle,Aston Villa,3,0,H,1,0,H,22,4,8,1,9,6,15,10,2,1,0,1,1.93,3.91,3.66,1551.9338931048255,1559.894258779976,-7.96036567515057,Newcastle,3,0,22,4,4.0,0.0,15.0,10.0,2.8,1.6,15.2,11.4,Aston Villa,0,3,4,22,2.0,1.0,11.0,12.0,1.4,1.4,13.4,11.8,0.5181347150259068,0.2557544757033248,0.27322404371584696,0.4948220478757431,0.24424720010234888,0.2609307520219082,1.728713343729578,1.0270394561680734,0.2338912958538349,0.24424720010234888,1.8963730569948187,2.0259067357512954,1.0683060109289617,H,19,1,2
2024_25,2024-12-27,Brighton,Brentford,0,0,D,0,0,D,24,8,7,3,5,3,6,12,0,2,0,0,1.64,4.44,4.89,1518.747717646085,1476.9837732121825,41.76394443390245,Brighton,0,0,24,8,1.0,1.0,12.0,11.0,1.2,2.0,16.0,10.0,Brentford,0,0,8,24,0.0,2.0,7.0,10.0,2.0,2.0,9.8,15.8,0.6097560975609756,0.2252252252252252,0.20449897750511248,0.5865970691220335,0.21667098949552585,0.19673194138244066,1.9764621968616263,0.8068668136428478,0.3898651277395928,0.21667098949552585,2.9817073170731705,2.707317073170732,0.9079754601226995,D,4,3,1
2024_25,2024-12-27,Arsenal,Ipswich,1,0,H,1,0,H,13,3,5,0,5,1,7,12,1,1,0,0,1.16,8.37,17.31,1658.9784006539505,1439.975654230036,219.00274642391446,Arsenal,1,0,13,3,5.0,1.0,14.0,15.0,2.6,0.8,13.8,7.2,Ipswich,0,1,3,13,0.0,4.0,10.0,15.0,0.6,1.8,10.8,15.6,0.8620689655172414,0.11947431302270013,0.057770075101097634,0.8294601069996307,0.11495504469767881,0.05558484830269044,2.603335365696571,0.2817095896057501,0.7738752586969403,0.11495504469767881,14.922413793103448,7.2155172413793105,0.48353552859618715,H,0,12,2
2024_25,2024-12-29,Tottenham,Wolves,2,2,D,2,1,H,13,11,3,3,5,5,9,10,1,2,0,0,1.61,4.77,4.56,1511.5637023511285,1430.0190220863437,81.5446802647848,Tottenham,2,2,13,11,0.0,1.0,13.0,10.0,2.2,2.4,13.0,16.2,Wolves,2,2,11,13,2.0,0.0,7.0,11.0,1.4,1.6,11.2,12.4,0.6211180124223602,0.20964360587002098,0.2192982456140351,0.5915072404650213,0.19964919437079343,0.20884356516418523,1.9741709157658576,0.8261798898633491,0.3826636753008361,0.19964919437079343,2.8322981366459623,2.962732919254658,1.0460526315789473,D,24,26,1
2024_25,2024-12-29,Fulham,Bournemouth,2,2,D,1,0,H,11,16,6,9,1,7,7,16,1,3,0,0,2.35,3.58,2.91,1529.2807120896168,1519.2452680380961,10.035444051520699,Fulham,2,2,11,16,2.0,1.0,14.0,12.0,1.6,1.0,10.0,11.6,Bournemouth,2,2,16,11,0.0,0.0,18.0,10.0,1.4,0.4,20.0,15.8,0.425531914893617,0.27932960893854747,0.3436426116838488,0.405846672873822,0.26640773219370995,0.3277455949324679,1.483947750815176,1.2496445169911137,0.07810107794135407,0.26640773219370995,1.2382978723404257,1.523404255319149,1.2302405498281788,D,10,2,1
2024_25,2024-12-29,West Ham,Liverpool,0,5,A,0,3,A,7,22,0,13,3,6,7,10,0,0,0,0,7.04,5.21,1.4,1489.5922776198038,1673.5273079942135,-183.93503037440973,West Ham,0,5,7,22,1.0,0.0,16.0,18.0,1.2,1.2,18.6,17.2,Liverpool,5,0,22,7,3.0,1.0,19.0,4.0,3.2,1.8,18.6,10.0,0.14204545454545456,0.19193857965451055,0.7142857142857143,0.13550467782806103,0.18310037080797495,0.6813949513639639,0.5896144042921581,2.227285224899867,-0.5458902735359028,0.18310037080797495,0.19886363636363635,0.7400568181818181,3.7214285714285715,A,25,15,0
2024_25,2024-12-29,Crystal Palace,Southampton,2,1,H,1,1,D,19,7,10,3,8,7,18,19,2,3,0,0,1.61,4.11,5.42,1481.0311566261396,1359.1302039857178,121.90095264042179,Crystal Palace,2,1,19,7,0.0,0.0,10.0,18.0,1.4,1.6,12.6,14.0,Southampton,1,2,7,19,0.0,1.0,18.0,16.0,0.2,2.4,8.4,18.8,0.6211180124223602,0.24330900243309,0.18450184501845018,0.5921450311673467,0.2319594890947514,0.1758954797379019,2.0083945825967913,0.7596459283084571,0.41624955142944486,0.2319594890947514,3.3664596273291925,2.5527950310559007,0.7583025830258303,H,8,22,2
2024_25,2024-12-29,Leicester,Man City,0,2,A,0,1,A,11,14,4,5,4,4,11,6,2,1,0,0,7.92,5.62,1.34,1413.5690725973252,1611.6868955078696,-198.11782291054442,Leicester,0,2,11,14,1.0,3.0,4.0,19.0,1.2,2.6,7.0,20.2,Man City,2,0,14,11,1.0,1.0,24.0,8.0,1.6,1.4,15.0,10.6,0.12626262626262627,0.17793594306049823,0.7462686567164178,0.12019663549015226,0.1693874293740224,0.7104159351358252,0.5299773358444793,2.3006352347814985,-0.590219299645673,0.1693874293740224,0.1691919191919192,0.7095959595959597,4.1940298507462686,A,14,17,0
2024_25,2024-12-29,Everton,Nott'm Forest,0,2,A,0,1,A,13,11,2,7,5,4,13,10,4,1,0,0,2.64,3.16,2.83,1472.2319220726424,1524.8717566719024,-52.639834599259984,Everton,0,2,13,11,1.0,1.0,8.0,24.0,1.0,1.0,7.2,13.2,Nott'm Forest,2,0,11,13,1.0,0.0,10.0,13.0,1.6,1.2,12.0,12.4,0.3787878787878788,0.3164556962025316,0.35335689045936397,0.3612318430789614,0.30178862839508164,0.3369795285259569,1.3854841576319659,1.3127272139729524,0.024252314553004473,0.30178862839508164,1.071969696969697,1.196969696969697,1.11660777385159,A,9,20,0
2024_25,2024-12-30,Aston Villa,Brighton,2,2,D,1,1,D,20,13,4,4,12,3,9,14,2,3,0,0,1.94,3.86,3.61,1551.2495086235099,1515.4819294728625,35.76757915064741,Aston Villa,2,2,20,13,0.0,3.0,4.0,22.0,1.4,1.4,12.2,12.8,Brighton,2,2,13,20,0.0,0.0,24.0,8.0,1.0,1.8,16.4,9.6,0.5154639175257733,0.2590673575129534,0.2770083102493075,0.490199251400107,0.24636957194720405,0.26343117665268906,1.7169673261475251,1.0366631019052712,0.22676807474741795,0.24636957194720405,1.8608247422680413,1.9896907216494846,1.0692520775623269,D,1,4,1
2024_25,2024-12-30,Ipswich,Chelsea,2,0,H,1,0,H,9,20,6,5,4,7,9,5,4,4,0,0,6.87,5.02,1.41,1436.6308825835415,1583.3778325210092,-146.74694993746766,Ipswich,2,0,9,20,0.0,1.0,3.0,13.0,0.6,1.8,10.0,15.8,Chelsea,0,2,20,9,1.0,2.0,12.0,14.0,2.4,1.4,18.6,9.4,0.14556040756914118,0.19920318725099603,0.7092198581560284,0.13810502162829766,0.18900029852318825,0.6728946798485141,0.6033153634080812,2.2076843380687308,-0.5347896582202165,0.18900029852318825,0.20524017467248906,0.7307132459970888,3.5602836879432624,H,12,6,2
2024_25,2024-12-30,Man United,Newcastle,0,2,A,0,2,A,10,12,0,4,2,3,13,8,1,1,0,0,2.7,3.61,2.49,1513.8220593796816,1560.5786432612917,-46.75658388161014,Man United,0,2,10,12,0.0,2.0,11.0,7.0,0.8,2.2,13.2,10.4,Newcastle,2,0,12,10,3.0,0.0,22.0,4.0,3.2,1.4,19.4,9.0,0.37037037037037035,0.2770083102493075,0.4016064257028112,0.3530749561057233,0.26407268185192606,0.38285236204235057,1.323297550169096,1.4126297679789779,-0.029777405936627255,0.26407268185192606,0.9222222222222223,1.3370370370370368,1.4497991967871484,A,18,19,0
2024_25,2025-01-01,Brentford,Arsenal,1,3,A,1,1,D,5,14,2,5,4,3,6,8,1,2,0,0,6.67,4.8,1.44,1480.249561385405,1662.323172300445,-182.07361091504004,Brentford,1,3,5,14,0.0,0.0,8.0,24.0,1.2,1.8,8.8,19.2,Arsenal,3,1,14,5,1.0,0.0,13.0,3.0,1.8,0.4,13.2,5.4,0.14992503748125938,0.20833333333333334,0.6944444444444444,0.14241914746315892,0.19790327366234794,0.6596775788744931,0.6251607160518247,2.1769360102858273,-0.5172584314113342,0.19790327366234794,0.21589205397301348,0.7196401799100449,3.3333333333333335,A,3,0,0
2024_25,2025-01-04,Southampton,Brentford,0,5,A,0,1,A,8,20,1,11,2,2,10,4,2,0,0,0,2.78,3.54,2.48,1353.904022761528,1473.0238004479434,-119.11977768641532,Southampton,0,5,8,20,1.0,2.0,7.0,19.0,0.2,1.8,8.6,17.4,Brentford,5,0,20,8,1.0,3.0,5.0,14.0,1.2,1.8,8.0,18.0,0.3597122302158274,0.2824858757062147,0.40322580645161293,0.3440826500697634,0.27021179864235656,0.38570555128788,1.3024597488516467,1.4273284525059964,-0.04162290121811657,0.27021179864235656,0.8920863309352518,1.2733812949640289,1.4274193548387097,A,22,3,0
2024_25,2025-01-04,Man City,West Ham,4,1,H,2,0,H,10,17,7,4,7,1,8,13,2,1,0,0,1.31,6.09,8.3,1618.481442752898,1482.417216074348,136.06422667854986,Man City,4,1,10,17,2.0,0.0,14.0,11.0,1.4,1.4,14.4,10.4,West Ham,1,4,17,10,0.0,5.0,7.0,22.0,1.0,1.6,13.8,20.0,0.7633587786259541,0.16420361247947454,0.12048192771084336,0.7283649793437553,0.15667621066343507,0.11495880999280958,2.341771148694701,0.5015526406418638,0.6134061693509457,0.15667621066343507,6.33587786259542,4.648854961832061,0.733734939759036,H,17,25,2
2024_25,2025-01-04,Brighton,Arsenal,1,1,D,0,1,A,11,9,4,3,2,5,17,14,2,3,0,0,4.36,3.83,1.8,1518.5831626740996,1669.5489332379068,-150.96577056380715,Brighton,1,1,11,9,2.0,2.0,13.0,20.0,1.2,1.6,16.4,12.4,Arsenal,1,1,9,11,3.0,1.0,14.0,5.0,2.0,0.6,13.2,5.4,0.2293577981651376,0.2610966057441253,0.5555555555555556,0.21926922979059058,0.24961196916109002,0.5311188010483194,0.9074196585328618,1.8429683723060484,-0.31184957125772883,0.24961196916109002,0.4128440366972477,0.8784403669724771,2.1277777777777778,D,4,0,1
2024_25,2025-01-04,Bournemouth,Everton,1,0,H,0,0,D,19,9,8,0,9,3,15,14,2,2,0,0,1.75,3.82,4.71,1521.6221575641055,1461.2077092480743,60.41444831603121,Bournemouth,1,0,19,9,2.0,2.0,16.0,11.0,1.6,0.8,19.0,15.6,Everton,0,1,9,19,0.0,2.0,13.0,11.0,1.0,0.6,8.2,13.2,0.5714285714285714,0.2617801047120419,0.21231422505307856,0.5465481155660593,0.2503819901153413,0.20306989431859954,1.890026336813519,0.8595916730711399,0.34347822124745975,0.2503819901153413,2.6914285714285713,2.182857142857143,0.81104033970276,H,2,9,2
2024_25,2025-01-04,Aston Villa,Leicester,2,1,H,0,0,D,13,4,5,2,7,2,10,11,0,1,0,0,1.32,5.51,9.16,1548.1482754222727,1406.774525352297,141.3737500699758,Aston Villa,2,1,13,4,2.0,2.0,20.0,13.0,1.2,1.6,12.2,13.6,Leicester,1,2,4,13,0.0,2.0,11.0,14.0,0.6,2.8,7.6,16.8,0.7575757575757576,0.18148820326678766,0.1091703056768559,0.7227160776676785,0.17313706397846385,0.10414685835385762,2.3412852969814995,0.4855776390400367,0.6185692193138209,0.17313706397846385,6.9393939393939394,4.174242424242424,0.601528384279476,H,1,14,2
2024_25,2025-01-04,Crystal Palace,Chelsea,1,1,D,0,1,A,13,15,6,1,6,6,9,12,0,2,0,0,3.65,3.88,1.95,1486.2573378503293,1570.595432880975,-84.33809503064572,Crystal Palace,1,1,13,15,2.0,1.0,19.0,7.0,1.6,1.8,13.8,13.6,Chelsea,1,1,15,13,0.0,2.0,20.0,9.0,1.4,1.6,17.4,10.0,0.273972602739726,0.2577319587628866,0.5128205128205129,0.2622939453294274,0.24674559290010573,0.4909604617704668,1.033627428888388,1.7196269782115061,-0.2286665164410394,0.24674559290010573,0.5342465753424658,1.063013698630137,1.9897435897435898,D,8,6,1
2024_25,2025-01-04,Tottenham,Newcastle,1,2,A,1,2,A,13,14,4,4,9,10,11,15,1,4,0,0,2.88,3.94,2.24,1507.2537295797636,1571.7800464312113,-64.52631685144775,Tottenham,1,2,13,14,2.0,2.0,13.0,11.0,2.6,2.6,13.2,14.2,Newcastle,2,1,14,13,2.0,0.0,12.0,10.0,3.0,0.8,18.4,7.8,0.3472222222222222,0.25380710659898476,0.4464285714285714,0.3314903846153846,0.2423076923076923,0.42620192307692306,1.236778846153846,1.5209134615384614,-0.09471153846153846,0.2423076923076923,0.7777777777777779,1.3680555555555556,1.7589285714285712,A,24,19,0
2024_25,2025-01-05,Fulham,Ipswich,2,2,D,0,1,A,15,7,4,3,9,2,10,14,1,5,0,0,1.56,4.34,5.68,1526.9038225636075,1449.4132822235756,77.49054034003188,Fulham,2,2,15,7,2.0,2.0,11.0,16.0,1.4,1.2,11.0,12.2,Ipswich,2,2,7,15,2.0,0.0,9.0,20.0,1.0,1.6,10.0,17.2,0.641025641025641,0.2304147465437788,0.17605633802816903,0.6119595654677973,0.2199670327487935,0.16807340178340913,2.0558457291521854,0.7241872380990209,0.44388616368438816,0.2199670327487935,3.6410256410256405,2.782051282051282,0.7640845070422535,D,10,12,1
2024_25,2025-01-05,Liverpool,Man United,2,2,D,0,0,D,19,13,6,4,6,9,10,13,2,4,0,0,1.29,6.05,9.49,1680.7023695396692,1502.620656209762,178.0817133299072,Liverpool,2,2,19,13,5.0,0.0,22.0,7.0,3.8,1.8,19.4,9.8,Man United,2,2,13,19,0.0,2.0,10.0,12.0,0.8,2.2,14.2,10.0,0.7751937984496123,0.1652892561983471,0.1053740779768177,0.7412042948008742,0.1580419074864674,0.10075379771265836,2.3816547918890905,0.46030330062444247,0.6404504970882159,0.1580419074864674,7.3565891472868215,4.6899224806201545,0.6375131717597471,D,15,18,1
2024_25,2025-01-06,Wolves,Nott'm Forest,0,3,A,0,2,A,13,11,6,3,5,3,10,8,1,2,0,0,3.22,3.22,2.33,1434.3289948577087,1535.8959694964706,-101.56697463876185,Wolves,0,3,13,11,2.0,2.0,11.0,13.0,1.8,1.2,12.2,12.4,Nott'm Forest,3,0,11,13,2.0,0.0,11.0,13.0,2.0,0.6,11.8,11.6,0.3105590062111801,0.3105590062111801,0.4291845493562232,0.29568527918781723,0.29568527918781723,0.4086294416243655,1.182741116751269,1.5215736040609138,-0.11294416243654826,0.29568527918781723,0.7236024844720497,1.0,1.3819742489270386,A,26,20,0
2024_25,2025-01-14,Brentford,Man City,2,2,D,0,0,D,18,21,6,8,4,5,4,4,0,0,0,0,4.76,4.47,1.64,1482.0491425275723,1623.3941631154455,-141.34502058787325,Brentford,2,2,18,21,5.0,0.0,20.0,8.0,1.4,1.4,9.8,16.4,Man City,2,2,21,18,4.0,1.0,10.0,17.0,1.8,1.2,14.0,11.4,0.21008403361344538,0.2237136465324385,0.6097560975609756,0.2013159629157696,0.21437673008480163,0.5843073069994288,0.8183246188321104,1.9672986510830879,-0.3829913440836592,0.21437673008480163,0.3445378151260504,0.9390756302521008,2.725609756097561,D,3,17,1
2024_25,2025-01-14,Chelsea,Bournemouth,2,2,D,1,0,H,26,7,10,3,9,3,15,16,2,3,0,0,1.5,4.81,5.92,1570.1623609787623,1528.3560836913907,41.806277287371586,Chelsea,2,2,26,7,1.0,1.0,15.0,13.0,0.8,1.2,17.0,10.0,Bournemouth,2,2,7,26,1.0,0.0,19.0,9.0,1.4,0.6,18.4,13.8,0.6666666666666666,0.2079002079002079,0.16891891891891891,0.6388842769384028,0.19923626099950192,0.1618794620620953,2.11588909181471,0.6848746471857878,0.47700481487630747,0.19923626099950192,3.9466666666666668,3.2066666666666666,0.8124999999999999,D,6,2,1
2024_25,2025-01-14,West Ham,Fulham,3,2,H,2,0,H,4,21,3,5,0,3,9,18,3,3,0,0,2.97,3.43,2.41,1477.5044957118005,1522.6962138032752,-45.19171809147474,West Ham,3,2,4,21,1.0,4.0,17.0,10.0,0.8,2.2,13.4,18.2,Fulham,2,3,21,4,2.0,2.0,15.0,7.0,1.6,1.4,13.6,11.2,0.33670033670033667,0.29154518950437314,0.41493775933609955,0.3227623959923627,0.2794764769963024,0.397761127011335,1.2477636649733905,1.4727598580303072,-0.07499873101897225,0.2794764769963024,0.8114478114478114,1.1548821548821548,1.4232365145228216,H,25,10,2
2024_25,2025-01-14,Nott'm Forest,Liverpool,1,1,D,1,0,H,6,23,3,7,0,9,7,10,2,1,0,0,5.14,4.16,1.64,1545.4445868525981,1674.2637504149352,-128.81916356233705,Nott'm Forest,1,1,6,23,3.0,0.0,11.0,13.0,2.0,0.2,11.8,10.8,Liverpool,1,1,23,6,2.0,2.0,19.0,13.0,3.6,1.6,20.0,9.0,0.19455252918287938,0.24038461538461536,0.6097560975609756,0.18622933636145264,0.230100670408141,0.5836699932304065,0.7887886794924989,1.9811106500993605,-0.3974406568689538,0.230100670408141,0.31906614785992216,0.8093385214007783,2.5365853658536586,D,20,15,1
2024_25,2025-01-15,Everton,Aston Villa,0,1,A,0,0,D,10,11,3,3,8,5,17,10,2,1,0,0,3.2,3.24,2.35,1454.473783120789,1552.9469062780252,-98.47312315723616,Everton,0,1,10,11,0.0,1.0,9.0,19.0,0.2,0.8,7.4,15.8,Aston Villa,1,0,11,10,2.0,1.0,13.0,4.0,1.4,1.8,11.2,13.6,0.3125,0.30864197530864196,0.425531914893617,0.2985648184456121,0.2948788330327033,0.4065563485216846,1.1905732883695397,1.514547878597757,-0.10799153007607248,0.2948788330327033,0.734375,1.0125,1.3787234042553191,A,9,1,0
2024_25,2025-01-15,Leicester,Crystal Palace,0,2,A,0,0,D,21,9,4,4,4,3,7,6,0,0,0,0,3.88,3.73,1.92,1401.9758944965445,1486.690409752542,-84.71451525599764,Leicester,0,2,21,9,1.0,2.0,4.0,13.0,0.4,2.8,6.4,16.2,Crystal Palace,2,0,9,21,1.0,1.0,13.0,15.0,1.4,1.6,14.0,14.2,0.2577319587628866,0.2680965147453083,0.5208333333333334,0.2462418682694027,0.2561443562695127,0.4976137754610846,0.9948699610777207,1.7489856826527665,-0.2513719071916819,0.2561443562695127,0.4948453608247423,0.961340206185567,1.9427083333333335,A,14,8,0
2024_25,2025-01-15,Newcastle,Wolves,3,0,H,1,0,H,17,13,5,7,4,2,10,13,0,2,0,0,1.35,5.54,8.08,1582.445455274865,1424.7803775015811,157.66507777328388,Newcastle,3,0,17,13,2.0,1.0,14.0,13.0,3.0,0.2,18.0,8.2,Wolves,0,3,13,17,0.0,3.0,13.0,11.0,1.6,1.4,11.0,10.8,0.7407407407407407,0.18050541516245489,0.12376237623762376,0.7088370266444128,0.1727310443989093,0.1184319289566779,2.2992421243321477,0.528026831268943,0.590405097687735,0.1727310443989093,5.985185185185185,4.103703703703704,0.6856435643564357,H,19,26,2
2024_25,2025-01-15,Arsenal,Tottenham,2,1,H,2,1,H,14,10,4,2,10,4,16,9,3,1,0,0,1.4,5.29,6.86,1667.14538489179,1496.5883207361098,170.5570641556801,Arsenal,2,1,14,10,1.0,1.0,9.0,11.0,2.0,0.6,12.6,7.2,Tottenham,1,2,10,14,1.0,2.0,13.0,14.0,2.2,2.2,13.2,13.6,0.7142857142857143,0.1890359168241966,0.14577259475218657,0.6808594468230412,0.18018964566205248,0.13895090751490635,2.2227679861311764,0.5970423682067716,0.5419085393081349,0.18018964566205248,4.9,3.778571428571429,0.771137026239067,H,0,24,2
2024_25,2025-01-16,Man United,Southampton,3,1,H,0,1,A,23,13,9,5,5,4,7,10,1,3,0,0,1.3,5.79,9.4,1509.059275334496,1344.8786806818991,164.18059465259694,Man United,3,1,23,13,2.0,2.0,13.0,19.0,0.8,2.0,13.4,11.6,Southampton,1,3,13,23,0.0,5.0,8.0,20.0,0.2,2.6,9.4,17.8,0.7692307692307692,0.17271157167530224,0.10638297872340426,0.7337710487643752,0.1647499764065091,0.10147897482911572,2.3660631226996345,0.4691869008938563,0.6322920739352594,0.1647499764065091,7.230769230769231,4.453846153846154,0.6159574468085106,H,18,22,2
2024_25,2025-01-16,Ipswich,Brighton,0,2,A,0,0,D,5,11,3,5,1,9,13,14,2,2,0,0,3.8,3.73,1.94,1453.6208909839079,1520.9867110202165,-67.3658200363086,Ipswich,0,2,5,11,2.0,2.0,7.0,15.0,1.2,1.6,7.8,15.8,Brighton,2,0,11,5,1.0,1.0,11.0,9.0,1.0,1.4,15.4,12.2,0.2631578947368421,0.2680965147453083,0.5154639175257733,0.25141233123249784,0.25613052511621764,0.4924571436512845,1.0103675188137111,1.733501956070071,-0.24104481241878667,0.25613052511621764,0.5105263157894737,0.9815789473684211,1.922680412371134,A,12,4,0
2024_25,2025-01-18,Newcastle,Bournemouth,1,4,A,1,2,A,13,19,5,10,7,6,7,18,1,6,0,0,1.64,4.3,4.93,1586.9057622570376,1531.6230274174004,55.282734839637214,Newcastle,1,4,13,19,3.0,0.0,17.0,13.0,2.8,0.2,16.0,10.0,Bournemouth,4,1,19,13,2.0,2.0,7.0,26.0,1.6,0.8,14.0,15.8,0.6097560975609756,0.23255813953488372,0.20283975659229211,0.583412684870735,0.22251088446232684,0.19407643066693825,1.972748939074532,0.8047401764631416,0.3893362542037968,0.22251088446232684,3.00609756097561,2.6219512195121952,0.8722109533468559,A,19,2,0
2024_25,2025-01-18,Brentford,Liverpool,0,2,A,0,0,D,11,37,6,8,2,15,6,14,2,3,0,0,6.43,5.15,1.43,1484.175487103757,1672.5029412609651,-188.3274541572082,Brentford,0,2,11,37,2.0,2.0,18.0,21.0,1.6,1.4,11.6,15.4,Liverpool,2,0,37,11,1.0,1.0,23.0,6.0,3.4,1.4,21.4,7.8,0.15552099533437014,0.1941747572815534,0.6993006993006994,0.1482569317086035,0.18510525648278064,0.6666378118086157,0.6298760516085911,2.1850186919086276,-0.5183808801000123,0.18510525648278064,0.2223950233281493,0.8009331259720063,3.6013986013986017,A,3,15,0
2024_25,2025-01-18,Leicester,Fulham,0,2,A,0,0,D,8,17,4,2,5,2,8,8,3,1,0,0,4.17,3.81,1.84,1391.920322491946,1512.9446839424108,-121.02436145046477,Leicester,0,2,8,17,0.0,2.0,21.0,9.0,0.4,2.4,9.8,12.6,Fulham,2,0,17,8,2.0,3.0,21.0,4.0,1.6,1.6,15.4,8.8,0.23980815347721823,0.26246719160104987,0.5434782608695652,0.2293161143440331,0.2509837786915008,0.5197001069644662,0.9389321217236001,1.8100840995848995,-0.29038399262043313,0.2509837786915008,0.44124700239808157,0.9136690647482014,2.0706521739130435,A,14,10,0
2024_25,2025-01-18,West Ham,Crystal Palace,0,2,A,0,0,D,7,12,0,7,2,4,13,10,1,0,1,0,2.62,3.41,2.69,1487.2560255726648,1496.7459817571405,-9.489956184475659,West Ham,0,2,7,12,3.0,2.0,4.0,21.0,1.2,2.4,11.0,16.6,Crystal Palace,2,0,12,7,2.0,0.0,9.0,21.0,1.2,1.4,13.2,15.0,0.38167938931297707,0.29325513196480935,0.3717472118959108,0.3646565877821021,0.2801760293223189,0.35516738289557903,1.374145792668625,1.3456781780090559,0.00948920488652305,0.2801760293223189,1.0267175572519083,1.3015267175572518,1.2676579925650557,A,25,8,0
2024_25,2025-01-18,Arsenal,Aston Villa,2,2,D,1,0,H,18,8,6,4,10,1,10,18,2,3,0,0,1.51,4.35,6.45,1671.35055020173,1562.588329054795,108.76222114693496,Arsenal,2,2,18,8,2.0,1.0,14.0,10.0,2.4,0.8,12.8,8.8,Aston Villa,2,2,8,18,1.0,0.0,11.0,10.0,1.4,1.4,11.8,12.2,0.6622516556291391,0.2298850574712644,0.15503875968992248,0.6324170808398418,0.2195286878317612,0.14805423132839707,2.116779930351287,0.6636913818169524,0.48436284951144476,0.2195286878317612,4.271523178807947,2.880794701986755,0.6744186046511628,D,0,1,1
2024_25,2025-01-19,Everton,Tottenham,3,2,H,3,0,H,12,11,6,6,3,8,14,14,2,1,0,0,2.91,3.51,2.41,1444.8323603440192,1492.3831554261699,-47.55079508215067,Everton,3,2,12,11,0.0,1.0,10.0,11.0,0.2,1.0,9.0,15.4,Tottenham,2,3,11,12,1.0,2.0,10.0,14.0,1.4,2.6,11.6,14.6,0.3436426116838488,0.2849002849002849,0.41493775933609955,0.32932341364852075,0.273028813024842,0.3976477733266371,1.2609990539704041,1.4659721330047533,-0.06832435967811634,0.273028813024842,0.8281786941580757,1.2061855670103092,1.4564315352697095,H,9,24,2
2024_25,2025-01-19,Man United,Brighton,1,3,A,1,1,D,10,6,1,3,4,2,13,12,3,3,0,0,2.09,3.71,3.36,1513.3892453930255,1531.5663181785158,-18.17707278549028,Man United,1,3,10,6,3.0,1.0,23.0,13.0,1.0,2.0,16.0,12.2,Brighton,3,1,6,10,2.0,0.0,11.0,5.0,1.2,0.8,14.2,10.6,0.47846889952153115,0.2695417789757412,0.2976190476190476,0.4575892283577871,0.2577793766220417,0.2846313950201711,1.630547061695403,1.111673561682555,0.172957833337616,0.2577793766220417,1.6076555023923444,1.7751196172248804,1.1041666666666667,A,18,4,0
2024_25,2025-01-19,Nott'm Forest,Southampton,3,2,H,3,0,H,14,10,5,4,2,8,4,18,0,4,0,0,1.39,4.86,8.03,1547.2053960065682,1340.5487106233697,206.65668538319846,Nott'm Forest,3,2,14,10,1.0,1.0,6.0,23.0,1.8,0.2,9.6,13.8,Southampton,2,3,10,14,1.0,3.0,13.0,23.0,0.4,2.2,10.2,18.8,0.7194244604316548,0.20576131687242796,0.12453300124533002,0.6853497099726218,0.19601565779052346,0.11863463223685483,2.252064787708389,0.551919554501088,0.566715077735767,0.19601565779052346,5.776978417266187,3.496402877697842,0.605230386052304,H,20,22,2
2024_25,2025-01-19,Ipswich,Man City,0,6,A,0,3,A,8,17,4,9,4,7,4,7,0,1,0,0,7.72,5.36,1.36,1443.0412838256086,1621.2678185392608,-178.2265347136522,Ipswich,0,6,8,17,0.0,2.0,5.0,11.0,0.8,1.8,6.8,14.8,Man City,6,0,17,8,2.0,2.0,21.0,18.0,2.0,1.2,16.2,13.0,0.1295336787564767,0.18656716417910446,0.7352941176470588,0.12320173066522448,0.17744726879394268,0.699351000540833,0.5470524607896161,2.2755002704164413,-0.5761492698756085,0.17744726879394268,0.1761658031088083,0.694300518134715,3.941176470588235,A,12,17,0
2024_25,2025-01-20,Chelsea,Wolves,3,1,H,1,1,D,19,9,7,4,3,6,8,14,4,2,0,0,1.37,5.51,7.3,1566.8954172527526,1420.3200705194085,146.57534673334408,Chelsea,3,1,19,9,2.0,2.0,26.0,7.0,0.8,1.4,17.0,9.6,Wolves,1,3,9,19,0.0,3.0,13.0,17.0,1.4,1.6,10.4,12.2,0.7299270072992701,0.18148820326678766,0.136986301369863,0.6962284954658514,0.1731094444261736,0.13066206010797485,2.2617949308237275,0.5650956247500981,0.5655664353578765,0.1731094444261736,5.328467153284671,4.021897810218977,0.7547945205479452,H,6,26,2
2024_25,2025-01-25,Man City,Chelsea,3,1,H,1,1,D,15,10,6,4,2,4,6,8,3,2,0,0,2.03,4.03,3.29,1628.5988975085693,1571.5840984913625,57.01479901720677,Man City,3,1,15,10,6.0,0.0,17.0,8.0,3.0,0.8,17.2,12.4,Chelsea,1,3,10,15,3.0,1.0,19.0,9.0,1.4,1.6,18.4,10.4,0.4926108374384237,0.24813895781637715,0.303951367781155,0.47153277402972443,0.23752147178172217,0.29094575418855334,1.6521197938708956,1.1103587343473822,0.1805870198411711,0.23752147178172217,1.620689655172414,1.9852216748768476,1.2249240121580547,H,17,6,2
2024_25,2025-01-25,Wolves,Arsenal,0,1,A,0,0,D,9,9,4,3,1,5,20,10,0,1,1,1,6.85,4.65,1.46,1415.6313892807987,1666.3792336001322,-250.74784431933358,Wolves,0,1,9,9,1.0,3.0,9.0,19.0,1.0,2.2,10.6,14.2,Arsenal,1,0,9,9,2.0,2.0,18.0,8.0,1.8,1.0,13.6,7.4,0.14598540145985403,0.2150537634408602,0.684931506849315,0.1395693066762605,0.20560209693169554,0.654828596392044,0.624310016960477,2.1700878861078277,-0.5152592897157835,0.20560209693169554,0.21313868613138687,0.6788321167883212,3.1849315068493156,A,26,0,0
2024_25,2025-01-25,Southampton,Newcastle,1,3,A,1,2,A,12,17,5,9,3,8,10,5,1,0,0,0,6.82,5.09,1.42,1336.9992175432017,1572.7755343513752,-235.77631680817353,Southampton,1,3,12,17,2.0,3.0,10.0,14.0,0.8,2.8,11.2,18.4,Newcastle,3,1,17,12,1.0,4.0,13.0,19.0,2.2,1.0,15.6,11.8,0.14662756598240467,0.19646365422396858,0.7042253521126761,0.14000309921357454,0.1875876496339054,0.67240925115252,0.607596947274629,2.2048154030914655,-0.5324061519389455,0.1875876496339054,0.20821114369501464,0.7463343108504399,3.584507042253521,A,22,19,0
2024_25,2025-01-25,Bournemouth,Nott'm Forest,5,0,H,1,0,H,16,18,10,4,3,9,9,12,2,3,0,0,2.09,3.64,3.42,1545.7532553230628,1550.7548890867363,-5.001633763673453,Bournemouth,5,0,16,18,4.0,1.0,19.0,13.0,1.8,1.0,15.8,13.8,Nott'm Forest,0,5,18,16,3.0,2.0,14.0,10.0,2.0,0.6,10.4,14.4,0.47846889952153115,0.2747252747252747,0.29239766081871343,0.4576058108674396,0.2627461936024584,0.27964799553010194,1.6355636262047772,1.1016901801927643,0.17795781533733768,0.2627461936024584,1.6363636363636365,1.7416267942583734,1.064327485380117,H,2,20,2
2024_25,2025-01-25,Brighton,Everton,0,1,A,0,1,A,16,3,1,1,9,1,8,11,3,4,0,0,1.67,3.86,5.39,1543.620968773049,1454.6548558749612,88.96611289808789,Brighton,0,1,16,3,3.0,1.0,6.0,10.0,1.6,0.8,13.0,10.4,Everton,1,0,3,16,3.0,2.0,12.0,11.0,0.8,1.4,10.4,15.2,0.5988023952095809,0.2590673575129534,0.1855287569573284,0.5738961572729354,0.24829186078906795,0.1778119819379967,1.9699803326078742,0.7817278066030581,0.3960841753349387,0.24829186078906795,3.2275449101796405,2.3113772455089823,0.7161410018552876,A,4,9,0
2024_25,2025-01-25,Liverpool,Ipswich,4,1,H,3,0,H,16,3,6,3,3,4,10,11,0,2,0,0,1.1,11.04,20.87,1679.559050938861,1435.7102048563002,243.84884608256084,Liverpool,4,1,16,3,2.0,0.0,37.0,11.0,2.6,0.8,24.0,8.2,Ipswich,1,4,3,16,0.0,6.0,8.0,17.0,0.8,2.2,6.4,15.2,0.9090909090909091,0.09057971014492755,0.0479156684235745,0.8677957317693248,0.08646515443353782,0.04573911379713739,2.6898523497415123,0.22368249582494998,0.8220566179721874,0.08646515443353782,18.972727272727273,10.036363636363635,0.5289889793962625,H,15,12,2
2024_25,2025-01-26,Crystal Palace,Brentford,1,2,A,0,0,D,16,13,5,6,4,7,8,11,2,2,0,0,2.06,3.68,3.47,1509.0564137820656,1477.119377425861,31.937036356204544,Crystal Palace,1,2,16,13,2.0,0.0,12.0,7.0,1.4,0.4,12.6,13.6,Brentford,2,1,13,16,0.0,2.0,11.0,37.0,1.6,1.4,12.4,20.8,0.4854368932038835,0.2717391304347826,0.2881844380403458,0.4643727317027048,0.25994777915966627,0.2756794891376288,1.6530659742677807,1.0869862465725526,0.18869324256507602,0.25994777915966627,1.6844660194174759,1.7864077669902914,1.0605187319884726,A,8,3,0
2024_25,2025-01-26,Tottenham,Leicester,1,2,A,1,0,H,15,12,6,3,6,4,6,16,1,5,0,0,1.46,5.21,5.89,1482.560659895228,1382.9513603629525,99.60929953227537,Tottenham,1,2,15,12,2.0,3.0,11.0,12.0,1.2,2.0,12.0,12.2,Leicester,2,1,12,15,0.0,2.0,8.0,17.0,0.4,2.2,9.6,14.4,0.684931506849315,0.19193857965451055,0.16977928692699493,0.654403971603377,0.18338383849154138,0.16221218990508163,2.146595753301672,0.6700204082067862,0.4921917816982954,0.18338383849154138,4.034246575342466,3.568493150684932,0.8845500848896435,A,24,14,0
2024_25,2025-01-26,Aston Villa,West Ham,1,1,D,1,0,H,14,14,4,4,4,3,13,16,2,3,0,0,1.55,4.39,5.81,1567.5596456563926,1474.9455935477397,92.61405210865291,Aston Villa,1,1,14,14,2.0,2.0,8.0,18.0,1.4,1.6,11.2,13.4,West Ham,1,1,14,14,0.0,2.0,7.0,12.0,1.0,2.6,10.2,16.6,0.6451612903225806,0.22779043280182235,0.17211703958691912,0.6173386032980039,0.2179669328273135,0.16469446387468267,2.0699827427213253,0.7120503244513615,0.45264413942332127,0.2179669328273135,3.7483870967741932,2.832258064516129,0.7555938037865748,D,1,25,1
2024_25,2025-01-26,Fulham,Man United,0,1,A,0,0,D,9,4,3,1,3,0,7,9,0,1,0,0,2.31,3.44,3.1,1521.9136460714044,1501.3345947984922,20.57905127291224,Fulham,0,1,9,4,2.0,0.0,17.0,8.0,2.0,1.6,15.6,9.4,Man United,1,0,4,9,1.0,3.0,10.0,6.0,1.2,2.0,13.4,11.4,0.4329004329004329,0.29069767441860467,0.3225806451612903,0.4137920330288615,0.27786616171414824,0.3083418052569903,1.5192422608007328,1.202891577485119,0.10545022777187119,0.27786616171414824,1.341991341991342,1.4891774891774892,1.1096774193548387,A,10,18,0
2024_25,2025-02-01,Newcastle,Fulham,1,2,A,1,0,H,11,15,4,4,4,7,10,15,4,4,0,0,1.71,4.07,4.66,1578.6140352607836,1508.7365961979385,69.87743906284504,Newcastle,1,2,11,15,3.0,1.0,17.0,12.0,2.2,1.2,14.6,13.4,Fulham,2,1,15,11,0.0,1.0,9.0,4.0,1.6,1.6,14.6,7.8,0.5847953216374269,0.24570024570024568,0.2145922746781116,0.5595657112510879,0.2351000899851008,0.20533419876381123,1.9137972237383645,0.8511026862765345,0.3542315124872767,0.2351000899851008,2.7251461988304095,2.3801169590643276,0.8733905579399142,A,19,10,0
2024_25,2025-02-01,Bournemouth,Liverpool,0,2,A,0,1,A,14,19,3,7,3,3,15,9,2,3,0,0,4.56,4.32,1.68,1554.3115121668923,1682.520940882299,-128.20942871540683,Bournemouth,0,2,14,19,5.0,0.0,16.0,18.0,2.8,1.0,15.4,15.4,Liverpool,2,0,19,14,4.0,1.0,16.0,3.0,2.8,0.8,23.4,8.0,0.2192982456140351,0.23148148148148145,0.5952380952380952,0.2096505823627288,0.2212978369384359,0.5690515806988352,0.8502495840266222,1.9284525790349416,-0.3594009983361064,0.2212978369384359,0.368421052631579,0.9473684210526317,2.5714285714285716,A,2,15,0
2024_25,2025-02-01,Everton,Leicester,4,0,H,3,0,H,13,9,7,1,5,6,7,13,0,0,0,0,1.79,3.67,4.67,1469.6496764178212,1398.2054096496095,71.44426676821172,Everton,4,0,13,9,1.0,0.0,3.0,16.0,0.8,1.2,9.4,13.6,Leicester,0,4,9,13,2.0,1.0,12.0,15.0,0.6,1.8,11.2,13.6,0.5586592178770949,0.2724795640326976,0.21413276231263384,0.5344632415997506,0.2606782568020582,0.20485850159819133,1.86406798160131,0.8752537615966323,0.32960474000155926,0.2606782568020582,2.6089385474860336,2.0502793296089385,0.7858672376873662,H,9,14,2
2024_25,2025-02-01,Ipswich,Southampton,1,2,A,1,1,D,15,9,6,4,1,2,11,14,0,3,0,0,1.98,3.67,3.74,1432.748314912862,1331.1607166337933,101.58759827906874,Ipswich,1,2,15,9,1.0,4.0,3.0,16.0,1.0,2.8,6.4,15.8,Southampton,2,1,9,15,1.0,3.0,12.0,17.0,1.0,3.2,10.0,18.6,0.5050505050505051,0.2724795640326976,0.267379679144385,0.4833436628447475,0.26076851564920983,0.2558878215060427,1.7107995041834523,1.028431980167338,0.22745584133870478,0.26076851564920983,1.888888888888889,1.8535353535353536,0.981283422459893,A,12,22,0
2024_25,2025-02-01,Nott'm Forest,Brighton,7,0,H,3,0,H,14,10,9,5,4,6,8,13,1,3,0,0,2.44,3.46,2.89,1542.1966322429068,1528.626148230189,13.57048401271777,Nott'm Forest,7,0,14,10,0.0,5.0,18.0,16.0,1.8,1.6,12.0,15.0,Brighton,0,7,10,14,0.0,1.0,16.0,3.0,1.6,1.0,11.4,9.4,0.4098360655737705,0.28901734104046245,0.3460207612456747,0.3922348529423302,0.27660492519632535,0.3311602218613445,1.4533094840233158,1.2700855907803588,0.06107463108098571,0.27660492519632535,1.1844262295081969,1.4180327868852458,1.1972318339100345,H,20,4,2
2024_25,2025-02-01,Wolves,Aston Villa,2,0,H,1,0,H,8,10,5,3,5,8,20,13,2,3,0,0,3.36,3.58,2.14,1410.149136446751,1562.9751880252818,-152.82605157853072,Wolves,2,0,8,10,0.0,1.0,9.0,9.0,0.6,2.4,11.0,13.8,Aston Villa,0,2,10,8,1.0,1.0,14.0,14.0,1.6,1.2,13.2,11.8,0.2976190476190476,0.27932960893854747,0.4672897196261682,0.2850106397226232,0.26749601940447315,0.4474933408729037,1.1225279385723428,1.6099760420231841,-0.16248270115028052,0.26749601940447315,0.636904761904762,1.0654761904761905,1.672897196261682,H,26,1,2
2024_25,2025-02-02,Brentford,Tottenham,0,2,A,0,1,A,20,13,4,2,10,3,4,11,0,1,0,0,2.11,3.97,3.1,1490.614603951283,1467.306610608571,23.307993342712052,Brentford,0,2,20,13,2.0,1.0,13.0,16.0,2.0,1.6,13.4,19.2,Tottenham,2,0,13,20,1.0,2.0,15.0,12.0,1.4,2.2,12.4,12.6,0.47393364928909953,0.2518891687657431,0.3225806451612903,0.4520527315268855,0.2402597641112666,0.30768750436184783,1.5964179586919234,1.16332227719681,0.1443652271650377,0.2402597641112666,1.4691943127962086,1.8815165876777253,1.2806451612903227,A,3,24,0
2024_25,2025-02-02,Man United,Crystal Palace,0,2,A,0,0,D,17,11,2,3,11,0,12,13,3,1,0,0,2.04,3.48,3.71,1514.511644671958,1495.5611872566437,18.950457415314304,Man United,0,2,17,11,1.0,0.0,4.0,9.0,1.4,1.6,12.0,11.8,Crystal Palace,2,0,11,17,1.0,2.0,16.0,13.0,1.6,0.8,13.8,12.6,0.49019607843137253,0.28735632183908044,0.2695417789757412,0.4681489861630841,0.27443216430249756,0.2574188495344182,1.67887912279175,1.046688712905752,0.2107301366286659,0.27443216430249756,1.8186274509803921,1.7058823529411764,0.9380053908355795,A,18,8,0
2024_25,2025-02-02,Arsenal,Man City,5,1,H,1,0,H,12,7,7,4,5,2,6,7,2,0,0,0,1.97,3.58,3.83,1671.8614864341798,1635.4226608581098,36.43882557607003,Arsenal,5,1,12,7,1.0,0.0,9.0,9.0,1.8,1.0,12.8,8.6,Man City,1,5,7,12,3.0,1.0,15.0,10.0,3.4,0.8,15.4,12.8,0.5076142131979695,0.27932960893854747,0.2610966057441253,0.48434602301026874,0.2665256048408462,0.24912837214888497,1.7195636738716524,1.0139107212875011,0.23521765086138377,0.2665256048408462,1.9441624365482235,1.817258883248731,0.9347258485639687,H,0,17,2
2024_25,2025-02-03,Chelsea,West Ham,2,1,H,0,1,A,22,14,3,5,4,3,11,10,3,1,0,0,1.36,5.54,7.58,1564.760335141822,1479.5300511788505,85.2302839629715,Chelsea,2,1,22,14,1.0,3.0,10.0,15.0,1.4,1.8,18.0,10.6,West Ham,1,2,14,22,1.0,1.0,14.0,14.0,1.0,2.8,9.8,15.8,0.7352941176470588,0.18050541516245489,0.13192612137203166,0.7018002419931679,0.1722830918972398,0.12591666610959215,2.2776838178767433,0.5500330902260162,0.5758835758835757,0.1722830918972398,5.573529411764706,4.073529411764706,0.7308707124010554,H,6,25,2
2024_25,2025-02-12,Everton,Liverpool,2,2,D,1,1,D,10,6,3,4,2,3,9,20,2,2,1,1,7.36,4.71,1.44,1476.0965137975847,1691.2780458351783,-215.18153203759357,Everton,2,2,10,6,4.0,0.0,13.0,9.0,1.6,0.8,9.4,13.2,Liverpool,2,2,6,10,2.0,0.0,19.0,14.0,2.2,0.8,22.8,9.4,0.1358695652173913,0.21231422505307856,0.6944444444444444,0.13031448861016323,0.20363368071566912,0.6660518306741676,0.5945771465461588,2.201789172738172,-0.5357373420640044,0.20363368071566912,0.19565217391304346,0.639945652173913,3.2708333333333335,D,9,15,1
2024_25,2025-02-14,Brighton,Chelsea,3,0,H,2,0,H,13,8,5,0,2,9,12,15,1,2,0,0,2.85,3.6,2.43,1520.6041607625114,1570.8581501055576,-50.253989343046214,Brighton,3,0,13,8,0.0,7.0,10.0,14.0,1.2,2.0,10.8,8.2,Chelsea,0,3,8,13,2.0,1.0,22.0,14.0,1.8,1.6,18.4,11.6,0.3508771929824561,0.2777777777777778,0.4115226337448559,0.3373243102550755,0.2670484122852681,0.39562727745965637,1.2790213430504944,1.4539302446642373,-0.05830296720458089,0.2670484122852681,0.8526315789473684,1.263157894736842,1.4814814814814814,H,4,6,2
2024_25,2025-02-15,Southampton,Bournemouth,1,3,A,0,2,A,11,14,4,7,4,6,13,15,1,3,0,0,5.83,4.64,1.52,1346.4621740089774,1545.554407214013,-199.09223320503565,Southampton,1,3,11,14,2.0,1.0,9.0,15.0,1.2,3.0,10.4,17.8,Bournemouth,3,1,14,11,0.0,2.0,14.0,19.0,2.4,1.0,15.0,17.0,0.17152658662092624,0.21551724137931036,0.6578947368421053,0.16414992459083544,0.20624871990615748,0.629601355503007,0.6986984936786638,2.0950527864151782,-0.46545143091217156,0.20624871990615748,0.2607204116638079,0.7958833619210977,3.052631578947368,A,22,2,0
2024_25,2025-02-15,Leicester,Arsenal,0,2,A,0,0,D,6,11,2,5,3,7,9,10,2,1,0,0,9.45,5.29,1.34,1391.758572269846,1679.2417474388867,-287.4831751690408,Leicester,0,2,6,11,0.0,4.0,9.0,13.0,0.6,2.2,10.8,13.4,Arsenal,2,0,11,6,5.0,1.0,12.0,7.0,2.2,1.0,12.4,9.0,0.10582010582010583,0.1890359168241966,0.7462686567164178,0.10164018577014458,0.18156895189562688,0.7167908623342285,0.48648950920606066,2.3319415388983122,-0.615150676564084,0.18156895189562688,0.1417989417989418,0.5597883597883598,3.9477611940298507,A,14,0,0
2024_25,2025-02-15,West Ham,Brentford,0,1,A,0,1,A,13,14,3,5,9,2,10,13,1,1,0,0,2.41,3.64,2.82,1473.432236215115,1477.3605982130323,-3.9283619979173636,West Ham,0,1,13,14,1.0,2.0,14.0,22.0,1.2,2.2,11.2,15.8,Brentford,1,0,14,13,0.0,2.0,20.0,13.0,1.8,1.4,16.4,19.0,0.41493775933609955,0.2747252747252747,0.3546099290780142,0.39734607136497707,0.26307803076637215,0.33957589786865067,1.4551162448613035,1.2818057243723242,0.057770173496326405,0.26307803076637215,1.1701244813278007,1.5103734439834025,1.2907801418439717,A,25,3,0
2024_25,2025-02-15,Crystal Palace,Everton,1,2,A,0,1,A,17,11,6,6,6,2,9,12,0,1,0,0,1.81,3.45,4.94,1508.692163323071,1480.2453910148781,28.446772308192976,Crystal Palace,1,2,17,11,2.0,0.0,11.0,17.0,1.6,0.6,12.2,14.6,Everton,2,1,11,17,2.0,2.0,10.0,6.0,2.0,1.0,9.6,10.6,0.5524861878453039,0.2898550724637681,0.20242914979757085,0.5288110981138047,0.27743422828579317,0.1937546736004021,1.863867522627207,0.8586982490869994,0.33505642451340256,0.27743422828579317,2.729281767955801,1.9060773480662985,0.6983805668016194,A,8,9,0
2024_25,2025-02-15,Man City,Newcastle,4,0,H,3,0,H,11,3,7,1,7,4,5,13,0,1,0,0,1.97,4.07,3.44,1628.042399853403,1564.101238618333,63.94116123507001,Man City,4,0,11,3,1.0,5.0,7.0,12.0,3.2,1.8,14.0,13.0,Newcastle,0,4,3,11,1.0,2.0,11.0,15.0,2.0,1.6,14.4,14.4,0.5076142131979695,0.24570024570024568,0.29069767441860467,0.4862148599607577,0.2353423277942734,0.2784428122449688,1.6939869076765466,1.0706707645291798,0.2077720477157889,0.2353423277942734,1.7461928934010151,2.0659898477157363,1.183139534883721,H,17,19,2
2024_25,2025-02-15,Fulham,Nott'm Forest,2,1,H,1,1,D,24,8,10,2,8,4,13,8,0,0,0,0,2.22,3.35,3.39,1523.2493928403892,1550.2186197105846,-26.96922687019537,Fulham,2,1,24,8,2.0,1.0,15.0,11.0,1.6,1.4,15.4,6.8,Nott'm Forest,1,2,8,24,7.0,0.0,14.0,10.0,2.8,1.6,12.6,14.4,0.4504504504504504,0.29850746268656714,0.2949852507374631,0.4314894393087962,0.28594225530314255,0.2825683053880612,1.580410573229531,1.1336471714673262,0.14892113392073497,0.28594225530314255,1.527027027027027,1.509009009009009,0.9882005899705014,H,10,20,2
2024_25,2025-02-15,Aston Villa,Ipswich,1,1,D,0,0,D,25,4,6,3,16,1,7,11,0,3,0,1,1.41,4.96,7.45,1550.0184309700285,1417.446857537678,132.57157343235053,Aston Villa,1,1,25,4,0.0,2.0,10.0,8.0,1.2,1.2,11.2,10.8,Ipswich,1,1,4,25,1.0,2.0,15.0,9.0,0.8,3.2,7.6,13.6,0.7092198581560284,0.20161290322580647,0.1342281879194631,0.6786397086506728,0.19291975588658242,0.12844053546274478,2.228838881838601,0.5782413622748167,0.550199173187928,0.19291975588658242,5.283687943262412,3.517730496453901,0.6657718120805369,D,1,12,1
2024_25,2025-02-16,Tottenham,Man United,1,0,H,1,0,H,22,16,7,6,10,5,13,9,1,2,0,0,2.45,3.73,2.69,1480.5606163468217,1501.3806686055307,-20.820052258708984,Tottenham,1,0,22,16,2.0,0.0,13.0,20.0,1.4,1.8,12.4,14.4,Man United,0,1,16,22,0.0,2.0,17.0,11.0,1.4,1.6,13.4,11.6,0.4081632653061224,0.2680965147453083,0.3717472118959108,0.38946616620152386,0.2558155783361216,0.3547182554623545,1.4242140769406932,1.3199703447231852,0.03474791073916933,0.2558155783361216,1.0979591836734692,1.5224489795918366,1.3866171003717471,H,24,18,2
2024_25,2025-02-16,Liverpool,Wolves,2,1,H,2,0,H,10,16,3,4,4,3,15,13,2,2,0,0,1.19,7.85,12.84,1687.129168617885,1423.1058935020044,264.02327511588055,Liverpool,2,1,10,16,2.0,2.0,6.0,10.0,2.2,0.8,20.2,8.8,Wolves,1,2,16,10,2.0,0.0,8.0,10.0,0.6,2.0,10.4,13.2,0.8403361344537815,0.12738853503184713,0.0778816199376947,0.803683129065001,0.12183221956526766,0.0744846513697314,2.5328816067602706,0.34528617367446185,0.7291984776952696,0.12183221956526766,10.789915966386555,6.5966386554621845,0.6113707165109034,H,15,26,2
2024_25,2025-02-19,Aston Villa,Liverpool,2,2,D,2,1,H,9,17,4,3,6,8,8,6,1,0,0,0,3.93,4.0,1.85,1544.5072209449365,1689.8077288214402,-145.30050787650362,Aston Villa,2,2,9,17,1.0,1.0,25.0,4.0,1.0,1.2,13.6,10.8,Liverpool,2,2,17,9,2.0,1.0,10.0,16.0,2.4,0.8,17.6,10.8,0.2544529262086514,0.25,0.5405405405405405,0.2434971454895444,0.23923594544347737,0.517266909066978,0.9697273819121106,1.7910366726444116,-0.27376976357743366,0.23923594544347737,0.4707379134860051,1.0178117048346056,2.162162162162162,D,1,15,1
2024_25,2025-02-21,Leicester,Brentford,0,4,A,0,3,A,8,14,3,6,5,6,10,10,4,0,0,0,3.7,3.86,1.96,1387.0888953093402,1489.8336499403458,-102.74475463100566,Leicester,0,4,8,14,0.0,2.0,6.0,11.0,0.4,2.2,11.2,13.0,Brentford,4,0,14,8,1.0,0.0,14.0,13.0,1.0,1.4,15.2,20.0,0.27027027027027023,0.2590673575129534,0.5102040816326531,0.2599898280388734,0.24921304760202898,0.4907971243590978,1.0291825317186492,1.7216044206793222,-0.2308072963202244,0.24921304760202898,0.5297297297297296,1.0432432432432432,1.969387755102041,A,14,3,0
2024_25,2025-02-22,Fulham,Crystal Palace,0,2,A,0,1,A,10,10,0,5,7,7,10,7,1,3,0,0,2.05,3.48,3.74,1532.45555022516,1495.294109465938,37.16144075922216,Fulham,0,2,10,10,2.0,1.0,24.0,8.0,1.6,1.2,17.2,7.0,Crystal Palace,2,0,10,10,1.0,2.0,17.0,11.0,1.6,0.8,13.0,13.8,0.48780487804878053,0.28735632183908044,0.267379679144385,0.46790000071900556,0.27563074754998884,0.25646925173100565,1.6793307497070056,1.0450385027430058,0.2114307489879999,0.27563074754998884,1.8243902439024393,1.6975609756097563,0.9304812834224598,A,10,8,0
2024_25,2025-02-22,Aston Villa,Chelsea,2,1,H,0,1,A,12,15,6,7,2,3,15,16,1,3,0,0,2.62,3.7,2.56,1546.747935034719,1560.9542610855733,-14.206326050854386,Aston Villa,2,1,12,15,2.0,2.0,9.0,17.0,1.2,1.6,13.2,12.2,Chelsea,1,2,15,12,0.0,3.0,8.0,13.0,1.6,2.0,17.0,11.6,0.38167938931297707,0.27027027027027023,0.390625,0.36609310019634217,0.2592334925714639,0.374673407232194,1.3575127931604904,1.3832537142680459,-0.00858030703585183,0.2592334925714639,0.9770992366412213,1.4122137404580153,1.4453125,H,1,6,2
2024_25,2025-02-22,Everton,Man United,2,2,D,2,0,H,9,9,8,3,7,9,12,9,4,1,0,0,2.55,3.2,2.96,1493.6434448720113,1492.3571090402331,1.2863358317781604,Everton,2,2,9,9,2.0,1.0,11.0,17.0,2.4,1.0,9.8,11.8,Man United,2,2,9,9,0.0,1.0,16.0,22.0,1.0,1.4,14.0,12.2,0.3921568627450981,0.3125,0.33783783783783783,0.37617156473391583,0.29976171564733917,0.324066719618745,1.4282764098490865,1.2719618745035741,0.05210484511517083,0.29976171564733917,1.1607843137254903,1.254901960784314,1.0810810810810811,D,9,18,1
2024_25,2025-02-22,Arsenal,West Ham,0,1,A,0,1,A,20,5,2,2,2,0,16,15,1,3,1,0,1.25,6.2,11.63,1683.9114243993924,1460.9591844878014,222.95223991159105,Arsenal,0,1,20,5,2.0,0.0,11.0,6.0,2.4,0.8,12.8,8.0,West Ham,1,0,5,20,0.0,1.0,13.0,14.0,1.0,1.6,10.4,16.6,0.8,0.16129032258064516,0.08598452278589853,0.7638873439378772,0.15400954514876553,0.08210311091335738,2.445671576962397,0.4003188778888377,0.6817842330245197,0.15400954514876553,9.304,4.96,0.5331040412725709,A,0,25,0
2024_25,2025-02-22,Bournemouth,Wolves,0,1,A,0,1,A,8,13,3,5,6,7,17,9,3,3,1,0,1.56,4.45,5.5,1552.3231993669535,1420.4273332984492,131.89586606850435,Bournemouth,0,1,8,13,3.0,1.0,14.0,11.0,2.8,1.2,14.0,17.4,Wolves,1,0,13,8,1.0,2.0,16.0,10.0,0.8,1.8,11.0,13.0,0.641025641025641,0.2247191011235955,0.18181818181818182,0.6119208940670551,0.214516088706653,0.173563017226292,2.050278770907818,0.7352051403855291,0.4383578768407631,0.214516088706653,3.5256410256410255,2.8525641025641026,0.8090909090909091,A,2,26,0
2024_25,2025-02-22,Ipswich,Tottenham,1,4,A,1,2,A,17,10,5,6,4,4,15,14,2,1,0,0,3.87,3.89,1.89,1422.9580675627699,1489.5841759121192,-66.62610834934935,Ipswich,1,4,17,10,1.0,1.0,4.0,25.0,0.6,3.0,7.0,15.6,Tottenham,4,1,10,17,1.0,0.0,22.0,16.0,1.4,1.4,14.2,14.8,0.25839793281653745,0.2570694087403599,0.5291005291005292,0.24737304303061503,0.24610120219241136,0.5065257547769737,0.9882203312842565,1.7656784665233325,-0.2591527117463587,0.24610120219241136,0.4883720930232558,1.0051679586563307,2.0582010582010586,A,12,24,0
2024_25,2025-02-22,Southampton,Brighton,0,4,A,0,1,A,6,18,1,12,5,6,11,12,2,0,0,0,5.52,4.38,1.57,1339.693381856037,1530.5080497824956,-190.8146679264587,Southampton,0,4,6,18,1.0,3.0,11.0,14.0,1.4,2.6,11.0,16.6,Brighton,4,0,18,6,3.0,0.0,13.0,8.0,1.6,1.8,11.2,8.0,0.1811594202898551,0.22831050228310504,0.6369426751592356,0.17312427304723493,0.2181840153472002,0.6086917116055648,0.7375568344889051,2.0442591501638945,-0.43556743855832986,0.2181840153472002,0.2844202898550725,0.7934782608695653,2.789808917197452,A,22,4,0
2024_25,2025-02-23,Newcastle,Nott'm Forest,4,3,H,4,1,H,13,17,5,5,7,6,11,13,1,4,0,0,1.81,3.96,4.11,1557.4598432583443,1541.0124623258137,16.447380932530677,Newcastle,4,3,13,17,0.0,4.0,3.0,11.0,1.6,2.2,12.2,14.0,Nott'm Forest,3,4,17,13,1.0,2.0,8.0,24.0,2.4,2.0,12.0,16.6,0.5524861878453039,0.25252525252525254,0.24330900243309,0.527020332034855,0.24088555580381,0.23209411216133513,1.821946551908375,0.9371678922878154,0.29492621987351986,0.24088555580381,2.270718232044199,2.187845303867403,0.9635036496350364,H,19,20,2
2024_25,2025-02-23,Man City,Liverpool,0,2,A,0,2,A,16,8,5,4,7,5,3,10,0,0,0,0,2.9,3.86,2.26,1634.6837952133915,1687.5670147316578,-52.88321951826629,Man City,0,2,16,8,4.0,0.0,11.0,3.0,3.2,1.6,14.2,10.2,Liverpool,2,0,8,16,2.0,2.0,17.0,9.0,2.4,1.2,13.6,10.4,0.3448275862068966,0.2590673575129534,0.4424778761061947,0.3295456262560631,0.24758609226491787,0.422868281479019,1.2362229710331072,1.5161909367019748,-0.09332265522295591,0.24758609226491787,0.7793103448275862,1.3310344827586207,1.7079646017699117,A,17,15,0
2024_25,2025-02-25,Brighton,Bournemouth,2,1,H,1,0,H,11,19,4,5,1,9,12,14,2,1,0,0,2.06,3.81,3.43,1537.497236851132,1536.326799422977,1.1704374281548553,Brighton,2,1,11,19,4.0,0.0,18.0,6.0,2.0,1.8,12.6,8.2,Bournemouth,1,2,19,11,0.0,1.0,8.0,13.0,2.4,1.0,14.2,14.8,0.4854368932038835,0.26246719160104987,0.29154518950437314,0.46701354765623043,0.2525060126435261,0.2804804397002433,1.6535466556122174,1.093947331744256,0.18653310795598715,0.2525060126435261,1.6650485436893203,1.8495145631067962,1.1107871720116618,H,4,2,2
2024_25,2025-02-25,Crystal Palace,Aston Villa,4,1,H,1,0,H,19,6,6,2,3,8,19,10,3,1,0,0,2.55,3.38,2.83,1508.9337467198293,1555.576116883123,-46.64237016329366,Crystal Palace,4,1,19,6,2.0,0.0,10.0,10.0,1.6,0.8,13.2,11.6,Aston Villa,1,4,6,19,2.0,1.0,12.0,15.0,1.2,1.4,14.0,11.6,0.3921568627450981,0.2958579881656805,0.35335689045936397,0.37657720789420845,0.28410410654740575,0.3393186855583857,1.413835730230031,1.3020601632225628,0.037258522335822775,0.28410410654740575,1.1098039215686275,1.3254901960784313,1.19434628975265,H,8,1,2
2024_25,2025-02-25,Wolves,Fulham,1,2,A,1,1,D,18,11,5,5,7,5,8,15,1,3,0,0,2.71,3.34,2.69,1436.4237332424257,1518.8159129712687,-82.39217972884308,Wolves,1,2,18,11,1.0,0.0,13.0,8.0,1.0,1.2,11.0,11.2,Fulham,2,1,11,18,0.0,2.0,10.0,10.0,1.2,1.0,15.0,8.2,0.36900369003690037,0.29940119760479045,0.3717472118959108,0.35475935702186295,0.28784366991893673,0.35739697305920026,1.3521217409845256,1.3600345890965375,-0.002637616037337309,0.28784366991893673,0.992619926199262,1.2324723247232472,1.241635687732342,A,26,10,0
2024_25,2025-02-25,Chelsea,Southampton,4,0,H,3,0,H,19,7,10,2,4,2,6,9,1,2,0,0,1.17,8.55,14.69,1552.1260792371693,1332.7041947874006,219.42188444976864,Chelsea,4,0,19,7,1.0,2.0,15.0,12.0,1.4,2.0,14.8,12.6,Southampton,0,4,7,19,0.0,4.0,6.0,18.0,1.2,2.8,9.6,15.6,0.8547008547008548,0.11695906432748537,0.06807351940095303,0.8220384409219695,0.11248947086300636,0.06547208821502412,2.578604793628915,0.3089057355080787,0.7565663527069454,0.11248947086300636,12.555555555555555,7.307692307692308,0.5820285908781485,H,6,22,2
2024_25,2025-02-26,Liverpool,Newcastle,2,0,H,1,0,H,12,3,3,0,4,2,12,11,0,1,0,0,1.52,4.77,5.64,1698.5838901941788,1565.3998912645518,133.18399892962702,Liverpool,2,0,12,3,2.0,0.0,8.0,16.0,2.0,1.0,12.0,13.0,Newcastle,0,2,3,12,4.0,3.0,13.0,17.0,1.8,2.8,11.4,14.8,0.6578947368421053,0.20964360587002098,0.1773049645390071,0.6296587557927258,0.20064597668866732,0.16969526751860692,2.089622244066845,0.709731779244488,0.45996348827411887,0.20064597668866732,3.7105263157894735,3.1381578947368416,0.8457446808510638,H,15,19,2
2024_25,2025-02-26,Tottenham,Man City,0,1,A,0,1,A,11,12,6,5,8,3,12,15,3,0,0,0,3.22,4.09,2.04,1500.1861365353022,1623.6669197508704,-123.48078321556818,Tottenham,0,1,11,12,4.0,1.0,10.0,17.0,2.0,1.2,14.2,15.4,Man City,1,0,12,11,0.0,2.0,16.0,8.0,2.8,1.6,13.2,8.2,0.3105590062111801,0.24449877750611249,0.49019607843137253,0.2971134740155686,0.23391329739123004,0.4689732285932014,1.125253719437936,1.6408329831708344,-0.1718597545776328,0.23391329739123004,0.6335403726708074,1.2701863354037266,2.0049019607843137,A,24,17,0
2024_25,2025-02-26,Nott'm Forest,Arsenal,0,0,D,0,0,D,6,13,2,1,3,11,10,17,1,1,0,0,3.94,3.48,1.98,1533.0724143196062,1666.1927582933458,-133.12034397373964,Nott'm Forest,0,0,6,13,3.0,4.0,17.0,13.0,2.8,2.6,14.2,14.6,Arsenal,0,0,13,6,0.0,1.0,20.0,5.0,2.0,0.8,14.0,7.0,0.25380710659898476,0.28735632183908044,0.5050505050505051,0.24259580041404366,0.2746630613883138,0.4827411381976425,1.002450462630445,1.7228864759812414,-0.24014533778359887,0.2746630613883138,0.5025380710659898,0.883248730964467,1.7575757575757576,D,20,0,1
2024_25,2025-02-26,Man United,Ipswich,3,2,H,2,2,D,10,12,6,3,5,6,9,16,4,4,1,0,1.52,4.55,5.83,1494.4817527536254,1412.3561069395869,82.12564581403853,Man United,3,2,10,12,2.0,2.0,9.0,9.0,0.8,1.6,11.2,11.4,Ipswich,2,3,12,10,1.0,4.0,17.0,10.0,0.8,3.4,9.4,15.4,0.6578947368421053,0.21978021978021978,0.17152658662092624,0.6270432416716111,0.20947378622875795,0.163482972099631,2.0906035112435912,0.6999227025276509,0.46356026957198004,0.20947378622875795,3.835526315789474,2.9934210526315788,0.7804459691252144,H,18,12,2
2024_25,2025-02-26,Brentford,Everton,1,1,D,1,0,H,12,14,3,4,2,5,3,6,2,1,0,0,2.02,3.68,3.59,1499.3469762973298,1491.518801158619,7.828175138710776,Brentford,1,1,12,14,4.0,0.0,14.0,8.0,1.4,1.0,14.4,17.4,Everton,1,1,14,12,2.0,2.0,9.0,9.0,2.2,1.0,9.2,11.4,0.49504950495049505,0.2717391304347826,0.2785515320334262,0.47357742520593915,0.2599528257923905,0.2664697490016705,1.680685101410208,1.0593620727974018,0.20710767620426868,0.2599528257923905,1.7772277227722773,1.8217821782178218,1.0250696378830084,D,3,9,1
2024_25,2025-02-27,West Ham,Leicester,2,0,H,2,0,H,8,10,2,2,3,3,12,6,0,0,0,0,1.63,4.15,5.17,1478.677850593848,1377.5755689523562,101.1022816414918,West Ham,2,0,8,10,1.0,0.0,5.0,20.0,0.6,1.2,10.6,16.4,Leicester,0,2,10,8,0.0,4.0,8.0,14.0,0.4,2.6,8.6,14.0,0.6134969325153374,0.24096385542168672,0.19342359767891684,0.5854624240390099,0.22995271112857496,0.18458486483241512,1.986339983245605,0.7837073056258204,0.40087755920659485,0.22995271112857496,3.171779141104295,2.5460122699386507,0.8027079303675049,H,25,14,2
2024_25,2025-03-08,Nott'm Forest,Man City,1,0,H,0,0,D,9,14,4,3,3,2,9,7,3,2,0,0,3.88,3.89,1.89,1534.959287623226,1632.5632997175676,-97.60401209434167,Nott'm Forest,1,0,9,14,0.0,0.0,6.0,13.0,2.2,2.2,12.6,15.2,Man City,0,1,14,9,1.0,0.0,12.0,11.0,1.8,1.6,12.2,8.8,0.2577319587628866,0.2570694087403599,0.5291005291005292,0.24689289252312913,0.2462582064240979,0.506848901052773,0.9869368839934853,1.766804909582417,-0.2599560085296439,0.2462582064240979,0.48711340206185566,1.0025773195876289,2.0582010582010586,H,20,17,2
2024_25,2025-03-08,Brighton,Fulham,2,1,H,1,1,D,9,6,4,1,3,7,6,12,0,2,0,0,1.99,3.62,3.77,1545.8759525675962,1528.9415623201905,16.934390247405645,Brighton,2,1,9,6,2.0,1.0,11.0,19.0,1.8,1.8,13.6,10.0,Fulham,1,2,6,9,2.0,1.0,11.0,18.0,1.2,1.2,13.8,10.2,0.5025125628140703,0.27624309392265195,0.26525198938992045,0.48133034722344686,0.26459872678857993,0.2540709259879733,1.7085897684589204,1.0268115047525,0.22725942123547355,0.26459872678857993,1.8944723618090453,1.8190954773869348,0.960212201591512,H,4,10,2
2024_25,2025-03-08,Crystal Palace,Ipswich,1,0,H,0,0,D,19,15,4,8,5,4,8,7,4,3,0,0,1.48,4.55,6.74,1518.728907326134,1406.1806690363535,112.54823828978056,Crystal Palace,1,0,19,15,4.0,1.0,19.0,6.0,2.0,1.0,14.6,11.4,Ipswich,0,1,15,19,2.0,3.0,12.0,10.0,1.2,2.8,10.2,14.0,0.6756756756756757,0.21978021978021978,0.14836795252225518,0.6473081420628924,0.21055297807760018,0.14213887985950752,2.1524774042662775,0.6369696176561227,0.505169262203385,0.21055297807760018,4.554054054054054,3.074324324324324,0.6750741839762611,H,8,12,2
2024_25,2025-03-08,Liverpool,Southampton,3,1,H,0,1,A,28,6,7,4,6,4,10,9,2,1,0,0,1.12,9.97,19.5,1703.5592831872837,1329.3662023056388,374.19308088164485,Liverpool,3,1,28,6,2.0,0.0,12.0,3.0,2.0,1.0,10.6,10.8,Southampton,1,3,6,28,0.0,4.0,7.0,19.0,0.8,3.0,9.0,16.6,0.8928571428571428,0.10030090270812436,0.05128205128205128,0.8548667803469683,0.09603317893566744,0.04910004071736433,2.6606335199765723,0.2433333010877604,0.805766739629604,0.09603317893566744,17.410714285714285,8.901785714285714,0.5112820512820513,H,15,22,2
2024_25,2025-03-08,Wolves,Everton,1,1,D,1,1,D,11,12,3,4,5,5,11,16,2,2,0,0,2.63,3.14,2.87,1426.2980838935039,1493.8323118641142,-67.53422797061035,Wolves,1,1,11,12,1.0,2.0,18.0,11.0,1.0,1.0,12.8,9.6,Everton,1,1,12,11,1.0,1.0,14.0,12.0,2.2,1.2,11.4,10.6,0.3802281368821293,0.3184713375796178,0.3484320557491289,0.3631140175919994,0.30413690008501854,0.33274908232298195,1.3934789528610168,1.3023841470539643,0.030364935269017457,0.30413690008501854,1.0912547528517111,1.193916349809886,1.0940766550522647,D,26,9,1
2024_25,2025-03-08,Brentford,Aston Villa,0,1,A,0,0,D,13,12,3,4,6,5,10,5,2,2,0,0,2.26,3.8,2.95,1497.0334655918346,1545.7809562768182,-48.74749068498363,Brentford,0,1,13,12,1.0,1.0,12.0,14.0,1.6,0.8,14.6,12.8,Aston Villa,1,0,12,13,1.0,4.0,6.0,19.0,1.2,2.0,12.4,12.6,0.4424778761061947,0.2631578947368421,0.3389830508474576,0.4235783109767618,0.2519176270546004,0.32450406196863785,1.522652559984886,1.225429812960514,0.09907424900812395,0.2519176270546004,1.3053097345132745,1.68141592920354,1.2881355932203389,A,3,1,0
2024_25,2025-03-09,Chelsea,Leicester,1,0,H,0,0,D,20,3,7,3,12,2,12,13,1,0,0,0,1.2,7.67,12.34,1555.464071718931,1371.86541891568,183.59865280325107,Chelsea,1,0,20,3,4.0,0.0,19.0,7.0,1.6,1.8,14.8,12.2,Leicester,0,1,3,20,0.0,2.0,10.0,8.0,0.4,2.6,9.0,12.2,0.8333333333333334,0.1303780964797914,0.08103727714748785,0.7976399757963524,0.12479373806461835,0.0775662861390294,2.5177136654536754,0.35749259648170656,0.720073689657323,0.12479373806461835,10.283333333333333,6.391666666666667,0.6215559157212318,H,6,14,2
2024_25,2025-03-09,Tottenham,Bournemouth,2,2,D,0,1,A,12,17,4,8,3,6,15,16,3,3,0,0,2.71,3.88,2.4,1491.289756568605,1527.9480837065128,-36.65832713790769,Tottenham,2,2,12,17,0.0,1.0,11.0,12.0,1.6,0.8,14.2,15.4,Bournemouth,2,2,17,12,1.0,2.0,19.0,11.0,1.8,1.2,14.2,14.4,0.36900369003690037,0.2577319587628866,0.4166666666666667,0.353654275601197,0.24701110486578454,0.3993346195330183,1.3079739316693755,1.4450149634648395,-0.0456803439318213,0.24701110486578454,0.8856088560885609,1.4317343173431734,1.6166666666666667,D,24,2,1
2024_25,2025-03-09,Man United,Arsenal,1,1,D,1,0,H,10,17,6,6,2,9,8,11,0,1,0,0,5.41,3.58,1.72,1500.6571906568588,1664.305884989726,-163.6486943328673,Man United,1,1,10,17,3.0,2.0,10.0,12.0,1.2,1.4,11.2,12.6,Arsenal,1,1,17,10,0.0,0.0,13.0,6.0,1.6,0.4,13.0,6.6,0.18484288354898337,0.27932960893854747,0.5813953488372093,0.17678707802908936,0.2671558916584842,0.5560570303124264,0.7975171257457523,1.9353269825957633,-0.37926995228333704,0.2671558916584842,0.31792975970425136,0.6617375231053605,2.0813953488372094,D,18,0,1
2024_25,2025-03-10,West Ham,Newcastle,0,1,A,0,0,D,9,9,2,3,3,4,7,15,0,1,0,0,3.21,3.57,2.19,1484.3880006305242,1560.424498271447,-76.03649764092279,West Ham,0,1,9,9,2.0,0.0,8.0,10.0,1.0,0.8,10.8,16.0,Newcastle,1,0,9,9,0.0,2.0,3.0,12.0,1.6,2.4,9.4,13.4,0.3115264797507788,0.2801120448179272,0.4566210045662101,0.2971844959118744,0.26721631145017277,0.43559919263795294,1.1587697991857961,1.5740138893640316,-0.13841469672607853,0.26721631145017277,0.6822429906542056,1.1121495327102804,1.63013698630137,A,25,19,0
2024_25,2025-03-15,Everton,West Ham,1,1,D,0,0,D,13,10,5,5,6,5,12,8,1,2,0,0,2.11,3.27,3.81,1493.9068297681736,1474.0704138627516,19.836415905421973,Everton,1,1,13,10,1.0,1.0,12.0,11.0,1.6,1.4,11.2,11.0,West Ham,1,1,10,13,0.0,1.0,9.0,9.0,0.8,0.8,9.8,15.0,0.47393364928909953,0.3058103975535168,0.26246719160104987,0.4547385710375035,0.29342458253490283,0.2518368464275938,1.6576402956474134,1.0489351218176843,0.20290172460990968,0.29342458253490283,1.8056872037914693,1.5497630331753556,0.8582677165354331,D,9,25,1
2024_25,2025-03-15,Ipswich,Nott'm Forest,2,4,A,0,3,A,11,11,4,6,6,3,4,13,1,1,0,0,3.8,3.59,1.99,1400.7402968770068,1546.291769403145,-145.55147252613824,Ipswich,2,4,11,11,0.0,1.0,15.0,19.0,1.0,2.2,12.6,14.6,Nott'm Forest,4,2,11,11,1.0,0.0,9.0,14.0,2.4,1.2,10.8,14.8,0.2631578947368421,0.2785515320334262,0.5025125628140703,0.25201336244757144,0.26675509117013135,0.4812315463822972,1.0227951785128457,1.710449730317023,-0.22921818393472576,0.26675509117013135,0.5236842105263159,0.9447368421052632,1.8040201005025125,A,12,20,0
2024_25,2025-03-15,Man City,Brighton,2,2,D,2,1,H,11,15,3,3,4,5,10,10,2,5,0,0,1.66,4.45,4.63,1621.2308179376485,1553.8021620520358,67.42865588561267,Man City,2,2,11,15,0.0,1.0,14.0,9.0,1.2,1.6,12.0,8.6,Brighton,2,2,15,11,2.0,1.0,9.0,6.0,2.2,1.8,12.2,10.6,0.6024096385542169,0.2247191011235955,0.2159827213822894,0.5775122420206131,0.2154315329784759,0.20705622500091098,1.9479682590403153,0.8366002079812089,0.37045601701970216,0.2154315329784759,2.789156626506024,2.680722891566265,0.961123110151188,D,17,4,1
2024_25,2025-03-15,Southampton,Wolves,1,2,A,0,1,A,10,5,3,3,5,1,12,13,0,0,0,0,3.63,3.51,2.06,1327.85506543119,1426.2235659894445,-98.36850055825448,Southampton,1,2,10,5,1.0,3.0,6.0,28.0,0.8,3.0,7.8,18.8,Wolves,2,1,5,10,1.0,1.0,11.0,12.0,1.2,1.0,13.2,10.2,0.27548209366391185,0.2849002849002849,0.4854368932038835,0.26341271489305895,0.27241827779538574,0.4641690073115553,1.0626564224745625,1.6649252997300517,-0.20075629241849635,0.27241827779538574,0.5674931129476585,0.9669421487603306,1.703883495145631,A,22,26,0
2024_25,2025-03-15,Bournemouth,Brentford,1,2,A,1,1,D,17,10,5,4,4,3,13,7,3,0,0,0,1.76,4.16,4.25,1528.9526348742565,1485.8919842658267,43.060650608429796,Bournemouth,1,2,17,10,2.0,2.0,17.0,12.0,1.2,1.6,14.4,13.2,Brentford,2,1,10,17,0.0,1.0,13.0,12.0,1.2,0.8,14.6,12.0,0.5681818181818182,0.24038461538461536,0.23529411764705882,0.5443081621594996,0.23028422245209593,0.2254076153884045,1.8632087089305949,0.9065070686173095,0.31890054677109514,0.23028422245209593,2.414772727272727,2.3636363636363638,0.9788235294117648,A,2,3,0
2024_25,2025-03-16,Arsenal,Chelsea,1,0,H,1,0,H,12,8,4,2,5,4,10,13,3,3,0,0,1.81,3.74,4.44,1661.5422935853699,1559.4224277645394,102.11986582083046,Arsenal,1,0,12,8,1.0,1.0,17.0,10.0,1.6,0.6,14.6,6.8,Chelsea,0,1,8,12,1.0,0.0,20.0,3.0,1.6,1.2,16.8,9.8,0.5524861878453039,0.267379679144385,0.2252252252252252,0.5286488344995766,0.25584341990487525,0.21550774559554808,1.841789923403605,0.9023666566915195,0.3131410889040285,0.25584341990487525,2.453038674033149,2.0662983425414367,0.8423423423423423,H,0,6,2
2024_25,2025-03-16,Fulham,Tottenham,2,0,H,0,0,D,13,12,4,4,6,5,13,10,0,0,0,0,2.01,3.84,3.48,1521.015352835751,1490.2852054008613,30.73014743488966,Fulham,2,0,13,12,1.0,2.0,6.0,9.0,1.4,1.4,13.2,11.2,Tottenham,0,2,12,13,2.0,2.0,12.0,17.0,1.8,0.8,13.6,16.4,0.49751243781094534,0.2604166666666667,0.28735632183908044,0.47595845621233496,0.24913450442364407,0.274907039364021,1.677009873060649,1.0738556225157072,0.20105141684831396,0.24913450442364407,1.7313432835820897,1.91044776119403,1.103448275862069,H,10,24,2
2024_25,2025-03-16,Leicester,Man United,0,3,A,0,1,A,11,18,3,5,6,4,6,6,2,0,0,0,4.21,3.76,1.84,1367.9070628700717,1503.420782061215,-135.5137191911433,Leicester,0,3,11,18,0.0,1.0,3.0,20.0,0.0,2.6,7.2,13.2,Man United,3,0,18,11,1.0,1.0,10.0,17.0,1.2,1.6,12.4,14.2,0.23752969121140144,0.26595744680851063,0.5434782608695652,0.226874442520594,0.2540269688860906,0.5190985885933155,0.9346502964478727,1.811322734666037,-0.2922241460727215,0.2540269688860906,0.43705463182897863,0.8931116389548693,2.043478260869565,A,14,18,0
2024_25,2025-04-01,Arsenal,Fulham,2,1,H,1,0,H,17,9,4,3,5,4,2,10,1,2,0,0,1.48,4.2,7.73,1667.22812290403,1528.5536653235597,138.6744575804703,Arsenal,2,1,17,9,1.0,0.0,12.0,8.0,0.8,0.4,14.6,7.0,Fulham,1,2,9,17,2.0,0.0,13.0,12.0,1.4,1.2,12.8,11.4,0.6756756756756757,0.23809523809523808,0.129366106080207,0.6477343463202081,0.22824924584616857,0.12401640783362329,2.1714522848067928,0.6002984693470385,0.5237179384865848,0.22824924584616857,5.222972972972974,2.837837837837838,0.5433376455368694,H,0,10,2
2024_25,2025-04-01,Wolves,West Ham,1,0,H,1,0,H,9,10,2,1,1,2,16,12,4,2,0,0,2.57,3.2,2.92,1435.8681295471763,1476.7264677219036,-40.85833817472735,Wolves,1,0,9,10,2.0,1.0,5.0,10.0,1.2,1.2,12.6,10.2,West Ham,0,1,10,9,1.0,1.0,10.0,13.0,0.8,0.6,9.0,13.2,0.38910505836575876,0.3125,0.3424657534246575,0.37268071664459723,0.29930920055519217,0.3280100828002106,1.4173513504889836,1.2833394489558239,0.04467063384438663,0.29930920055519217,1.1361867704280155,1.2451361867704283,1.0958904109589043,H,26,25,2
2024_25,2025-04-01,Nott'm Forest,Man United,1,0,H,1,0,H,8,23,2,6,3,10,5,12,1,3,0,0,2.32,3.42,3.13,1554.5438173195218,1511.9640009670504,42.579816352471425,Nott'm Forest,1,0,8,23,4.0,2.0,11.0,11.0,1.8,1.6,10.2,15.0,Man United,0,1,23,8,3.0,0.0,18.0,11.0,1.8,1.2,12.6,14.2,0.4310344827586207,0.29239766081871343,0.3194888178913738,0.41329544489316855,0.28036416144799736,0.3063403936588342,1.520250496127503,1.1993853424244998,0.10695505123433435,0.28036416144799736,1.3491379310344829,1.4741379310344829,1.0926517571884984,H,20,18,2
2024_25,2025-04-02,Southampton,Crystal Palace,1,1,D,1,0,H,8,9,2,3,2,2,14,9,2,1,0,0,5.5,4.01,1.62,1318.2105018734583,1524.1692794854807,-205.95877761202246,Southampton,1,1,8,9,1.0,2.0,10.0,5.0,0.6,3.2,8.0,16.8,Crystal Palace,1,1,9,8,1.0,0.0,19.0,15.0,2.0,0.6,15.2,11.8,0.18181818181818182,0.24937655860349128,0.6172839506172839,0.17341142301901702,0.23784609142259194,0.588742485558391,0.758080360479643,2.004073548097765,-0.415331062539374,0.23784609142259194,0.29454545454545455,0.729090909090909,2.4753086419753085,D,22,8,1
2024_25,2025-04-02,Newcastle,Brentford,2,1,H,1,0,H,21,12,4,3,4,5,12,12,1,1,0,0,1.73,4.31,4.21,1570.7420850392195,1499.6931285448127,71.04895649440687,Newcastle,2,1,21,12,1.0,0.0,9.0,9.0,1.2,2.2,7.8,12.8,Brentford,1,2,12,21,2.0,1.0,10.0,17.0,1.6,0.6,12.6,12.8,0.5780346820809249,0.2320185614849188,0.23752969121140144,0.5517793989302016,0.22147989794646142,0.226740703123337,1.876818094737066,0.9017020073164723,0.32503869580686456,0.22147989794646142,2.433526011560694,2.491329479768786,1.02375296912114,H,19,3,2
2024_25,2025-04-02,Liverpool,Everton,1,0,H,0,0,D,17,5,3,0,11,5,7,11,2,2,0,0,1.36,5.02,8.78,1705.0704200617324,1491.2507759090215,213.8196441527109,Liverpool,1,0,17,5,3.0,1.0,28.0,6.0,2.2,0.8,15.0,10.0,Everton,0,1,5,17,1.0,1.0,13.0,10.0,1.4,1.2,11.8,11.8,0.7352941176470588,0.19920318725099603,0.11389521640091117,0.7013538371449121,0.1900082108599762,0.10863795199511168,2.2940697222947124,0.5159220668453113,0.5927158851498003,0.1900082108599762,6.455882352941176,3.6911764705882346,0.571753986332574,H,15,9,2
2024_25,2025-04-02,Brighton,Aston Villa,0,3,A,0,0,D,11,8,4,5,4,0,16,11,1,3,0,0,2.09,3.81,3.27,1557.7515922202867,1556.922437602826,0.8291546174607447,Brighton,0,3,11,8,2.0,2.0,15.0,11.0,2.6,0.8,13.2,10.0,Aston Villa,3,0,8,11,1.0,0.0,12.0,13.0,1.4,1.6,12.8,13.6,0.47846889952153115,0.26246719160104987,0.3058103975535168,0.4571010313363345,0.25074571010313357,0.29215325856053176,1.622048804112137,1.127205485784729,0.16494777277580275,0.25074571010313357,1.5645933014354068,1.8229665071770336,1.1651376146788992,A,4,1,0
2024_25,2025-04-02,Bournemouth,Ipswich,1,2,A,0,1,A,24,10,7,2,8,3,14,15,1,2,0,0,1.38,5.23,7.72,1515.1514905952706,1392.48824896063,122.6632416346406,Bournemouth,1,2,24,10,1.0,2.0,17.0,10.0,1.4,1.6,15.0,11.4,Ipswich,2,1,10,24,2.0,4.0,11.0,11.0,1.2,2.6,11.8,15.0,0.7246376811594204,0.19120458891013384,0.1295336787564767,0.6931838081536089,0.18290509660649718,0.12391109523989383,2.262456521067324,0.5546383823261787,0.5692727129137151,0.18290509660649718,5.594202898550725,3.7898550724637685,0.6774611398963731,A,2,12,0
2024_25,2025-04-02,Man City,Leicester,2,0,H,2,0,H,18,2,5,0,5,0,11,8,1,4,0,0,1.2,7.61,12.4,1617.2813877693975,1359.3638439642364,257.91754380516113,Man City,2,0,18,2,2.0,2.0,11.0,15.0,1.4,1.0,12.8,9.2,Leicester,0,2,2,18,0.0,3.0,11.0,18.0,0.0,2.4,7.6,14.2,0.8333333333333334,0.1314060446780552,0.08064516129032258,0.7971548286814895,0.1257011556396567,0.07714401567885382,2.517165641684125,0.3571332026762182,0.7200108130026357,0.1257011556396567,10.333333333333334,6.341666666666667,0.6137096774193549,H,17,14,2
2024_25,2025-04-03,Chelsea,Tottenham,1,0,H,0,0,D,11,8,5,2,4,6,7,16,5,5,0,0,1.64,4.5,4.57,1553.7365984458793,1482.7468929130525,70.98970553282675,Chelsea,1,0,11,8,0.0,1.0,8.0,12.0,1.2,1.2,14.0,9.4,Tottenham,0,1,8,11,0.0,2.0,12.0,13.0,1.4,1.2,13.4,15.0,0.6097560975609756,0.2222222222222222,0.2188183807439825,0.5802797984187269,0.21147974875704714,0.20824045282422587,1.952319144013228,0.8362011072297247,0.372039345594501,0.21147974875704714,2.786585365853659,2.7439024390243905,0.9846827133479211,H,6,24,2
2024_25,2025-04-05,West Ham,Bournemouth,2,2,D,0,1,A,9,11,3,4,4,7,13,13,2,2,0,0,3.04,3.47,2.34,1467.1051108677736,1499.3604650896295,-32.255354221855896,West Ham,2,2,9,11,0.0,1.0,10.0,9.0,0.8,0.6,8.4,12.2,Bournemouth,2,2,11,9,1.0,2.0,24.0,10.0,1.0,1.8,17.0,11.2,0.32894736842105265,0.2881844380403458,0.4273504273504274,0.3149382131858414,0.2759112876325527,0.40915049918160595,1.220725927190077,1.5033627851773705,-0.09421228599576453,0.2759112876325527,0.769736842105263,1.1414473684210527,1.4829059829059832,D,25,2,1
2024_25,2025-04-05,Aston Villa,Nott'm Forest,2,1,H,2,0,H,17,19,8,3,4,4,7,15,2,2,0,0,1.99,3.63,3.72,1569.5338268390262,1561.7557738791616,7.778052959864681,Aston Villa,2,1,17,19,3.0,0.0,8.0,11.0,1.8,1.4,9.4,15.0,Nott'm Forest,1,2,19,17,1.0,0.0,8.0,23.0,1.8,1.2,10.2,14.8,0.5025125628140703,0.27548209366391185,0.26881720430107525,0.4800409525739333,0.2631629464523767,0.25679610097369016,1.7032858041741767,1.0335512493734473,0.22324485160024315,0.2631629464523767,1.8693467336683418,1.8241206030150754,0.9758064516129031,H,1,20,2
2024_25,2025-04-05,Crystal Palace,Brighton,2,1,H,1,1,D,8,11,3,5,2,4,12,13,0,1,2,1,2.43,3.46,2.87,1520.2580469652746,1545.1402029840865,-24.882156018811884,Crystal Palace,2,1,8,11,1.0,1.0,9.0,8.0,1.8,0.8,14.8,10.0,Brighton,1,2,11,8,0.0,3.0,11.0,8.0,2.0,1.4,12.8,10.0,0.4115226337448559,0.28901734104046245,0.3484320557491289,0.3923103970038045,0.2755243539650997,0.3321652490310958,1.4524555449765133,1.2720201010583871,0.0601451479727087,0.2755243539650997,1.1810699588477367,1.4238683127572016,1.205574912891986,H,8,4,2
2024_25,2025-04-05,Ipswich,Wolves,1,2,A,1,0,H,6,22,2,7,4,8,12,16,2,2,0,0,2.74,3.28,2.65,1408.279274466271,1445.4894864013063,-37.210211935035204,Ipswich,1,2,6,22,2.0,1.0,10.0,24.0,1.4,2.6,13.0,14.8,Wolves,2,1,22,6,1.0,0.0,9.0,10.0,1.2,0.8,11.2,10.2,0.36496350364963503,0.3048780487804878,0.37735849056603776,0.348513644637974,0.29113639826464904,0.36034995709737694,1.3366773321785712,1.37218626955678,-0.01183631245940292,0.29113639826464904,0.9671532846715327,1.1970802919708028,1.2377358490566037,A,12,26,0
2024_25,2025-04-05,Everton,Arsenal,1,1,D,0,1,A,5,14,2,5,3,8,17,13,3,1,0,0,5.15,3.44,1.78,1487.8212481411047,1672.0845211319195,-184.2632729908148,Everton,1,1,5,14,0.0,1.0,5.0,17.0,1.0,1.2,10.6,11.8,Arsenal,1,1,14,5,2.0,1.0,17.0,9.0,0.8,0.6,15.8,7.6,0.1941747572815534,0.29069767441860467,0.5617977528089888,0.1855166605062079,0.2777356981415613,0.5367476413522309,0.834285679660185,1.8879786221982537,-0.35123098084602294,0.2777356981415613,0.34563106796116505,0.6679611650485436,1.9325842696629212,D,9,0,1
2024_25,2025-04-06,Brentford,Chelsea,0,0,D,0,0,D,9,21,2,5,3,6,12,12,1,3,0,0,3.2,3.73,2.15,1493.236120035147,1560.1951322209813,-66.95901218583435,Brentford,0,0,9,21,1.0,2.0,12.0,21.0,1.6,1.0,12.2,14.4,Chelsea,0,0,21,9,1.0,0.0,11.0,8.0,1.4,0.6,14.6,8.4,0.3125,0.2680965147453083,0.46511627906976744,0.29883922416202424,0.256376814294498,0.4447839615434779,1.1528944867805708,1.5907286989249316,-0.14594473738145364,0.256376814294498,0.6718749999999999,1.165625,1.7348837209302326,D,3,6,1
2024_25,2025-04-06,Fulham,Liverpool,3,2,H,3,1,H,12,14,6,6,4,4,10,9,3,0,0,0,4.24,3.7,1.86,1523.6972670956702,1708.4999478296493,-184.80268073397906,Fulham,3,2,12,14,1.0,2.0,9.0,17.0,1.2,1.4,9.8,13.2,Liverpool,2,3,14,12,1.0,0.0,17.0,5.0,2.0,0.6,16.4,7.8,0.23584905660377356,0.27027027027027023,0.5376344086021505,0.22596235930707503,0.2589406495843238,0.5150969911086012,0.936827727505549,1.8042316229101274,-0.28913463180152615,0.2589406495843238,0.4386792452830189,0.8726415094339622,1.989247311827957,H,10,15,2
2024_25,2025-04-06,Tottenham,Southampton,3,1,H,2,0,H,13,12,8,4,4,1,16,20,1,1,0,0,1.39,5.32,7.12,1476.2883591379505,1322.1217343936644,154.16662474428608,Tottenham,3,1,13,12,0.0,1.0,8.0,11.0,1.2,1.4,10.6,14.0,Southampton,1,3,12,13,1.0,1.0,8.0,9.0,0.6,2.8,7.4,15.8,0.7194244604316548,0.18796992481203006,0.1404494382022472,0.6865760377016495,0.17938734819648358,0.13403661410186696,2.239115461301432,0.5814971905020845,0.5525394235997826,0.17938734819648358,5.122302158273381,3.8273381294964035,0.7471910112359551,H,24,22,2
2024_25,2025-04-06,Man United,Man City,0,0,D,0,0,D,13,9,2,5,5,3,13,9,3,2,0,0,3.33,3.61,2.13,1504.7520444074107,1620.0431650650924,-115.29112065768163,Man United,0,0,13,9,0.0,1.0,23.0,8.0,1.8,1.2,14.0,11.4,Man City,0,0,9,13,2.0,0.0,18.0,2.0,1.0,1.0,14.2,9.0,0.3003003003003003,0.2770083102493075,0.4694835680751174,0.28687671386199565,0.2646258884100957,0.44849739772790864,1.1252560299960828,1.6101180815938219,-0.161620683865913,0.2646258884100957,0.6396396396396395,1.084084084084084,1.6948356807511737,D,18,17,1
2024_25,2025-04-07,Leicester,Newcastle,0,3,A,0,3,A,7,16,2,5,12,2,8,9,2,0,0,0,6.4,4.44,1.5,1356.6020666685415,1577.1990935488852,-220.59702688034372,Leicester,0,3,7,16,0.0,2.0,2.0,18.0,0.0,2.4,6.8,15.6,Newcastle,3,0,16,7,2.0,1.0,21.0,12.0,1.4,2.0,9.8,12.2,0.15625,0.2252252252252252,0.6666666666666666,0.14907332796132153,0.21488047273704,0.6360461993016384,0.6621004566210046,2.123019070641955,-0.48697287134031686,0.21488047273704,0.234375,0.69375,2.9600000000000004,A,14,19,0
2024_25,2025-04-12,Man City,Crystal Palace,5,2,H,2,2,D,21,8,9,3,1,4,10,16,2,3,0,0,1.5,4.7,5.95,1618.6821035808337,1529.4021344925643,89.27996908826935,Man City,5,2,21,8,0.0,0.0,9.0,13.0,1.0,0.6,12.8,10.0,Crystal Palace,2,5,8,21,2.0,1.0,8.0,11.0,2.0,0.6,13.0,10.0,0.6666666666666666,0.2127659574468085,0.1680672268907563,0.6364360491579426,0.20311788802913064,0.1604460628129267,2.1124260355029585,0.6844560764679107,0.4759899863450159,0.20311788802913064,3.966666666666667,3.1333333333333333,0.7899159663865546,H,17,8,2
2024_25,2025-04-12,Brighton,Leicester,2,2,D,1,1,D,21,15,7,6,3,6,9,11,2,5,0,0,1.27,5.89,10.98,1535.9961154567968,1350.388198785754,185.60791667104286,Brighton,2,2,21,15,1.0,2.0,11.0,8.0,1.4,1.8,11.4,10.4,Leicester,2,2,15,21,0.0,3.0,7.0,16.0,0.0,2.2,6.6,16.0,0.7874015748031495,0.16977928692699493,0.09107468123861566,0.7511542200608383,0.16196364337474783,0.0868821365644139,2.4154263035572625,0.42261005306798954,0.6642720834964244,0.16196364337474783,8.645669291338583,4.637795275590551,0.5364298724954463,D,4,14,1
2024_25,2025-04-12,Nott'm Forest,Everton,0,1,A,0,0,D,10,13,5,5,1,7,9,13,0,3,0,0,2.11,3.33,3.67,1553.567843312554,1491.155109169863,62.41273414269108,Nott'm Forest,0,1,10,13,1.0,2.0,19.0,17.0,1.4,0.8,10.6,15.6,Everton,1,0,13,10,1.0,1.0,5.0,14.0,0.8,1.0,9.8,12.8,0.47393364928909953,0.3003003003003003,0.2724795640326976,0.45278258388876336,0.2868982738754627,0.26031914223577407,1.6452460255417527,1.067855700582785,0.1924634416529893,0.2868982738754627,1.7393364928909953,1.5781990521327016,0.9073569482288829,A,20,9,0
2024_25,2025-04-12,Southampton,Aston Villa,0,3,A,0,0,D,7,25,2,10,2,14,11,4,3,1,0,0,5.65,4.42,1.55,1317.5902712321456,1577.7217574056338,-260.13148617348816,Southampton,0,3,7,25,1.0,3.0,12.0,13.0,0.8,2.6,8.6,14.8,Aston Villa,3,0,25,7,2.0,1.0,17.0,19.0,1.8,1.2,11.0,15.4,0.17699115044247787,0.22624434389140272,0.6451612903225806,0.16882076808397914,0.21580030309377427,0.6153789288222465,0.7222626073457117,2.061937089560514,-0.4465581607382674,0.21580030309377427,0.2743362831858407,0.7823008849557521,2.8516129032258064,A,22,1,0
2024_25,2025-04-12,Arsenal,Brentford,1,1,D,0,0,D,14,3,3,2,13,5,7,9,1,3,0,0,1.61,4.16,5.35,1668.7506601031612,1493.1442193835794,175.60644071958177,Arsenal,1,1,14,3,1.0,1.0,14.0,5.0,1.0,0.6,14.6,7.6,Brentford,1,1,3,14,0.0,0.0,9.0,21.0,0.8,1.0,11.2,17.0,0.6211180124223602,0.24038461538461536,0.1869158878504673,0.5924332727306606,0.22928306949431818,0.17828365777502125,2.0065828876863,0.7641340428193819,0.41414961495563934,0.22928306949431818,3.322981366459627,2.5838509316770186,0.777570093457944,D,0,3,1
2024_25,2025-04-13,Newcastle,Man United,4,1,H,1,1,D,13,9,6,5,7,2,7,9,0,2,0,0,1.65,4.21,4.73,1583.4129614316728,1506.1131058916694,77.29985554000336,Newcastle,4,1,13,9,3.0,0.0,16.0,7.0,2.0,1.2,12.4,11.4,Man United,1,4,9,13,0.0,0.0,13.0,9.0,1.4,0.8,14.8,11.4,0.6060606060606061,0.23752969121140144,0.2114164904862579,0.5744613334179545,0.22514517818043348,0.20039348840161203,1.9485291784342968,0.8263256433852695,0.37406784501634244,0.22514517818043348,2.866666666666667,2.5515151515151517,0.8900634249471457,H,19,18,2
2024_25,2025-04-13,Wolves,Tottenham,4,2,H,2,0,H,13,11,5,4,1,4,12,15,1,2,0,0,2.23,3.55,3.14,1456.977508985006,1480.8198222994693,-23.842313314463354,Wolves,4,2,13,11,2.0,1.0,22.0,6.0,1.4,1.0,13.0,9.8,Tottenham,2,4,11,13,3.0,1.0,13.0,12.0,1.0,1.4,11.2,13.0,0.4484304932735426,0.28169014084507044,0.3184713375796178,0.42765013024779697,0.2686365606908696,0.3037133090613335,1.5515869514342606,1.17977648787487,0.12393682118646349,0.2686365606908696,1.4080717488789238,1.5919282511210762,1.1305732484076432,H,26,24,2
2024_25,2025-04-13,Chelsea,Ipswich,2,2,D,0,2,A,34,13,9,4,15,4,11,7,2,2,0,0,1.25,6.57,9.7,1560.287032872549,1396.7912518825715,163.49578098997745,Chelsea,2,2,34,13,0.0,0.0,21.0,9.0,1.2,0.2,15.8,7.8,Ipswich,2,2,13,34,1.0,2.0,6.0,22.0,1.4,2.2,10.8,17.2,0.8,0.15220700152207,0.10309278350515465,0.7580784260079817,0.14423105517655663,0.09769051881546156,2.418466333200502,0.4373026116229414,0.6603879071925202,0.14423105517655663,7.76,5.256,0.677319587628866,D,6,12,1
2024_25,2025-04-13,Liverpool,West Ham,2,1,H,1,0,H,15,11,6,4,10,3,15,8,0,2,0,0,1.3,5.89,9.45,1694.6514357818387,1465.9688802074484,228.68255557439034,Liverpool,2,1,15,11,2.0,3.0,14.0,12.0,2.0,0.8,15.8,8.4,West Ham,1,2,11,15,2.0,2.0,9.0,11.0,1.0,1.0,9.2,10.4,0.7692307692307692,0.16977928692699493,0.10582010582010583,0.736225653913561,0.16249462650044644,0.10127971958599254,2.3711715882411295,0.46633378525842406,0.6349459343275684,0.16249462650044644,7.269230769230768,4.530769230769231,0.6232804232804233,H,15,25,2
2024_25,2025-04-14,Bournemouth,Fulham,1,0,H,1,0,H,12,12,3,7,6,9,11,10,3,2,0,0,2.15,3.58,3.3,1500.4966957499548,1537.5457791434808,-37.04908339352596,Bournemouth,1,0,12,12,2.0,2.0,11.0,9.0,1.4,2.0,17.6,10.4,Fulham,0,1,12,12,3.0,2.0,12.0,14.0,1.8,1.4,10.2,14.0,0.46511627906976744,0.27932960893854747,0.30303030303030304,0.4440351800345787,0.2666691723671352,0.28929564759828613,1.5987747124708713,1.1345561151619936,0.15473953243629257,0.2666691723671352,1.5348837209302326,1.6651162790697676,1.084848484848485,H,2,10,2
2024_25,2025-04-16,Newcastle,Crystal Palace,5,0,H,4,0,H,14,11,7,4,5,4,9,15,2,3,0,0,1.71,3.96,4.75,1589.7101911156503,1523.4046990530849,66.30549206256546,Newcastle,5,0,14,11,4.0,1.0,13.0,9.0,2.0,0.8,12.4,9.8,Crystal Palace,0,5,11,14,2.0,5.0,8.0,21.0,2.0,1.6,12.6,12.2,0.5847953216374269,0.25252525252525254,0.21052631578947367,0.5580923389142567,0.24099441907661087,0.2009132420091324,1.915271435819381,0.8437341451040081,0.3571790969051243,0.24099441907661087,2.7777777777777777,2.3157894736842106,0.8336842105263158,H,19,8,2
2024_25,2025-04-19,West Ham,Southampton,1,1,D,0,0,D,12,15,4,4,2,5,14,13,2,1,0,0,1.49,4.49,6.44,1462.7778406973812,1312.3240025382743,150.4538381591069,West Ham,1,1,12,15,1.0,2.0,11.0,15.0,0.8,1.4,9.8,11.4,Southampton,1,1,15,12,0.0,3.0,7.0,25.0,0.8,2.4,8.6,16.0,0.6711409395973155,0.22271714922048996,0.15527950310559005,0.6397072650565361,0.2122859298294518,0.1480068051140122,2.13140772499906,0.6563063451714884,0.49170045994252387,0.2122859298294518,4.322147651006712,3.0134228187919465,0.6972049689440993,D,25,22,1
2024_25,2025-04-19,Aston Villa,Newcastle,4,1,H,1,1,D,23,10,9,3,7,7,9,12,1,3,0,0,2.36,3.63,2.85,1582.988026099505,1596.2899376490948,-13.301911549589704,Aston Villa,4,1,23,10,3.0,0.0,25.0,7.0,2.0,1.0,13.6,13.8,Newcastle,1,4,10,23,5.0,0.0,14.0,11.0,3.0,0.4,14.6,9.6,0.42372881355932207,0.27548209366391185,0.3508771929824561,0.40351739389897145,0.262341886942582,0.3341407191584465,1.4728940686394962,1.2647640444179216,0.06937667474052495,0.262341886942582,1.207627118644068,1.538135593220339,1.2736842105263158,H,1,19,2
2024_25,2025-04-19,Crystal Palace,Bournemouth,0,0,D,0,0,D,5,15,0,4,5,4,13,10,3,4,1,0,2.54,3.54,2.69,1516.8249525196404,1510.0038469587928,6.821105560847627,Crystal Palace,0,0,5,15,0.0,5.0,11.0,14.0,1.2,2.4,11.0,13.8,Bournemouth,0,0,15,5,1.0,0.0,12.0,12.0,1.4,1.6,16.2,10.6,0.39370078740157477,0.2824858757062147,0.3717472118959108,0.3756923950952388,0.26956459987059506,0.35474300503416606,1.3966417851563115,1.3337936149730933,0.020949390061072715,0.26956459987059506,1.0590551181102361,1.3937007874015748,1.3159851301115242,D,8,2,1
2024_25,2025-04-19,Everton,Man City,0,2,A,0,0,D,8,12,3,7,2,5,7,6,4,0,0,0,3.8,3.65,1.96,1505.473696069845,1624.679539020313,-119.2058429504682,Everton,0,2,8,12,1.0,0.0,13.0,10.0,0.8,0.8,9.6,12.4,Man City,2,0,12,8,5.0,2.0,21.0,8.0,1.8,1.0,14.6,9.4,0.2631578947368421,0.273972602739726,0.5102040816326531,0.2512644001123911,0.26159033436358525,0.4871452655240236,1.0153835347007585,1.723026130935656,-0.2358808654116325,0.26159033436358525,0.5157894736842106,0.9605263157894737,1.8622448979591837,A,9,17,0
2024_25,2025-04-19,Brentford,Brighton,4,2,H,1,1,D,16,12,8,3,4,8,7,11,3,3,0,1,2.5,3.61,2.7,1499.535956604486,1529.417451796919,-29.88149519243302,Brentford,4,2,16,12,1.0,1.0,3.0,14.0,0.8,1.0,9.4,17.0,Brighton,2,4,12,16,2.0,2.0,21.0,15.0,1.4,2.0,13.4,9.6,0.4,0.2770083102493075,0.37037037037037035,0.3819058067549565,0.26447770550897265,0.3536164877360708,1.410195125773842,1.325327168717185,0.028289319018885706,0.26447770550897265,1.08,1.444,1.3370370370370368,H,3,4,2
2024_25,2025-04-20,Leicester,Liverpool,0,1,A,0,0,D,5,28,0,10,1,13,11,7,1,2,0,0,11.76,6.63,1.23,1356.9668624456317,1697.8424752919059,-340.8756128462742,Leicester,0,1,5,28,2.0,2.0,15.0,21.0,0.4,2.2,7.6,18.6,Liverpool,1,0,28,5,2.0,1.0,15.0,11.0,2.0,1.0,17.2,7.4,0.08503401360544217,0.15082956259426847,0.8130081300813008,0.08107189191607389,0.14380172683756093,0.775126381246365,0.3870174025857826,2.4691808705766563,-0.6940544893302911,0.14380172683756093,0.10459183673469388,0.5637755102040817,5.390243902439025,A,14,15,0
2024_25,2025-04-20,Man United,Wolves,0,1,A,0,0,D,12,4,2,2,9,2,11,18,2,3,0,0,2.0,3.58,3.72,1499.8158762076919,1466.0907070536327,33.72516915405913,Man United,0,1,12,4,1.0,4.0,9.0,13.0,1.0,1.2,14.6,11.6,Wolves,1,0,4,12,4.0,2.0,13.0,11.0,2.0,1.0,12.0,9.8,0.5,0.27932960893854747,0.26881720430107525,0.4770324096627217,0.26649855288420204,0.2564690374530762,1.6975957818723673,1.0359056652434306,0.2205633722096455,0.26649855288420204,1.86,1.79,0.9623655913978494,A,18,26,0
2024_25,2025-04-20,Fulham,Chelsea,1,2,A,1,0,H,6,13,1,8,6,4,13,9,1,3,0,0,2.82,3.52,2.43,1528.0386279346428,1554.1305683382834,-26.091940403640592,Fulham,1,2,6,13,0.0,1.0,12.0,12.0,1.4,1.4,10.4,12.8,Chelsea,2,1,13,6,2.0,2.0,34.0,13.0,0.8,0.6,18.8,9.0,0.3546099290780142,0.2840909090909091,0.4115226337448559,0.3376518793965088,0.27050519883470314,0.391842921768788,1.2834608370242295,1.446033964141067,-0.054191042372279175,0.27050519883470314,0.8617021276595745,1.24822695035461,1.4485596707818928,A,10,6,0
2024_25,2025-04-20,Ipswich,Arsenal,0,4,A,0,2,A,4,24,0,7,0,12,10,7,0,0,1,0,7.83,4.81,1.4,1402.947716416837,1662.3589228822545,-259.41120646541754,Ipswich,0,4,4,24,2.0,2.0,13.0,34.0,1.4,2.0,11.0,22.0,Arsenal,4,0,24,4,1.0,1.0,14.0,3.0,1.2,0.8,14.8,7.0,0.1277139208173691,0.2079002079002079,0.7142857142857143,0.12164390886280829,0.1980190865687711,0.6803370045684206,0.562950813157196,2.239030100274033,-0.5586930957056123,0.1980190865687711,0.17879948914431673,0.6143039591315452,3.4357142857142855,A,12,0,0
2024_25,2025-04-21,Tottenham,Nott'm Forest,1,2,A,0,2,A,22,4,6,3,7,1,11,12,1,4,0,0,2.47,3.71,2.66,1471.7066242308424,1539.249256412572,-67.54263218172969,Tottenham,1,2,22,4,2.0,4.0,11.0,13.0,1.4,2.0,11.2,13.2,Nott'm Forest,2,1,4,22,0.0,1.0,10.0,13.0,1.4,1.0,11.4,15.6,0.4048582995951417,0.2695417789757412,0.37593984962406013,0.38545454545454544,0.25662337662337664,0.3579220779220779,1.412987012987013,1.3303896103896102,0.02753246753246752,0.25662337662337664,1.0769230769230769,1.5020242914979756,1.394736842105263,A,24,20,0
2024_25,2025-04-22,Man City,Aston Villa,2,1,H,1,1,D,14,7,6,3,10,2,9,10,3,3,0,0,1.85,4.06,3.93,1633.702331476886,1591.7895792641318,41.912752212754185,Man City,2,1,14,7,2.0,0.0,12.0,8.0,2.2,0.8,14.2,9.2,Aston Villa,1,2,7,14,4.0,1.0,23.0,10.0,2.6,0.4,17.0,12.0,0.5405405405405405,0.24630541871921185,0.2544529262086514,0.5191021983062922,0.23653671597700518,0.2443610857167025,1.7938433108958818,0.9696199731271128,0.2747411125895897,0.23653671597700518,2.1243243243243244,2.1945945945945944,1.0330788804071245,H,17,1,2
2024_25,2025-04-23,Arsenal,Crystal Palace,2,2,D,2,1,H,12,15,6,4,3,6,4,6,1,1,0,0,1.41,4.66,8.13,1667.6415680619841,1514.5404177819403,153.10115028004384,Arsenal,2,2,12,15,4.0,0.0,24.0,4.0,1.8,0.6,16.2,5.8,Crystal Palace,2,2,15,12,0.0,0.0,5.0,15.0,1.0,2.4,8.2,13.8,0.7092198581560284,0.2145922746781116,0.12300123001230011,0.6775036346761518,0.20499573495565965,0.11750063036818867,2.237506638984115,0.5574976260602256,0.5600030043079631,0.20499573495565965,5.765957446808511,3.3049645390070923,0.5731857318573186,D,0,8,1
2024_25,2025-04-26,Brighton,West Ham,3,2,H,1,0,H,16,12,9,4,8,1,7,9,1,1,0,0,1.67,4.14,4.76,1520.1245302982866,1456.8857154696777,63.23881482860884,Brighton,3,2,16,12,2.0,4.0,12.0,16.0,1.4,2.6,14.0,11.6,West Ham,2,3,12,16,1.0,1.0,12.0,15.0,1.0,1.4,10.4,12.6,0.5988023952095809,0.24154589371980678,0.21008403361344538,0.5700532841183243,0.22994903006705356,0.19999768581462218,1.9401088824220265,0.8299420875109201,0.37005559830370216,0.22994903006705356,2.8502994011976046,2.4790419161676644,0.8697478991596639,H,4,25,2
2024_25,2025-04-26,Newcastle,Ipswich,3,0,H,1,0,H,25,4,5,0,11,2,9,9,1,2,0,1,1.18,7.72,14.89,1587.488384484468,1397.6650712371074,189.8233132473606,Newcastle,3,0,25,4,1.0,4.0,10.0,23.0,3.0,1.2,14.8,12.4,Ipswich,0,3,4,25,0.0,4.0,4.0,24.0,1.4,2.6,8.8,23.0,0.8474576271186441,0.1295336787564767,0.0671591672263264,0.8116240416972038,0.12405652450812184,0.06431943379467431,2.558928649599733,0.31701482589214475,0.7473046079025295,0.12405652450812184,12.61864406779661,6.5423728813559325,0.5184687709872398,H,19,12,2
2024_25,2025-04-26,Southampton,Fulham,1,2,A,1,0,H,7,26,3,5,0,13,10,12,1,1,0,0,5.17,4.11,1.64,1318.2161277659777,1516.2186832147727,-198.00255544879496,Southampton,1,2,7,26,1.0,1.0,15.0,12.0,0.8,2.0,10.4,12.8,Fulham,2,1,26,7,1.0,2.0,6.0,13.0,1.4,1.4,10.4,13.6,0.19342359767891684,0.24330900243309,0.6097560975609756,0.18483104319140942,0.23250036333323273,0.5826685934753577,0.786993492907461,1.980506143759306,-0.3978375502839483,0.23250036333323273,0.31721470019342357,0.7949709864603483,2.50609756097561,A,22,10,0
2024_25,2025-04-26,Wolves,Leicester,3,0,H,1,0,H,20,8,6,2,4,2,7,17,1,4,0,0,1.51,4.38,6.24,1479.6355029005672,1353.318128917658,126.3173739829092,Wolves,3,0,20,8,1.0,0.0,4.0,12.0,2.0,0.8,10.6,9.8,Leicester,0,3,8,20,0.0,1.0,5.0,28.0,0.4,2.2,8.0,20.2,0.6622516556291391,0.22831050228310504,0.16025641025641024,0.6302245465487901,0.21726919298828154,0.15250626046292837,2.107942832634652,0.6747879743770666,0.47771828608586175,0.21726919298828154,4.132450331125828,2.900662251655629,0.7019230769230769,H,26,14,2
2024_25,2025-04-26,Chelsea,Everton,1,0,H,1,0,H,10,6,7,3,10,2,11,11,0,0,0,0,1.58,4.08,5.91,1565.9505130581535,1496.450903613272,69.49960944488157,Chelsea,1,0,10,6,2.0,1.0,13.0,6.0,1.0,0.8,17.4,9.6,Everton,0,1,6,10,0.0,2.0,8.0,12.0,0.6,1.0,8.8,12.6,0.6329113924050632,0.24509803921568626,0.1692047377326565,0.6043762688923979,0.23404767275735017,0.1615760583502519,2.047176479434544,0.7187758478081059,0.442800210542146,0.23404767275735017,3.740506329113924,2.5822784810126582,0.6903553299492385,H,6,9,2
2024_25,2025-04-27,Bournemouth,Man United,1,1,D,1,0,H,8,25,1,6,5,10,11,12,4,2,1,0,1.67,4.13,4.77,1512.288381696493,1486.2710803607574,26.01730133573551,Bournemouth,1,1,8,25,0.0,0.0,15.0,5.0,1.0,1.2,15.8,9.2,Man United,1,1,25,8,0.0,1.0,12.0,4.0,0.8,1.2,15.0,9.0,0.5988023952095809,0.24213075060532688,0.20964360587002098,0.5699749154445058,0.2304741183516525,0.1995509662038417,1.9403988646851702,0.8291270169631775,0.37042394924066413,0.2304741183516525,2.8562874251497004,2.4730538922155687,0.8658280922431867,D,2,18,1
2024_25,2025-04-27,Liverpool,Tottenham,5,1,H,3,1,H,25,8,8,3,8,2,16,9,2,1,0,0,1.25,6.57,9.98,1701.4912088198796,1461.1323603013066,240.35884851857304,Liverpool,5,1,25,8,1.0,0.0,28.0,5.0,1.8,1.0,20.4,7.8,Tottenham,1,5,8,25,1.0,2.0,22.0,4.0,1.2,2.0,13.2,10.6,0.8,0.15220700152207,0.1002004008016032,0.7601618899996639,0.14462745243524805,0.09521065756508815,2.42511312243424,0.43025942513051246,0.6649512324345758,0.14462745243524805,7.984,5.256,0.6583166332665331,H,15,24,2
2024_25,2025-05-01,Nott'm Forest,Brentford,0,2,A,0,1,A,14,11,5,3,4,5,10,12,3,5,0,0,2.17,3.55,3.27,1549.823520342108,1508.8288781031185,40.9946422389894,Nott'm Forest,0,2,14,11,2.0,1.0,4.0,22.0,1.6,1.2,10.4,17.2,Brentford,2,0,11,14,4.0,2.0,16.0,12.0,1.6,1.2,10.0,17.0,0.4608294930875576,0.28169014084507044,0.3058103975535168,0.439584366799329,0.2687036833674772,0.2917119498331939,1.587456783765464,1.1438395328670588,0.14787241696613512,0.2687036833674772,1.5069124423963134,1.6359447004608294,1.0856269113149846,A,20,3,0
2024_25,2025-05-02,Man City,Wolves,1,0,H,1,0,H,9,6,2,1,4,5,7,11,0,0,0,0,1.4,5.14,7.49,1640.9324817100844,1484.7625231013283,156.16995860875613,Man City,1,0,9,6,2.0,1.0,14.0,7.0,2.2,0.6,14.8,7.6,Wolves,0,1,6,9,3.0,0.0,20.0,8.0,2.2,0.6,13.6,9.4,0.7142857142857143,0.19455252918287938,0.13351134846461948,0.6852650203095019,0.18664806000647913,0.12808691968401903,2.242443120934985,0.5709088190585362,0.5571781006254828,0.18664806000647913,5.3500000000000005,3.6714285714285713,0.6862483311081441,H,17,26,2
2024_25,2025-05-03,Leicester,Southampton,2,0,H,2,0,H,14,8,4,2,7,7,12,13,1,3,0,0,2.33,3.62,2.93,1348.191108716897,1311.4185304526127,36.77257826428422,Leicester,2,0,14,8,0.0,3.0,8.0,20.0,0.4,2.2,7.4,20.6,Southampton,0,2,8,14,1.0,2.0,7.0,26.0,0.8,2.0,9.8,17.0,0.4291845493562232,0.27624309392265195,0.341296928327645,0.4100262485455059,0.2639119224063615,0.32606182904813263,1.4939906680428792,1.2420974095507593,0.08396441949737327,0.2639119224063615,1.257510729613734,1.553648068669528,1.235494880546075,H,14,22,2
2024_25,2025-05-03,Arsenal,Bournemouth,1,2,A,1,0,H,13,9,4,2,2,3,7,16,0,2,0,0,2.08,3.6,3.47,1661.6948650209372,1509.458286768308,152.23657825262922,Arsenal,1,2,13,9,2.0,2.0,12.0,15.0,2.0,1.0,16.2,7.2,Bournemouth,2,1,9,13,1.0,1.0,8.0,25.0,1.0,1.0,14.0,12.2,0.4807692307692307,0.2777777777777778,0.2881844380403458,0.4593052328146601,0.2653763567373592,0.2753184104479807,1.6432920551813397,1.0913315880813015,0.1839868223666794,0.2653763567373592,1.6682692307692308,1.7307692307692308,1.037463976945245,A,0,2,0
2024_25,2025-05-03,Aston Villa,Fulham,1,0,H,1,0,H,10,11,3,3,5,3,6,17,0,5,0,0,1.79,3.88,4.32,1584.5594290309334,1523.0162805281377,61.5431485027957,Aston Villa,1,0,10,11,1.0,2.0,7.0,14.0,2.6,0.8,16.0,12.2,Fulham,0,1,11,10,2.0,1.0,26.0,7.0,1.4,1.6,13.0,12.6,0.5586592178770949,0.2577319587628866,0.23148148148148145,0.5331365539001768,0.24595732770137027,0.2209061183984529,1.8453669894019007,0.908675682896729,0.3122304355017239,0.24595732770137027,2.4134078212290504,2.167597765363128,0.898148148148148,H,1,10,2
2024_25,2025-05-03,Everton,Ipswich,2,2,D,2,1,H,8,12,3,5,3,3,12,15,4,4,0,0,1.47,4.4,7.07,1489.9539453880036,1393.8205334021798,96.13341198582384,Everton,2,2,8,12,0.0,1.0,6.0,10.0,0.4,1.0,7.4,12.6,Ipswich,2,2,12,8,0.0,3.0,4.0,25.0,1.0,2.4,7.4,25.8,0.6802721088435374,0.22727272727272727,0.14144271570014144,0.6485035095655726,0.2166591270594072,0.13483736337502006,2.162169655756125,0.6211712171844674,0.5136661461905525,0.2166591270594072,4.80952380952381,2.993197278911565,0.6223479490806224,D,9,12,1
2024_25,2025-05-04,Brentford,Man United,4,3,H,2,1,H,12,14,6,5,7,4,8,10,0,2,0,0,1.67,4.14,4.74,1522.573651529465,1489.1011752889424,33.47247624052261,Brentford,4,3,12,14,2.0,0.0,11.0,14.0,1.6,1.0,10.2,16.4,Man United,3,4,14,12,1.0,1.0,25.0,8.0,0.4,1.4,16.4,8.4,0.5988023952095809,0.24154589371980678,0.21097046413502107,0.5695726376650064,0.22975514611124656,0.20067221622374695,1.9384730591062658,0.8317717947824874,0.36890042144125945,0.22975514611124656,2.8383233532934136,2.4790419161676644,0.8734177215189872,H,3,18,2
2024_25,2025-05-04,Brighton,Newcastle,1,1,D,1,0,H,5,13,2,5,1,4,15,10,2,1,0,0,2.86,3.77,2.31,1526.7842987183624,1591.3329223193957,-64.54862360103334,Brighton,1,1,5,13,3.0,2.0,16.0,12.0,1.6,2.6,14.2,11.8,Newcastle,1,1,13,5,3.0,0.0,25.0,4.0,3.2,1.0,15.6,10.8,0.3496503496503497,0.26525198938992045,0.4329004329004329,0.3336986301369863,0.2531506849315069,0.4131506849315068,1.2542465753424659,1.4926027397260273,-0.0794520547945205,0.2531506849315069,0.8076923076923077,1.3181818181818183,1.632034632034632,D,4,19,1
2024_25,2025-05-04,West Ham,Tottenham,1,1,D,1,1,D,11,7,2,2,1,3,18,15,2,2,0,0,2.1,3.73,3.31,1450.225947049602,1458.118988997595,-7.89304194799297,West Ham,1,1,11,7,2.0,3.0,12.0,16.0,1.2,1.8,10.8,13.2,Tottenham,1,1,7,11,1.0,5.0,8.0,25.0,1.4,2.6,12.4,13.0,0.47619047619047616,0.2680965147453083,0.3021148036253776,0.4550742159135726,0.25620800359745377,0.28871778048897356,1.6214306513381715,1.1223613450643746,0.16635643542459905,0.25620800359745377,1.5761904761904761,1.776190476190476,1.1268882175226587,D,25,24,1
2024_25,2025-05-04,Chelsea,Liverpool,3,1,H,1,0,H,17,11,7,2,3,6,10,11,2,2,0,0,2.18,3.71,3.14,1572.447471283422,1704.5045801235913,-132.05710884016935,Chelsea,3,1,17,11,1.0,0.0,10.0,6.0,1.2,0.6,17.8,8.4,Liverpool,1,3,11,17,5.0,1.0,25.0,8.0,2.2,1.0,19.8,8.2,0.4587155963302752,0.2695417789757412,0.3184713375796178,0.4382373299626821,0.2575087275791501,0.30425394245816784,1.5722207174671965,1.1702705549536536,0.13398338750451427,0.2575087275791501,1.4403669724770642,1.701834862385321,1.181528662420382,H,6,15,2
2024_25,2025-05-05,Crystal Palace,Nott'm Forest,1,1,D,0,0,D,20,12,3,4,7,4,9,15,3,8,0,0,2.29,3.38,3.15,1520.4871208229872,1536.0787469157615,-15.591626092774277,Crystal Palace,1,1,20,12,2.0,2.0,15.0,12.0,1.2,2.6,9.4,14.6,Nott'm Forest,1,1,12,20,0.0,2.0,14.0,11.0,0.8,1.2,11.0,17.2,0.4366812227074236,0.2958579881656805,0.31746031746031744,0.41588706558805033,0.28176963911143055,0.30234329530051907,1.5294308358755817,1.1887995250129877,0.11354377028753126,0.28176963911143055,1.3755458515283843,1.4759825327510916,1.073015873015873,D,8,20,1
2024_25,2025-05-10,Fulham,Everton,1,3,A,1,1,D,18,11,6,7,5,5,15,9,1,0,0,0,1.87,3.55,4.32,1516.3120423734572,1485.2837853458407,31.02825702761652,Fulham,1,3,18,11,0.0,1.0,11.0,10.0,1.2,1.4,13.4,11.2,Everton,3,1,11,18,2.0,2.0,8.0,12.0,0.8,1.2,8.0,11.6,0.53475935828877,0.28169014084507044,0.23148148148148145,0.5103001706990007,0.26880600541045957,0.2208938238905397,1.7997065175074616,0.9314874770820787,0.289406346808461,0.26880600541045957,2.3101604278074865,1.8983957219251335,0.8217592592592592,A,10,9,0
2024_25,2025-05-10,Ipswich,Brentford,0,1,A,0,1,A,11,15,4,5,5,6,6,12,2,4,0,0,4.94,4.2,1.65,1398.4906934443427,1530.0358517340305,-131.54515828968783,Ipswich,0,1,11,15,2.0,2.0,12.0,8.0,1.0,2.6,7.8,22.6,Brentford,1,0,15,11,4.0,3.0,12.0,14.0,2.2,1.2,10.2,15.0,0.20242914979757085,0.23809523809523808,0.6060606060606061,0.19341873901029893,0.22749727874068493,0.5790839822490162,0.8077534957715817,1.9647492254877337,-0.3856652432387173,0.22749727874068493,0.33400809716599184,0.8502024291497975,2.545454545454546,A,12,3,0
2024_25,2025-05-10,Southampton,Man City,0,0,D,0,0,D,2,26,0,5,1,15,9,8,2,0,0,0,13.37,7.58,1.19,1304.047462878681,1645.4230981424403,-341.37563526375925,Southampton,0,0,2,26,0.0,2.0,8.0,14.0,0.6,2.2,9.8,18.0,Man City,0,0,26,2,1.0,0.0,9.0,6.0,2.0,0.6,13.0,8.4,0.07479431563201197,0.13192612137203166,0.8403361344537815,0.071432926998276,0.12599712849168207,0.802569944510042,0.34029590948651006,2.5337069620218085,-0.7311370175117661,0.12599712849168207,0.08900523560209424,0.5669409124906507,6.369747899159664,D,22,17,1
2024_25,2025-05-10,Wolves,Brighton,0,2,A,0,1,A,10,7,3,2,7,4,8,12,1,1,0,0,2.73,3.47,2.54,1480.2719066689724,1526.619563849948,-46.3476571809756,Wolves,0,2,10,7,0.0,1.0,6.0,9.0,2.0,0.8,13.0,9.2,Brighton,2,0,7,10,1.0,1.0,5.0,13.0,1.8,2.2,13.0,12.8,0.3663003663003663,0.2881844380403458,0.39370078740157477,0.34946136369944214,0.27493646193068505,0.3756021743698728,1.3233205530290115,1.4017429850403036,-0.02614081067043067,0.27493646193068505,0.9304029304029304,1.2710622710622712,1.3661417322834646,A,26,4,0
2024_25,2025-05-10,Bournemouth,Aston Villa,0,1,A,0,1,A,10,6,4,3,10,0,19,12,4,3,0,1,2.45,3.68,2.71,1525.8872170848545,1591.263667185614,-65.37645010075948,Bournemouth,0,1,10,6,2.0,1.0,9.0,13.0,1.2,0.8,11.0,12.8,Aston Villa,1,0,6,10,1.0,0.0,10.0,11.0,2.2,0.8,16.4,12.2,0.4081632653061224,0.2717391304347826,0.36900369003690037,0.38913232637357914,0.2590690759824101,0.3517985976440107,1.4264660551031476,1.3144648689144423,0.037333728729568416,0.2590690759824101,1.1061224489795918,1.5020408163265306,1.3579335793357934,A,2,1,0
2024_25,2025-05-11,Newcastle,Chelsea,2,0,H,1,0,H,15,10,6,3,2,8,9,13,4,2,0,1,2.13,3.76,3.18,1591.49765718781,1584.80323274006,6.69442444775018,Newcastle,2,0,15,10,1.0,1.0,13.0,5.0,2.8,1.2,15.0,10.4,Chelsea,0,2,10,15,3.0,1.0,17.0,11.0,1.6,0.8,19.0,9.0,0.4694835680751174,0.26595744680851063,0.31446540880503143,0.447167059351509,0.25331538202625375,0.29951755862223717,1.5948165600807809,1.1518680578929652,0.14764950072927185,0.25331538202625375,1.4929577464788735,1.7652582159624413,1.1823899371069182,H,19,6,2
2024_25,2025-05-11,Man United,West Ham,0,2,A,0,1,A,20,9,5,4,8,5,3,13,0,1,0,0,1.92,3.72,3.83,1481.6389750843769,1448.3687261741482,33.2702489102287,Man United,0,2,20,9,3.0,4.0,14.0,12.0,1.0,2.0,14.6,9.2,West Ham,2,0,9,20,1.0,1.0,11.0,7.0,1.4,1.8,11.0,12.8,0.5208333333333334,0.26881720430107525,0.2610966057441253,0.4956790381163112,0.2558343422535799,0.24848661963010896,1.7428714566025136,1.0012942011439068,0.24719241848620224,0.2558343422535799,1.9947916666666667,1.9375000000000002,0.9712793733681463,A,18,25,0
2024_25,2025-05-11,Nott'm Forest,Leicester,2,2,D,1,1,D,15,10,4,6,4,4,11,11,3,3,0,0,1.33,5.34,8.83,1537.7097349647702,1355.5621762908286,182.1475586739416,Nott'm Forest,2,2,15,10,1.0,1.0,12.0,20.0,0.8,1.4,11.8,16.6,Leicester,2,2,10,15,2.0,0.0,14.0,8.0,0.8,1.8,9.8,18.6,0.7518796992481203,0.18726591760299627,0.11325028312570781,0.7144456751158742,0.17794246215432824,0.10761186272979759,2.321279487501951,0.5007780503437209,0.6068338123860766,0.17794246215432824,6.639097744360902,4.015037593984962,0.6047565118912797,D,20,14,1
2024_25,2025-05-11,Tottenham,Crystal Palace,0,2,A,0,1,A,8,23,1,10,4,8,12,10,1,1,0,0,2.65,3.68,2.5,1459.9762098730487,1518.8561327739785,-58.87992290092984,Tottenham,0,2,8,23,1.0,1.0,7.0,11.0,1.6,2.6,12.2,13.0,Crystal Palace,2,0,23,8,1.0,1.0,20.0,12.0,1.0,2.6,11.8,14.8,0.37735849056603776,0.2717391304347826,0.4,0.35969816632130436,0.25902177737811316,0.3812800563005826,1.3381162763420262,1.4028619462798608,-0.021581889979278235,0.25902177737811316,0.9433962264150944,1.388679245283019,1.472,A,24,8,0
2024_25,2025-05-11,Liverpool,Arsenal,2,2,D,2,0,H,14,15,5,7,3,1,13,10,1,1,0,1,2.06,3.54,3.57,1692.1488186669533,1645.2659347043907,46.88288396256257,Liverpool,2,2,14,15,1.0,3.0,11.0,17.0,2.2,1.6,18.6,10.6,Arsenal,2,2,15,14,1.0,2.0,13.0,9.0,1.8,1.2,15.4,7.2,0.4854368932038835,0.2824858757062147,0.2801120448179272,0.46318775564058584,0.26953863746316575,0.2672736068962484,1.659101904384923,1.0713594581519108,0.19591414874433744,0.26953863746316575,1.733009708737864,1.7184466019417475,0.9915966386554622,D,15,0,1
2024_25,2025-05-16,Aston Villa,Tottenham,2,0,H,0,0,D,18,3,7,1,9,1,5,12,1,2,0,0,1.32,5.95,8.45,1601.9033892243642,1449.1402599558683,152.76312926849596,Aston Villa,2,0,18,3,1.0,0.0,6.0,10.0,2.0,0.6,14.2,10.4,Tottenham,0,2,3,18,0.0,2.0,8.0,23.0,1.0,2.8,11.2,15.2,0.7575757575757576,0.1680672268907563,0.1183431952662722,0.7256568834748973,0.16098606490535536,0.11335705161974728,2.337956715330047,0.5010572197645972,0.61229983185515,0.16098606490535536,6.4015151515151505,4.507575757575758,0.7041420118343196,H,1,24,2
2024_25,2025-05-16,Chelsea,Man United,1,0,H,0,0,D,11,4,3,1,7,2,10,14,1,6,0,0,1.46,4.9,6.51,1576.5841199399713,1468.106776272867,108.47734366710438,Chelsea,1,0,11,4,0.0,2.0,10.0,15.0,1.6,1.2,16.8,10.2,Man United,0,1,4,11,0.0,2.0,20.0,9.0,1.0,2.4,16.0,9.2,0.684931506849315,0.2040816326530612,0.15360983102918588,0.6569311498097105,0.19573866912697496,0.1473301810633145,2.1665321185561064,0.6377292123169185,0.5096009687463959,0.19573866912697496,4.458904109589041,3.3561643835616444,0.7526881720430109,H,6,18,2
2024_25,2025-05-18,Everton,Southampton,2,0,H,2,0,H,13,6,5,2,4,5,6,10,1,1,0,0,1.4,4.79,7.93,1498.7537633593638,1310.9073987950956,187.84636456426824,Everton,2,0,13,6,3.0,1.0,11.0,18.0,1.2,1.2,9.2,12.4,Southampton,0,2,6,13,0.0,0.0,2.0,26.0,0.4,1.6,7.8,20.6,0.7142857142857143,0.20876826722338204,0.12610340479192939,0.6808184583287777,0.19898660577459057,0.12019493589663163,2.2414419807609236,0.5595714134644855,0.5606235224321461,0.19898660577459057,5.664285714285715,3.4214285714285717,0.6040353089533418,H,9,22,2
2024_25,2025-05-18,Leicester,Ipswich,2,0,H,1,0,H,9,20,3,2,2,2,15,12,1,0,0,0,2.33,3.59,2.94,1362.0769180737748,1389.8314624210013,-27.754544347226556,Leicester,2,0,9,20,2.0,2.0,10.0,15.0,1.2,1.6,10.4,18.4,Ipswich,0,2,20,9,0.0,1.0,11.0,15.0,0.8,2.4,8.8,21.2,0.4291845493562232,0.2785515320334262,0.3401360544217687,0.4095772133723976,0.26582587943111047,0.324596907196492,1.4945575195483034,1.2396166010205865,0.08498030617590563,0.26582587943111047,1.261802575107296,1.540772532188841,1.2210884353741496,H,14,12,2
2024_25,2025-05-18,Brentford,Fulham,2,3,A,2,1,H,11,16,6,7,5,3,12,8,4,4,0,0,1.93,3.9,3.64,1538.695082757372,1502.842064359934,35.853018397437836,Brentford,2,3,11,16,1.0,0.0,15.0,11.0,2.4,1.2,11.4,13.0,Fulham,3,2,16,11,1.0,3.0,18.0,11.0,0.8,1.6,14.6,10.6,0.5181347150259068,0.25641025641025644,0.2747252747252747,0.49380482951976135,0.24437008230080495,0.26182508817943384,1.7257845708600892,1.0298453468391064,0.2319797413403275,0.24437008230080495,1.8860103626943006,2.0207253886010363,1.0714285714285714,A,3,10,0
2024_25,2025-05-18,West Ham,Nott'm Forest,1,2,A,0,1,A,16,10,5,5,8,7,14,7,6,3,0,0,2.8,3.4,2.53,1461.900924985658,1531.194993181824,-69.29406819616588,West Ham,1,2,16,10,2.0,0.0,9.0,20.0,1.4,1.4,11.0,14.6,Nott'm Forest,2,1,10,16,2.0,2.0,15.0,10.0,1.0,1.4,11.0,15.2,0.35714285714285715,0.29411764705882354,0.3952569169960475,0.3412679520749028,0.2810441958263905,0.3776878520987067,1.304848052051099,1.4141077521225107,-0.03641990002380391,0.2810441958263905,0.9035714285714286,1.2142857142857144,1.3438735177865613,A,25,20,0
2024_25,2025-05-18,Arsenal,Newcastle,1,0,H,0,0,D,12,14,4,5,10,7,9,9,3,3,0,0,2.01,3.59,3.7,1648.670811564871,1599.7167699878987,48.95404157697226,Arsenal,1,0,12,14,2.0,2.0,15.0,14.0,2.0,1.4,15.6,9.0,Newcastle,0,1,14,12,2.0,0.0,15.0,10.0,2.4,1.0,15.4,10.6,0.49751243781094534,0.2785515320334262,0.27027027027027023,0.4754813698502644,0.266216588690538,0.2583020414591976,1.692660698241331,1.0411227130681309,0.2171793283910668,0.266216588690538,1.8407960199004978,1.7860696517412937,0.9702702702702701,H,0,19,2
2024_25,2025-05-19,Brighton,Liverpool,3,2,H,1,2,A,25,18,12,5,3,3,9,8,1,0,0,0,2.63,3.82,2.46,1537.83326924992,1688.743941806473,-150.91067255655298,Brighton,3,2,25,18,2.0,0.0,7.0,10.0,2.0,1.8,12.2,13.2,Liverpool,2,3,18,25,2.0,2.0,14.0,15.0,2.2,1.4,18.6,11.2,0.3802281368821293,0.2617801047120419,0.4065040650406504,0.3626358360088911,0.2496681279328229,0.38769603605828595,1.3375756359594964,1.4127562361076809,-0.025060200049394854,0.2496681279328229,0.935361216730038,1.4524714828897338,1.5528455284552845,H,4,15,2
2024_25,2025-05-20,Crystal Palace,Wolves,4,2,H,2,1,H,14,12,10,3,0,10,14,8,1,2,0,0,2.27,3.32,3.26,1529.692082691159,1469.0582012690004,60.63388142215854,Crystal Palace,4,2,14,12,2.0,0.0,23.0,8.0,1.0,1.6,14.8,12.2,Wolves,2,4,12,14,0.0,2.0,10.0,7.0,1.6,1.0,10.6,9.4,0.44052863436123346,0.30120481927710846,0.3067484662576687,0.42015854160358385,0.2872770751325709,0.2925643832638452,1.5477526999433224,1.1649702249241065,0.12759415833973864,0.2872770751325709,1.436123348017621,1.462555066079295,1.0184049079754602,H,8,26,2
2024_25,2025-05-20,Man City,Bournemouth,3,1,H,2,0,H,12,8,5,2,3,1,7,13,1,3,1,1,1.55,4.51,5.49,1638.5631622260257,1515.2474950461042,123.31566717992155,Man City,3,1,12,8,0.0,0.0,26.0,2.0,2.0,0.6,16.4,6.2,Bournemouth,1,3,8,12,0.0,1.0,10.0,6.0,0.8,0.6,10.8,12.2,0.6451612903225806,0.22172949002217296,0.18214936247723132,0.6150015275745842,0.21136416136155334,0.17363431106386254,2.056368744085306,0.732267094553141,0.44136721651072164,0.21136416136155334,3.541935483870968,2.9096774193548387,0.8214936247723132,H,17,2,2
2024_25,2025-05-25,Southampton,Arsenal,1,2,A,0,1,A,7,23,2,8,5,8,7,8,0,0,0,0,9.45,5.83,1.29,1307.0269900118838,1655.7100320043169,-348.6830419924331,Southampton,1,2,7,23,0.0,2.0,6.0,13.0,0.4,1.4,7.6,18.2,Arsenal,2,1,23,7,1.0,0.0,12.0,14.0,2.0,1.2,15.2,11.2,0.10582010582010583,0.17152658662092624,0.7751937984496123,0.1005378004323258,0.16296435919133423,0.73649784037634,0.4645777604883116,2.372457880320354,-0.6359600399440142,0.16296435919133423,0.13650793650793652,0.616931216931217,4.51937984496124,A,22,0,0
2024_25,2025-05-25,Wolves,Brentford,1,1,D,0,1,A,18,13,6,7,8,3,7,9,2,1,0,0,2.71,3.76,2.43,1462.3300522823781,1525.0914928800842,-62.76144059770604,Wolves,1,1,18,13,2.0,4.0,12.0,14.0,1.2,1.4,10.4,10.0,Brentford,1,1,13,18,2.0,3.0,11.0,16.0,2.6,1.6,13.0,13.4,0.36900369003690037,0.26595744680851063,0.4115226337448559,0.3526129123137424,0.25414388094953244,0.3932432067367251,1.3119826178907597,1.4338735011597077,-0.04063029442298266,0.25414388094953244,0.896678966789668,1.3874538745387452,1.5473251028806583,D,26,3,1
2024_25,2025-05-25,Nott'm Forest,Chelsea,0,1,A,0,0,D,10,6,2,2,7,4,10,11,2,2,0,0,3.09,3.72,2.2,1541.716327420598,1582.1194854241771,-40.403158003579165,Nott'm Forest,0,1,10,6,2.0,1.0,10.0,16.0,1.4,1.4,11.0,15.8,Chelsea,1,0,6,10,1.0,0.0,11.0,4.0,1.4,0.8,12.2,8.4,0.3236245954692557,0.26881720430107525,0.45454545454545453,0.30910079767947796,0.25675308194343727,0.43414612037708483,1.184055474981871,1.5591914430746918,-0.12504532269760688,0.25675308194343727,0.7119741100323626,1.2038834951456312,1.690909090909091,A,20,6,0
2024_25,2025-05-25,Tottenham,Brighton,1,4,A,1,0,H,4,23,2,8,2,11,13,8,3,1,0,0,4.23,4.43,1.71,1444.580020364789,1550.735239650763,-106.155219285974,Tottenham,1,4,4,23,0.0,2.0,3.0,18.0,0.6,2.4,9.6,16.2,Brighton,4,1,23,4,3.0,2.0,25.0,18.0,2.2,1.8,13.0,13.8,0.23640661938534277,0.22573363431151244,0.5847953216374269,0.22580818242790077,0.21561368209255538,0.5585781354795439,0.8930382293762577,1.8913480885311873,-0.33276995305164314,0.21561368209255538,0.40425531914893614,1.0472813238770684,2.590643274853801,A,24,4,0
2024_25,2025-05-25,Newcastle,Everton,0,1,A,0,0,D,17,14,6,6,12,3,12,9,1,4,0,0,1.32,5.6,8.77,1592.6775495484528,1502.6341721425756,90.04337740587721,Newcastle,0,1,17,14,0.0,1.0,14.0,12.0,1.4,1.2,15.4,10.8,Everton,1,0,14,17,2.0,0.0,13.0,6.0,1.4,1.2,9.2,11.6,0.7575757575757576,0.17857142857142858,0.11402508551881414,0.7213823655560191,0.1700401290239188,0.10857750542006217,2.3341872256919762,0.4957726452841053,0.6128048601359569,0.1700401290239188,6.643939393939394,4.242424242424242,0.6385404789053591,A,19,9,0
2024_25,2025-05-25,Fulham,Man City,0,2,A,0,1,A,13,20,3,5,1,6,11,5,0,0,0,0,5.15,4.28,1.61,1516.4456542372218,1643.7574400600265,-127.31178582280472,Fulham,0,2,13,20,3.0,2.0,16.0,11.0,1.4,1.8,15.4,10.4,Man City,2,0,20,13,3.0,1.0,12.0,8.0,1.6,0.4,14.6,6.2,0.1941747572815534,0.2336448598130841,0.6211180124223602,0.18511563682863078,0.22274428263258142,0.5921400805387879,0.7780911931184737,1.999164524248945,-0.4070244437101571,0.22274428263258142,0.312621359223301,0.8310679611650486,2.658385093167702,A,10,17,0
2024_25,2025-05-25,Ipswich,West Ham,1,3,A,0,1,A,14,10,4,6,4,0,10,9,1,1,0,0,2.99,3.85,2.21,1380.6019255142646,1451.379590746884,-70.77766523261948,Ipswich,1,3,14,10,0.0,2.0,20.0,9.0,0.4,2.4,10.2,16.2,West Ham,3,1,10,14,1.0,2.0,16.0,10.0,1.4,1.4,12.0,13.6,0.33444816053511706,0.2597402597402597,0.45248868778280543,0.3195332714934336,0.2481570082507445,0.43230972025582187,1.2067568227310452,1.54508616901821,-0.11277644876238829,0.2481570082507445,0.7391304347826086,1.2876254180602007,1.742081447963801,A,12,25,0
2024_25,2025-05-25,Bournemouth,Leicester,2,0,H,0,0,D,20,3,7,0,6,1,19,16,0,2,0,0,1.33,5.61,8.35,1510.0532172121034,1371.3064549805115,138.7467622315919,Bournemouth,2,0,20,3,1.0,3.0,8.0,12.0,0.8,1.2,10.0,12.2,Leicester,0,2,3,20,2.0,0.0,9.0,20.0,1.2,1.2,9.2,18.2,0.7518796992481203,0.17825311942959002,0.11976047904191617,0.7161486799479593,0.16978212911422208,0.11406919093781866,2.3182281689581,0.511989701927678,0.6020794890101406,0.16978212911422208,6.278195488721804,4.2180451127819545,0.6718562874251498,H,2,14,2
2024_25,2025-05-25,Liverpool,Crystal Palace,1,1,D,0,1,A,14,8,3,5,11,0,7,10,1,0,1,0,1.4,5.65,6.27,1675.84197140563,1536.4202316777812,139.42173972784872,Liverpool,1,1,14,8,2.0,3.0,18.0,25.0,2.2,1.8,19.2,14.0,Crystal Palace,1,1,8,14,4.0,2.0,14.0,12.0,1.8,1.0,15.4,11.8,0.7142857142857143,0.17699115044247787,0.1594896331738437,0.6797758738138869,0.16844003952910475,0.15178408665700827,2.2077676609707657,0.6237922995001295,0.5279917871568787,0.16844003952910475,4.478571428571429,4.0357142857142865,0.901116427432217,D,15,8,1
2024_25,2025-05-25,Man United,Aston Villa,2,0,H,0,0,D,25,6,10,1,4,3,10,10,2,2,0,1,4.37,4.16,1.73,1462.571410788661,1606.4636288154434,-143.8922180267823,Man United,2,0,25,6,0.0,1.0,4.0,11.0,0.8,1.8,15.0,8.8,Aston Villa,0,2,6,25,2.0,0.0,18.0,3.0,1.8,0.6,12.8,9.6,0.22883295194508008,0.24038461538461536,0.5780346820809249,0.2185079593515929,0.22953840922270696,0.5519536314257001,0.8850622872774857,1.885399303499807,-0.3334456720741072,0.22953840922270696,0.39588100686498856,0.9519450800915332,2.4046242774566475,H,18,1,2
2025_26,2025-08-15,Liverpool,Bournemouth,4,2,H,1,0,H,19,10,10,3,6,7,7,10,1,2,0,0,1.31,5.96,8.31,1670.1823285650848,1514.9080617342054,155.27426683087947,Liverpool,4,2,19,10,1.0,1.0,14.0,8.0,2.2,2.0,16.4,14.6,Bournemouth,2,4,10,19,2.0,0.0,20.0,3.0,1.2,1.2,11.0,11.8,0.7633587786259541,0.16778523489932887,0.12033694344163658,0.7259844066296011,0.15957039810147275,0.11444519526892628,2.337523617990276,0.5029059839082516,0.6115392113606748,0.15957039810147275,6.34351145038168,4.549618320610687,0.7172081829121539,H,15,2,2
2025_26,2025-08-16,Tottenham,Burnley,3,0,H,1,0,H,16,14,6,4,6,5,14,8,0,0,0,0,1.37,4.8,8.3,1435.1687555872975,1421.2001296205835,13.968625966713944,Tottenham,3,0,16,14,1.0,4.0,4.0,23.0,0.6,2.8,6.0,20.0,Burnley,0,3,14,16,1.0,2.0,20.0,12.0,1.6,2.0,15.2,20.2,0.7299270072992701,0.20833333333333334,0.12048192771084336,0.6894284181563327,0.1967743610154533,0.11379722082821393,2.2650596154844513,0.5381660235000951,0.5756311973281187,0.1967743610154533,6.0583941605839415,3.503649635036496,0.5783132530120482,H,24,5,2
2025_26,2025-08-16,Wolves,Man City,0,4,A,0,2,A,9,15,3,4,4,6,13,7,1,2,0,0,6.73,4.73,1.44,1462.111324317374,1652.5409368731816,-190.42961255580758,Wolves,0,4,9,15,1.0,1.0,18.0,13.0,1.2,1.6,13.2,10.2,Man City,4,0,15,9,2.0,0.0,20.0,13.0,1.6,0.4,16.2,7.2,0.1485884101040119,0.2114164904862579,0.6944444444444444,0.140915645501321,0.20049942795431083,0.6585849265443683,0.6232463644582739,2.176254207587416,-0.5176692810430473,0.20049942795431083,0.2139673105497771,0.7028231797919763,3.2847222222222228,A,26,17,0
2025_26,2025-08-16,Brighton,Fulham,1,1,D,0,0,D,10,7,4,2,4,3,16,15,3,3,0,0,1.92,3.62,3.91,1560.1465044282547,1507.6621574240667,52.484347004188066,Brighton,1,1,10,7,4.0,1.0,23.0,4.0,2.6,1.2,15.2,11.4,Fulham,1,1,7,10,0.0,2.0,13.0,20.0,1.2,1.8,16.8,11.8,0.5208333333333334,0.27624309392265195,0.2557544757033248,0.49469799173767465,0.2623812552862805,0.24292075297604485,1.7464752304993045,0.9911435142144149,0.25177723876162983,0.2623812552862805,2.0364583333333335,1.8854166666666667,0.9258312020460358,D,4,10,1
2025_26,2025-08-16,Sunderland,West Ham,3,0,H,0,0,D,10,12,5,4,5,7,8,10,0,1,0,0,3.17,3.38,2.26,1500.0,1461.8560886312505,38.143911368749514,Sunderland,3,0,10,12,,,,,1.4,1.4,12.6,12.8,West Ham,0,3,12,10,3.0,1.0,10.0,14.0,1.8,1.4,11.6,13.4,0.31545741324921134,0.2958579881656805,0.4424778761061947,0.29935417123867447,0.28075524343982194,0.4198905853215036,1.1788177571558454,1.5404269994043327,-0.12053641408282911,0.28075524343982194,0.7129337539432176,1.0662460567823344,1.4955752212389382,H,23,25,2
2025_26,2025-08-16,Aston Villa,Newcastle,0,0,D,0,0,D,3,16,3,3,3,6,13,11,1,1,1,0,2.3,3.56,2.94,1593.7635719913396,1577.6561738672942,16.107398124045403,Aston Villa,0,0,3,16,0.0,2.0,6.0,25.0,1.0,0.8,9.4,12.6,Newcastle,0,0,16,3,0.0,1.0,17.0,14.0,1.2,0.6,16.8,9.0,0.4347826086956522,0.2808988764044944,0.3401360544217687,0.41179710737948727,0.2660486929698934,0.32215419965061926,1.5014400151083551,1.2325112919217514,0.08964290772886802,0.2660486929698934,1.2782608695652176,1.547826086956522,1.2108843537414966,D,1,19,1
2025_26,2025-08-17,Chelsea,Crystal Palace,0,0,D,0,0,D,19,12,3,4,11,2,10,12,2,3,0,0,1.61,4.21,5.08,1593.5117869339583,1542.0798745183263,51.43191241563204,Chelsea,0,0,19,12,1.0,0.0,6.0,10.0,1.2,0.6,10.8,9.2,Crystal Palace,0,0,12,19,1.0,1.0,8.0,14.0,2.0,1.2,16.0,11.6,0.6211180124223602,0.23752969121140144,0.19685039370078738,0.5884596229883033,0.22504037838745097,0.18649999862424577,1.990419247352361,0.7845403742601883,0.4019596243640576,0.22504037838745097,3.15527950310559,2.6149068322981366,0.8287401574803149,D,6,8,1
2025_26,2025-08-17,Nott'm Forest,Brentford,3,1,H,3,0,H,11,10,5,3,5,5,7,15,1,2,0,0,2.15,3.36,3.43,1530.3240259108168,1525.3102208450882,5.013805065728548,Nott'm Forest,3,1,11,10,0.0,1.0,10.0,6.0,1.0,1.4,12.2,12.6,Brentford,1,3,10,11,1.0,1.0,13.0,18.0,2.0,1.4,12.4,14.6,0.46511627906976744,0.2976190476190476,0.29154518950437314,0.44116937752887275,0.28229588145448703,0.27653474101664033,1.6058040140411052,1.1119001045044081,0.16463463651223242,0.28229588145448703,1.5953488372093025,1.5627906976744186,0.9795918367346937,H,20,3,2
2025_26,2025-08-17,Man United,Arsenal,0,1,A,0,1,A,22,9,7,3,3,4,10,19,1,4,0,0,3.57,3.56,2.01,1475.2714676127648,1659.2252523865839,-183.95378477381905,Man United,0,1,22,9,2.0,0.0,25.0,6.0,1.2,1.6,17.6,9.2,Arsenal,1,0,9,22,2.0,1.0,23.0,7.0,1.6,1.4,15.0,11.8,0.2801120448179272,0.2808988764044944,0.49751243781094534,0.26462528429577853,0.2653686137460476,0.4700061019581739,1.0592444666333831,1.6753869196205693,-0.20538081766239535,0.2653686137460476,0.5630252100840336,0.9971988795518207,1.7711442786069653,A,18,0,0
2025_26,2025-08-18,Leeds,Everton,1,0,H,0,0,D,21,7,3,1,7,2,6,8,0,2,0,0,2.39,3.29,2.96,1447.0456403946855,1517.6555478237342,-70.60990742904869,Leeds,1,0,21,7,1.0,4.0,19.0,11.0,1.2,3.0,11.8,15.6,Everton,0,1,7,21,1.0,0.0,14.0,17.0,1.6,0.8,10.4,12.6,0.41841004184100417,0.303951367781155,0.33783783783783783,0.39465227205492004,0.2866926839547899,0.31865504399029015,1.4706495001195499,1.2426578159256603,0.07599722806462988,0.2866926839547899,1.2384937238493723,1.3765690376569037,1.1114864864864864,H,13,9,2
2025_26,2025-08-22,West Ham,Chelsea,1,5,A,1,3,A,12,12,4,7,7,5,7,10,0,1,0,0,4.68,3.88,1.71,1451.3798762165643,1588.4726846565277,-137.0928084399634,West Ham,1,5,12,12,0.0,3.0,12.0,10.0,1.4,1.4,11.6,12.2,Chelsea,5,1,12,12,0.0,0.0,19.0,12.0,1.0,0.6,12.6,10.4,0.2136752136752137,0.2577319587628866,0.5847953216374269,0.20230515916575192,0.24401756311745335,0.5536772777167946,0.8509330406147092,1.9050493962678372,-0.3513721185510427,0.24401756311745335,0.3653846153846154,0.8290598290598291,2.2690058479532165,A,25,6,0
2025_26,2025-08-23,Burnley,Sunderland,2,0,H,0,0,D,7,9,2,1,4,3,9,5,0,1,0,0,2.25,3.16,3.42,1409.7563749204032,1510.4762124146862,-100.71983749428296,Burnley,2,0,7,9,0.0,3.0,14.0,16.0,0.8,2.4,14.8,19.8,Sunderland,0,2,9,7,3.0,0.0,10.0,12.0,1.4,1.4,12.8,12.6,0.4444444444444444,0.3164556962025316,0.29239766081871343,0.4219551619931126,0.30044275774826057,0.27760208025862676,1.5663082437275984,1.1332489985241407,0.14435308173448586,0.30044275774826057,1.52,1.4044444444444446,0.9239766081871346,H,5,23,2
2025_26,2025-08-23,Bournemouth,Wolves,1,0,H,1,0,H,14,6,4,1,8,3,13,16,2,4,0,1,1.79,3.88,4.24,1508.4668534187797,1452.112000279318,56.35485313946174,Bournemouth,1,0,14,6,2.0,4.0,10.0,19.0,1.4,1.8,11.4,10.6,Wolves,0,1,6,14,0.0,4.0,9.0,15.0,0.6,2.4,11.0,11.6,0.5586592178770949,0.2577319587628866,0.23584905660377356,0.5309236429355192,0.2449364229006648,0.22413993416381586,1.8377073517072224,0.9173562253921124,0.30678370877170336,0.2449364229006648,2.368715083798883,2.167597765363128,0.9150943396226414,H,2,26,2
2025_26,2025-08-23,Brentford,Aston Villa,1,0,H,1,0,H,9,17,2,2,2,9,11,9,1,2,0,0,3.11,3.53,2.21,1513.4994246335827,1590.120306755335,-76.62088212175217,Brentford,1,0,9,17,1.0,3.0,10.0,11.0,1.8,2.0,12.2,14.0,Aston Villa,0,1,17,9,0.0,0.0,3.0,16.0,0.8,0.4,8.6,13.0,0.3215434083601286,0.28328611898017,0.45248868778280543,0.304112237698176,0.26792891196638174,0.4279588503354423,1.1802656250609098,1.5518054629727085,-0.12384661263726626,0.26792891196638174,0.7106109324758842,1.135048231511254,1.597285067873303,H,3,1,2
2025_26,2025-08-23,Man City,Tottenham,0,2,A,0,2,A,10,12,4,5,7,2,7,12,1,4,0,0,1.48,4.7,6.08,1662.5402609112377,1446.6125102874778,215.92775062375995,Man City,0,2,10,12,4.0,0.0,15.0,9.0,2.0,0.2,16.4,7.6,Tottenham,2,0,12,10,3.0,0.0,16.0,14.0,1.0,1.8,7.6,17.8,0.6756756756756757,0.2127659574468085,0.16447368421052633,0.6417189156171963,0.20207319044967031,0.1562078939331333,2.127229937301259,0.6706968722490703,0.485511021684063,0.20207319044967031,4.108108108108108,3.175675675675676,0.7730263157894737,A,17,24,0
2025_26,2025-08-23,Arsenal,Leeds,5,0,H,2,0,H,18,3,5,1,2,2,8,11,0,2,0,0,1.27,5.93,10.61,1669.4746118197668,1462.0719721880291,207.40263963173766,Arsenal,5,0,18,3,1.0,0.0,9.0,22.0,1.4,1.0,14.4,13.2,Leeds,0,5,3,18,1.0,0.0,21.0,7.0,1.2,2.2,13.0,14.6,0.7874015748031495,0.16863406408094436,0.09425070688030161,0.7497018103478064,0.16056008417229584,0.08973810547989768,2.409665515215715,0.42977440061198885,0.6599637048679087,0.16056008417229584,8.354330708661417,4.669291338582677,0.5589066918001885,H,0,13,2
2025_26,2025-08-24,Crystal Palace,Nott'm Forest,1,1,D,1,0,H,8,9,4,1,1,3,11,11,3,3,0,0,2.35,3.26,3.07,1547.118976795757,1542.1348221223222,4.984154673434659,Crystal Palace,1,1,8,9,0.0,0.0,12.0,19.0,1.6,0.8,15.4,13.0,Nott'm Forest,1,1,9,8,3.0,1.0,11.0,10.0,1.6,1.2,11.6,12.4,0.425531914893617,0.3067484662576687,0.32573289902280134,0.40219902988703454,0.2899287485381997,0.3078722215747659,1.4965258381993034,1.2135454132624974,0.09432680831226864,0.2899287485381997,1.306382978723404,1.3872340425531913,1.0618892508143323,D,8,20,1
2025_26,2025-08-24,Everton,Brighton,2,0,H,1,0,H,11,13,3,4,2,2,7,15,4,3,0,0,3.08,3.3,2.32,1502.6292160303906,1555.067133854839,-52.437917824448505,Everton,2,0,11,13,0.0,1.0,7.0,21.0,1.6,0.8,10.6,14.8,Brighton,0,2,13,11,1.0,1.0,10.0,7.0,2.2,1.0,14.0,10.4,0.3246753246753247,0.30303030303030304,0.4310344827586207,0.3066619668664082,0.28621783574198095,0.40712019739161087,1.2062037363412055,1.5075784279168134,-0.1004582305252027,0.28621783574198095,0.7532467532467532,1.0714285714285714,1.4224137931034484,H,9,4,2
2025_26,2025-08-24,Fulham,Man United,1,1,D,0,0,D,13,10,4,3,9,6,12,10,1,1,0,0,3.27,3.53,2.13,1512.7415279974823,1465.022108179582,47.719419817900416,Fulham,1,1,13,10,1.0,1.0,7.0,10.0,1.0,1.8,13.0,12.4,Man United,1,1,10,13,0.0,1.0,22.0,9.0,1.0,1.6,17.0,9.4,0.3058103975535168,0.28328611898017,0.4694835680751174,0.2888873520292311,0.26760953006673815,0.44350311790403085,1.1342715861544315,1.598118883778831,-0.15461576587479975,0.26760953006673815,0.6513761467889908,1.0795107033639144,1.6572769953051643,D,10,18,1
2025_26,2025-08-25,Newcastle,Liverpool,2,3,A,0,1,A,10,5,3,4,7,1,17,15,2,3,1,0,3.3,3.83,2.02,1581.299439103299,1676.6235368805105,-95.32409777721159,Newcastle,2,3,10,5,0.0,0.0,16.0,3.0,0.6,0.6,15.0,8.8,Liverpool,3,2,5,10,4.0,2.0,19.0,10.0,2.0,2.2,15.2,15.0,0.30303030303030304,0.2610966057441253,0.49504950495049505,0.28609993491509383,0.2465090823028223,0.4673909827820839,1.1048088870481036,1.648682030649074,-0.18129104786699007,0.2465090823028223,0.6121212121212122,1.1606060606060606,1.896039603960396,A,19,15,0
2025_26,2025-08-30,Man United,Burnley,3,2,H,1,0,H,26,6,6,3,7,1,9,9,1,5,0,0,1.35,5.15,8.28,1469.9185111159682,1426.0792114524552,43.839299663512975,Man United,3,2,26,6,1.0,1.0,10.0,13.0,0.6,1.0,16.2,9.6,Burnley,2,3,6,26,2.0,0.0,7.0,9.0,1.0,2.2,13.0,16.2,0.7407407407407407,0.1941747572815534,0.12077294685990339,0.7016660496112551,0.183931877082562,0.1144020733061829,2.2889300259163274,0.5271380970011107,0.5872639763050722,0.183931877082562,6.133333333333333,3.814814814814815,0.6219806763285025,H,18,5,2
2025_26,2025-08-30,Leeds,Newcastle,0,0,D,0,0,D,10,8,1,2,5,5,10,15,1,1,0,0,3.37,3.49,2.12,1457.0193356792943,1567.3908362024172,-110.3715005231229,Leeds,0,0,10,8,0.0,5.0,3.0,18.0,1.0,2.8,12.8,14.6,Newcastle,0,0,8,10,2.0,3.0,10.0,5.0,0.8,1.0,14.4,8.8,0.29673590504451036,0.28653295128939826,0.4716981132075471,0.28127506700374466,0.2716037179950199,0.4471212150012356,1.1154289190062538,1.6129673629987267,-0.16584614799749092,0.2716037179950199,0.629080118694362,1.0356083086053414,1.6462264150943395,D,13,19,1
2025_26,2025-08-30,Wolves,Everton,2,3,A,1,2,A,12,10,4,4,2,2,15,10,0,1,0,0,2.66,3.19,2.74,1442.3387508005342,1516.8716451003916,-74.53289429985739,Wolves,2,3,12,10,0.0,1.0,6.0,14.0,0.6,2.4,11.0,12.6,Everton,3,2,10,12,2.0,0.0,11.0,13.0,1.6,0.4,11.2,15.0,0.37593984962406013,0.31347962382445144,0.36496350364963503,0.3565496198152922,0.2973109682472343,0.3461394119374735,1.366959827693111,1.335729204059655,0.010410207877818711,0.2973109682472343,1.0300751879699248,1.199248120300752,1.1642335766423357,A,26,9,0
2025_26,2025-08-30,Chelsea,Fulham,2,0,H,1,0,H,13,11,6,3,6,4,11,17,2,2,0,0,1.55,4.35,5.6,1600.6115321898922,1507.845125061096,92.76640712879612,Chelsea,2,0,13,11,5.0,1.0,12.0,12.0,1.4,0.6,11.6,10.6,Fulham,0,2,11,13,1.0,1.0,13.0,10.0,1.2,1.8,13.4,12.4,0.6451612903225806,0.2298850574712644,0.17857142857142858,0.6123295418839941,0.21818638848740024,0.16948406962860554,2.0551750141393827,0.7266385973732169,0.4428454722553886,0.21818638848740024,3.612903225806451,2.8064516129032255,0.7767857142857143,H,6,10,2
2025_26,2025-08-30,Sunderland,Brentford,2,1,H,0,0,D,12,7,3,4,3,4,11,12,3,2,0,0,2.92,3.27,2.46,1494.1533758826342,1528.7852364960534,-34.63186061341912,Sunderland,2,1,12,7,0.0,2.0,9.0,7.0,1.4,1.4,12.6,12.8,Brentford,1,2,7,12,1.0,0.0,9.0,17.0,1.2,1.4,11.6,14.6,0.3424657534246575,0.3058103975535168,0.4065040650406504,0.32467972779890053,0.2899280749763883,0.38539219722471124,1.2639672583730899,1.446104666650522,-0.06071246942581071,0.2899280749763883,0.8424657534246576,1.11986301369863,1.329268292682927,H,23,3,2
2025_26,2025-08-30,Tottenham,Bournemouth,0,1,A,0,1,A,5,20,1,6,0,8,17,13,2,4,0,0,1.73,4.06,4.29,1471.7627267897878,1518.2401028975635,-46.477376107775626,Tottenham,0,1,5,20,2.0,0.0,12.0,10.0,1.2,1.6,8.6,17.6,Bournemouth,1,0,20,5,1.0,0.0,14.0,6.0,1.2,1.6,12.4,9.2,0.5780346820809249,0.24630541871921185,0.2331002331002331,0.5466357425093133,0.2329260676209636,0.2204381898697231,1.8728332951489037,0.8942406372301329,0.32619755263959027,0.2329260676209636,2.479768786127168,2.3468208092485545,0.9463869463869463,A,24,2,0
2025_26,2025-08-31,Brighton,Man City,2,1,H,0,1,A,12,12,7,3,3,2,16,14,2,2,0,0,3.78,3.84,1.85,1540.824704784838,1637.3900444089277,-96.56533962408957,Brighton,2,1,12,12,0.0,2.0,13.0,11.0,2.0,1.2,15.6,10.0,Man City,1,2,12,12,0.0,2.0,10.0,12.0,1.8,0.6,16.6,8.8,0.2645502645502646,0.2604166666666667,0.5405405405405405,0.24828569631136374,0.24440623230649866,0.5073080713821376,0.9892633212405899,1.7663304464529115,-0.25902237507077386,0.24440623230649866,0.4894179894179895,1.0158730158730158,2.0756756756756753,H,4,17,2
2025_26,2025-08-31,Nott'm Forest,West Ham,0,3,A,0,0,D,11,12,3,8,9,7,14,6,0,0,0,0,1.69,3.74,5.03,1545.3228036451003,1439.2410286831998,106.08177496190046,Nott'm Forest,0,3,11,12,1.0,1.0,9.0,8.0,1.6,1.2,11.0,10.0,West Ham,3,0,12,11,1.0,5.0,12.0,12.0,1.4,2.2,11.8,13.2,0.591715976331361,0.267379679144385,0.19880715705765406,0.5593292401920704,0.252745030995882,0.1879257288120475,1.9307327515720933,0.8165222174320246,0.3714035113800229,0.252745030995882,2.976331360946746,2.21301775147929,0.7435387673956263,A,20,25,0
2025_26,2025-08-31,Liverpool,Arsenal,1,0,H,0,0,D,9,11,3,1,3,8,7,10,2,2,0,0,2.2,3.49,3.17,1690.5321397813923,1674.5272483285016,16.00489145289066,Liverpool,1,0,9,11,3.0,2.0,5.0,10.0,2.4,2.0,14.0,13.6,Arsenal,0,1,11,9,5.0,0.0,18.0,3.0,2.2,0.6,15.4,12.0,0.45454545454545453,0.28653295128939826,0.31545741324921134,0.430222474557948,0.2712004137614572,0.2985771116805948,1.5618678374353012,1.1669317488032416,0.13164536287735318,0.2712004137614572,1.4409090909090907,1.5863636363636364,1.1009463722397477,H,15,0,2
2025_26,2025-08-31,Aston Villa,Crystal Palace,0,3,A,0,1,A,13,6,4,4,10,1,7,14,2,3,0,0,1.88,3.56,4.07,1574.8344948928643,1543.9309952729789,30.90349961988545,Aston Villa,0,3,13,6,0.0,1.0,17.0,9.0,0.6,0.6,10.0,12.6,Crystal Palace,3,0,6,13,1.0,1.0,8.0,9.0,1.6,0.8,13.0,12.4,0.5319148936170213,0.2808988764044944,0.24570024570024568,0.5025109594362133,0.2653709561067643,0.23211808445702234,1.7729038344154042,0.9617252094778314,0.27039287497919096,0.2653709561067643,2.164893617021277,1.893617021276596,0.8746928746928746,A,1,8,0
2025_26,2025-09-13,Newcastle,Wolves,1,0,H,1,0,H,16,8,4,3,10,4,10,17,1,4,0,0,1.43,4.62,7.45,1565.6556608962792,1427.5344404757382,138.12122042054102,Newcastle,1,0,16,8,0.0,0.0,8.0,10.0,0.4,1.0,13.0,8.8,Wolves,0,1,8,16,2.0,3.0,12.0,10.0,1.0,2.6,11.4,13.2,0.6993006993006994,0.21645021645021645,0.1342281879194631,0.6660139205210617,0.2061471658755667,0.12783891360337157,2.204188927438752,0.5896639066856815,0.53817500691769,0.2061471658755667,5.20979020979021,3.230769230769231,0.6201342281879194,H,19,26,2
2025_26,2025-09-13,Brentford,Chelsea,2,2,D,1,0,H,7,16,4,6,5,6,13,9,3,2,0,0,4.54,3.92,1.73,1515.306949060653,1609.056984250615,-93.75003518996186,Brentford,2,2,7,16,1.0,2.0,7.0,12.0,1.2,1.8,10.0,14.8,Chelsea,2,2,16,7,2.0,0.0,13.0,11.0,1.8,0.2,12.2,9.8,0.22026431718061673,0.25510204081632654,0.5780346820809249,0.2090982529923595,0.2421699154554368,0.5487318315522036,0.8694646744325154,1.8883654101120477,-0.3396335785598441,0.2421699154554368,0.381057268722467,0.8634361233480176,2.2658959537572256,D,3,6,1
2025_26,2025-09-13,Fulham,Leeds,1,0,H,0,0,D,5,10,3,3,3,3,20,15,1,2,0,0,1.96,3.51,3.89,1499.3996730003732,1458.7545109854323,40.64516201494098,Fulham,1,0,5,10,0.0,2.0,11.0,13.0,1.0,1.6,12.0,12.8,Leeds,0,1,10,5,0.0,0.0,10.0,8.0,0.6,2.4,13.0,12.6,0.5102040816326531,0.2849002849002849,0.2570694087403599,0.4849047691766787,0.2707730335003676,0.24432219732295377,1.7254873410304037,1.0037396254692288,0.24058257185372492,0.2707730335003676,1.9846938775510206,1.790816326530612,0.9023136246786632,H,10,13,2
2025_26,2025-09-13,West Ham,Tottenham,0,3,A,0,0,D,7,14,4,5,2,13,8,7,0,1,1,0,3.36,3.56,2.1,1461.25279911382,1455.7487223294859,5.5040767843340745,West Ham,0,3,7,14,3.0,0.0,12.0,11.0,1.6,2.2,12.4,11.4,Tottenham,3,0,14,7,0.0,1.0,5.0,20.0,1.2,1.4,8.0,17.0,0.2976190476190476,0.2808988764044944,0.47619047619047616,0.2821813570069753,0.26632847178186436,0.4514901712111604,1.1128725428027901,1.6207989854153455,-0.16930881420418514,0.26632847178186436,0.625,1.0595238095238095,1.6952380952380952,A,25,24,0
2025_26,2025-09-13,Crystal Palace,Sunderland,0,0,D,0,0,D,14,6,6,0,5,3,10,8,1,1,0,0,1.66,3.76,5.42,1563.1688652275968,1507.6316633180345,55.53720190956233,Crystal Palace,0,0,14,6,3.0,0.0,6.0,13.0,1.8,0.8,9.6,13.4,Sunderland,0,0,6,14,2.0,1.0,12.0,7.0,1.4,1.4,12.8,12.6,0.6024096385542169,0.26595744680851063,0.18450184501845018,0.5721601437475434,0.2526026166545005,0.17523723959795606,1.9690830478971308,0.7783143354483688,0.39692290414958736,0.2526026166545005,3.2650602409638556,2.2650602409638556,0.6937269372693726,D,8,23,1
2025_26,2025-09-13,Arsenal,Nott'm Forest,3,0,H,1,0,H,16,5,5,1,8,4,8,11,1,1,0,0,1.38,4.85,8.16,1663.166348774158,1523.3110332144802,139.85531555967782,Arsenal,3,0,16,5,0.0,1.0,11.0,9.0,1.8,0.4,14.6,11.0,Nott'm Forest,0,3,5,16,0.0,3.0,11.0,12.0,1.2,1.4,10.2,10.4,0.7246376811594204,0.2061855670103093,0.12254901960784313,0.6879217379514617,0.19573855636557055,0.11633970568296777,2.2595037702199554,0.5447576734144739,0.5715820322684939,0.19573855636557055,5.91304347826087,3.5144927536231885,0.5943627450980392,H,0,20,2
2025_26,2025-09-13,Everton,Aston Villa,0,0,D,0,0,D,20,7,2,1,10,3,17,15,3,3,0,0,2.44,3.27,2.95,1531.6759554251876,1555.5966249382464,-23.920669513058783,Everton,0,0,20,7,3.0,2.0,10.0,12.0,1.6,0.6,11.0,13.8,Aston Villa,0,0,7,20,0.0,3.0,13.0,6.0,0.4,1.2,11.4,11.8,0.4098360655737705,0.3058103975535168,0.3389830508474576,0.3886066719573949,0.2899695044575057,0.3214238235850995,1.4557895203296904,1.2542409752128043,0.06718284837229538,0.2899695044575057,1.209016393442623,1.3401639344262295,1.1084745762711863,D,9,1,1
2025_26,2025-09-13,Bournemouth,Brighton,2,1,H,1,0,H,13,6,5,2,4,4,16,10,4,4,0,0,2.38,3.5,2.87,1534.2541073578655,1556.9693928249112,-22.71528546704576,Bournemouth,2,1,13,6,1.0,0.0,20.0,5.0,1.4,1.4,14.4,9.0,Brighton,1,2,6,13,2.0,1.0,12.0,12.0,2.0,1.4,16.6,10.4,0.42016806722689076,0.2857142857142857,0.3484320557491289,0.3985225505443235,0.27099533437013995,0.33048211508553654,1.4665629860031104,1.2624416796267495,0.06804043545878696,0.27099533437013995,1.2058823529411766,1.4705882352941178,1.2195121951219512,H,2,4,2
2025_26,2025-09-14,Burnley,Liverpool,0,1,A,0,0,D,3,27,0,4,1,13,9,9,0,2,0,0,8.6,5.43,1.33,1415.82540461439,1701.893039335736,-286.06763472134594,Burnley,0,1,3,27,2.0,3.0,6.0,26.0,1.2,2.0,10.8,16.8,Liverpool,1,0,27,3,1.0,0.0,9.0,11.0,2.2,1.6,13.0,12.8,0.11627906976744186,0.1841620626151013,0.7518796992481203,0.11049773631037718,0.17500562288568025,0.7144966408039426,0.5064988318168118,2.318495545297508,-0.6039989044935654,0.17500562288568025,0.15465116279069768,0.6313953488372093,4.082706766917293,A,5,15,0
2025_26,2025-09-14,Man City,Man United,3,0,H,1,0,H,13,12,6,2,2,4,8,8,0,0,0,0,1.76,3.99,4.19,1621.2453563688546,1480.1723179540334,141.0730384148212,Man City,3,0,13,12,1.0,2.0,12.0,12.0,2.0,1.0,13.8,10.8,Man United,0,3,12,13,3.0,2.0,26.0,6.0,1.2,1.0,17.4,9.0,0.5681818181818182,0.2506265664160401,0.2386634844868735,0.537302064284314,0.23700542183969736,0.22569251387598865,1.8489116146926394,0.9140829634676633,0.3116095504083254,0.23700542183969736,2.3806818181818183,2.2670454545454546,0.9522673031026253,H,17,18,2
2025_26,2025-09-20,Man United,Chelsea,2,1,H,2,0,H,11,5,4,1,5,5,13,14,0,5,1,1,2.68,3.69,2.44,1473.3079717290077,1608.033206956092,-134.72523522708434,Man United,2,1,11,5,0.0,3.0,12.0,13.0,1.2,1.4,19.0,9.4,Chelsea,1,2,5,11,2.0,2.0,16.0,7.0,2.0,0.6,13.2,10.4,0.3731343283582089,0.2710027100271003,0.4098360655737705,0.35402642340358603,0.2571248820383769,0.38884869455803717,1.319204152249135,1.4236709657124884,-0.034822271154451134,0.2571248820383769,0.9104477611940298,1.3768656716417909,1.5122950819672132,H,18,6,2
2025_26,2025-09-20,Fulham,Brentford,3,1,H,2,1,H,14,8,3,3,2,10,11,13,4,1,0,0,2.02,3.48,3.69,1509.7779340180482,1516.330726355176,-6.552792337127812,Fulham,3,1,14,8,1.0,0.0,5.0,10.0,0.6,1.2,9.8,12.6,Brentford,1,3,8,14,2.0,2.0,7.0,16.0,1.2,1.6,9.2,14.8,0.49504950495049505,0.28735632183908044,0.2710027100271003,0.46995015480555985,0.2727871588239169,0.2572626863705233,1.6826376232405966,1.0445752179354868,0.21268746843503655,0.2727871588239169,1.8267326732673268,1.7227722772277227,0.943089430894309,H,10,3,2
2025_26,2025-09-20,Liverpool,Everton,2,1,H,2,0,H,11,9,3,2,5,4,11,10,2,3,0,0,1.45,4.65,6.7,1708.606373008405,1529.6981338048874,178.9082392035175,Liverpool,2,1,11,9,1.0,0.0,27.0,3.0,2.0,1.0,14.8,8.4,Everton,1,2,9,11,0.0,0.0,20.0,7.0,1.2,0.6,12.4,14.0,0.6896551724137931,0.2150537634408602,0.14925373134328357,0.6543449724337096,0.20404305592018898,0.14161197164610131,2.1670779732213177,0.628878970858493,0.5127330007876083,0.20404305592018898,4.620689655172414,3.2068965517241383,0.6940298507462687,H,15,9,2
2025_26,2025-09-20,Brighton,Tottenham,2,2,D,2,1,H,12,11,4,3,2,10,10,13,1,2,0,0,2.25,3.61,3.0,1543.9983267096763,1473.9581299422503,70.0401967674261,Brighton,2,2,12,11,1.0,2.0,6.0,13.0,1.6,1.4,12.8,9.4,Tottenham,2,2,11,12,3.0,0.0,14.0,7.0,1.8,1.0,10.2,14.8,0.4444444444444444,0.2770083102493075,0.3333333333333333,0.4213597899037059,0.26262036766851476,0.3160198424277794,1.5266997373796325,1.2106798949518531,0.10533994747592645,0.26262036766851476,1.3333333333333333,1.6044444444444443,1.2033333333333334,D,4,24,1
2025_26,2025-09-20,Burnley,Nott'm Forest,1,1,D,1,1,D,12,17,5,8,4,5,12,11,1,1,0,0,3.36,3.37,2.18,1409.112070941721,1516.4095087824032,-107.29743784068228,Burnley,1,1,12,17,0.0,1.0,3.0,27.0,1.0,1.8,10.0,18.0,Nott'm Forest,1,1,17,12,0.0,3.0,5.0,16.0,0.8,1.8,9.2,10.4,0.2976190476190476,0.29673590504451036,0.4587155963302752,0.28262023651065993,0.28178160079401104,0.435598162695329,1.1296423103259907,1.5885760888799982,-0.1529779261846691,0.28178160079401104,0.6488095238095238,1.0029761904761905,1.5458715596330275,D,5,20,1
2025_26,2025-09-20,West Ham,Crystal Palace,1,2,A,0,1,A,8,18,3,3,8,8,15,5,3,3,0,0,2.98,3.36,2.37,1443.0433915010556,1557.9731548071004,-114.92976330604483,West Ham,1,2,8,18,0.0,3.0,7.0,14.0,1.4,2.4,10.6,12.2,Crystal Palace,2,1,18,8,0.0,0.0,14.0,6.0,1.0,0.4,9.6,12.2,0.33557046979865773,0.2976190476190476,0.42194092827004215,0.3180369509477367,0.28206848625721886,0.39989456279504443,1.236179339100429,1.481752174642352,-0.08185761184730772,0.28206848625721886,0.7953020134228188,1.1275167785234899,1.4177215189873416,A,25,8,0
2025_26,2025-09-20,Wolves,Leeds,1,3,A,1,3,A,16,6,6,4,4,0,11,9,1,1,0,0,2.67,3.16,2.74,1420.5797292304528,1448.3762499677573,-27.79652073730449,Wolves,1,3,16,6,0.0,1.0,8.0,16.0,0.6,2.0,10.6,13.6,Leeds,3,1,6,16,0.0,1.0,10.0,5.0,0.4,2.0,12.6,9.8,0.37453183520599254,0.3164556962025316,0.36496350364963503,0.35468674471763195,0.29968785075825227,0.3456254045241158,1.363748084911148,1.3365640643305996,0.009061340193516176,0.29968785075825227,1.0262172284644195,1.1835205992509363,1.1532846715328466,A,26,13,0
2025_26,2025-09-21,Arsenal,Man City,1,1,D,0,1,A,12,5,3,3,11,2,11,10,1,2,0,0,1.9,3.7,3.85,1670.067873206235,1628.1097025938802,41.95817061235471,Arsenal,1,1,12,5,3.0,0.0,16.0,5.0,2.2,0.4,15.4,9.2,Man City,1,1,5,12,3.0,0.0,13.0,12.0,2.0,0.8,14.0,11.6,0.5263157894736842,0.27027027027027023,0.2597402597402597,0.49825113676110533,0.2558586918502973,0.24589017138859742,1.7506121021336134,0.9935292060160895,0.2523609653725079,0.2558586918502973,2.0263157894736845,1.9473684210526319,0.961038961038961,D,0,17,1
2025_26,2025-09-21,Sunderland,Aston Villa,1,1,D,0,0,D,14,12,4,2,6,5,14,8,2,1,1,0,3.56,3.34,2.1,1512.827373738531,1557.5744465585465,-44.747072820015546,Sunderland,1,1,14,12,0.0,0.0,6.0,14.0,1.4,1.4,12.6,12.8,Aston Villa,1,1,12,14,0.0,0.0,7.0,20.0,0.0,1.2,9.2,15.2,0.2808988764044944,0.29940119760479045,0.47619047619047616,0.2658792133553699,0.28339221543266974,0.45072857121196036,1.0810298554987794,1.6355779290685508,-0.18484935785659046,0.28339221543266974,0.5898876404494382,0.9382022471910112,1.5904761904761904,D,23,1,1
2025_26,2025-09-21,Bournemouth,Newcastle,0,0,D,0,0,D,11,4,2,1,5,2,7,10,2,1,0,0,2.44,3.45,2.78,1547.2251734731003,1572.6103721415645,-25.385198668464227,Bournemouth,0,0,11,4,2.0,1.0,13.0,6.0,1.6,1.0,15.4,7.8,Newcastle,0,0,4,11,1.0,0.0,16.0,8.0,0.6,0.8,13.4,8.0,0.4098360655737705,0.2898550724637681,0.3597122302158274,0.3868555432757077,0.27360218133122516,0.33954227539306725,1.4341688111583482,1.2922290075104268,0.04731326788264045,0.27360218133122516,1.139344262295082,1.4139344262295084,1.2410071942446044,D,2,19,1
2025_26,2025-09-27,Brentford,Man United,3,1,H,2,1,H,10,14,8,6,4,2,14,10,2,2,0,0,3.4,3.77,2.02,1504.0399134614725,1491.0705001236356,12.96941333783684,Brentford,3,1,10,14,1.0,3.0,8.0,14.0,1.2,2.0,8.2,14.0,Man United,1,3,14,10,2.0,1.0,11.0,5.0,1.2,1.6,16.2,9.2,0.29411764705882354,0.26525198938992045,0.49504950495049505,0.27893807643564067,0.25156219094991467,0.46949973261444466,1.0883764202568367,1.6600613887932487,-0.190561656178804,0.25156219094991467,0.5941176470588235,1.1088235294117648,1.8663366336633664,H,3,18,2
2025_26,2025-09-27,Chelsea,Brighton,1,3,A,1,0,H,13,12,3,3,5,7,9,16,3,5,1,0,1.86,3.86,3.86,1590.2706785614641,1538.2597606369113,52.010917924552814,Chelsea,1,3,13,12,1.0,2.0,5.0,11.0,2.0,1.0,13.0,10.6,Brighton,3,1,12,13,2.0,2.0,12.0,11.0,1.2,1.6,10.6,10.8,0.5376344086021505,0.2590673575129534,0.2590673575129534,0.5092348284960422,0.2453825857519789,0.2453825857519789,1.7730870712401055,0.9815303430079156,0.26385224274406327,0.2453825857519789,2.075268817204301,2.075268817204301,1.0,A,6,4,0
2025_26,2025-09-27,Crystal Palace,Liverpool,2,1,H,1,0,H,16,20,7,4,2,6,10,8,1,3,0,0,3.82,3.72,1.91,1571.0441222333795,1714.3861119409592,-143.34198970757961,Crystal Palace,2,1,16,20,2.0,1.0,18.0,8.0,1.2,0.4,11.6,11.0,Liverpool,1,2,20,16,2.0,1.0,11.0,9.0,2.2,1.0,14.2,8.6,0.2617801047120419,0.26881720430107525,0.5235602094240838,0.2483311081441923,0.25500667556742324,0.4966622162883846,1.0,1.7449933244325768,-0.2483311081441923,0.25500667556742324,0.5,0.973821989528796,1.947643979057592,H,8,15,2
2025_26,2025-09-27,Leeds,Bournemouth,2,2,D,1,1,D,19,12,8,5,7,4,12,13,2,2,0,0,2.98,3.29,2.41,1465.1894114831641,1545.3095155656763,-80.12010408251217,Leeds,2,2,19,12,3.0,1.0,6.0,16.0,0.8,1.4,10.0,10.8,Bournemouth,2,2,12,19,0.0,0.0,11.0,4.0,1.2,1.0,13.6,8.0,0.33557046979865773,0.303951367781155,0.41493775933609955,0.31823928653135275,0.2882532139402526,0.39350749952839464,1.242971073534311,1.4687757125254364,-0.0752682129970419,0.2882532139402526,0.8087248322147651,1.104026845637584,1.3651452282157677,D,13,2,1
2025_26,2025-09-27,Man City,Burnley,5,1,H,1,1,D,21,9,8,2,10,2,5,7,1,3,0,0,1.17,7.48,15.54,1632.7826871813984,1410.7161735227508,222.06651365864764,Man City,5,1,21,9,1.0,1.0,5.0,12.0,1.8,1.0,11.0,11.4,Burnley,1,5,9,21,1.0,1.0,12.0,17.0,1.0,1.6,8.4,19.0,0.8547008547008548,0.1336898395721925,0.06435006435006435,0.8118816030441579,0.1269921758772279,0.0611262210786142,2.5626369850097017,0.3103708391130705,0.7507553819655437,0.1269921758772279,13.282051282051283,6.3931623931623935,0.4813384813384814,H,17,5,2
2025_26,2025-09-27,Nott'm Forest,Sunderland,0,1,A,0,1,A,22,11,6,3,7,4,11,6,4,2,0,0,1.77,3.67,4.64,1514.8054062013734,1511.7390330998599,3.066373101513591,Nott'm Forest,0,1,22,11,1.0,1.0,17.0,12.0,1.0,1.8,10.6,11.6,Sunderland,1,0,11,22,1.0,1.0,14.0,12.0,1.2,0.8,10.2,10.4,0.5649717514124294,0.2724795640326976,0.21551724137931036,0.536551398188263,0.2587727451752659,0.20467585663647106,1.868426939740055,0.872800315084679,0.331875541551792,0.2587727451752659,2.621468926553672,2.073446327683616,0.790948275862069,A,20,23,0
2025_26,2025-09-27,Tottenham,Wolves,1,1,D,0,0,D,10,9,3,3,10,9,9,11,3,2,0,0,1.47,4.57,6.38,1479.6966960150153,1403.766567715046,75.93012829996928,Tottenham,1,1,10,9,2.0,2.0,11.0,12.0,2.0,0.6,11.6,12.6,Wolves,1,1,9,10,1.0,3.0,16.0,6.0,0.6,2.4,10.2,12.2,0.6802721088435374,0.2188183807439825,0.15673981191222572,0.6443006114498233,0.207247680269418,0.14845170828075868,2.140149514618888,0.652602805111694,0.4958489031690646,0.207247680269418,4.340136054421769,3.108843537414966,0.7163009404388715,D,24,26,1
2025_26,2025-09-28,Aston Villa,Fulham,3,1,H,1,1,D,9,11,4,4,2,8,10,13,1,4,0,0,2.29,3.19,3.3,1558.6627871972175,1522.0687469117518,36.59404028546578,Aston Villa,3,1,9,11,1.0,1.0,12.0,14.0,0.2,1.0,10.4,13.0,Fulham,1,3,11,9,3.0,1.0,14.0,8.0,1.2,1.0,10.0,10.2,0.4366812227074236,0.31347962382445144,0.30303030303030304,0.41462674927429494,0.29764741562323993,0.28772583510246524,1.5415276634461246,1.1608249209306356,0.1269009141718297,0.29764741562323993,1.4410480349344976,1.3930131004366813,0.9666666666666667,H,1,10,2
2025_26,2025-09-28,Newcastle,Arsenal,1,2,A,1,0,H,8,20,3,7,7,12,8,9,2,1,0,0,3.51,3.32,2.12,1574.5260300489886,1665.3948886187168,-90.86885856972822,Newcastle,1,2,8,20,0.0,0.0,4.0,11.0,0.6,0.6,10.8,7.4,Arsenal,2,1,20,8,1.0,1.0,12.0,5.0,2.0,0.4,13.2,8.8,0.2849002849002849,0.30120481927710846,0.4716981132075471,0.2693320271842282,0.2847456070532052,0.4459223657625665,1.0927416886058898,1.6225127043409047,-0.17659033857833828,0.2847456070532052,0.6039886039886041,0.9458689458689459,1.5660377358490565,A,19,0,0
2025_26,2025-09-29,Everton,West Ham,1,1,D,1,0,H,12,14,6,3,3,5,7,16,3,4,0,0,1.72,3.69,4.83,1523.9183948723332,1429.9724240747764,93.94597079755681,Everton,1,1,12,14,1.0,2.0,9.0,11.0,1.2,1.0,11.4,12.8,West Ham,1,1,14,12,1.0,2.0,8.0,18.0,1.0,2.6,10.2,13.0,0.5813953488372093,0.2710027100271003,0.20703933747412007,0.5487774462621355,0.255798701238719,0.19542385249914554,1.9021310400251257,0.8420702587361557,0.35335359376299,0.255798701238719,2.808139534883721,2.145348837209302,0.7639751552795031,D,9,25,1
2025_26,2025-10-03,Bournemouth,Fulham,3,1,H,0,0,D,11,12,6,4,4,3,8,10,0,1,0,0,1.97,3.5,3.85,1544.8727190756265,1511.5316256792391,33.34109339638735,Bournemouth,3,1,11,12,2.0,2.0,12.0,19.0,1.2,0.6,14.0,8.0,Fulham,1,3,12,11,1.0,3.0,11.0,9.0,1.2,1.4,10.8,10.0,0.5076142131979695,0.2857142857142857,0.2597402597402597,0.4820333041191937,0.2713158883185176,0.24665080756228872,1.7174158006760987,1.0112683110053837,0.235382496556905,0.2713158883185176,1.9543147208121827,1.7766497461928934,0.9090909090909091,H,2,10,2
2025_26,2025-10-04,Leeds,Tottenham,1,2,A,1,1,D,16,9,4,3,4,1,10,12,2,3,0,0,2.75,3.46,2.49,1465.626207973214,1473.7424783043698,-8.116270331155874,Leeds,1,2,16,9,2.0,2.0,19.0,12.0,1.0,1.8,9.6,11.8,Tottenham,2,1,9,16,1.0,1.0,10.0,9.0,1.6,0.8,10.4,11.6,0.36363636363636365,0.28901734104046245,0.4016064257028112,0.34492091008451475,0.2741423418301779,0.38093674808530736,1.308905072083722,1.4169525860860999,-0.03601583800079261,0.2741423418301779,0.9054545454545455,1.258181818181818,1.3895582329317269,A,13,24,0
2025_26,2025-10-04,Arsenal,West Ham,2,0,H,1,0,H,21,4,5,0,8,3,14,14,0,2,0,0,1.19,6.83,15.25,1679.4949895432362,1436.5681127606986,242.92687678253765,Arsenal,2,0,21,4,2.0,1.0,20.0,8.0,2.2,0.6,15.4,6.0,West Ham,0,2,4,21,1.0,1.0,14.0,12.0,1.2,2.2,10.6,13.4,0.8403361344537815,0.14641288433382138,0.06557377049180328,0.7985535835722176,0.13913305482444202,0.062313361603340264,2.534793805541095,0.3260731396344628,0.7362402219688774,0.13913305482444202,12.815126050420169,5.739495798319328,0.4478688524590164,H,0,25,2
2025_26,2025-10-04,Man United,Sunderland,2,0,H,2,0,H,15,8,6,3,2,3,10,12,1,4,0,0,1.5,4.55,5.98,1479.5860030781523,1529.847865231814,-50.261862153661696,Man United,2,0,15,8,1.0,3.0,14.0,10.0,1.4,2.0,14.6,9.4,Sunderland,0,2,8,15,1.0,0.0,11.0,22.0,0.8,0.8,10.4,12.4,0.6666666666666666,0.21978021978021978,0.16722408026755853,0.632708585247884,0.2085852478839178,0.15870616686819833,2.1067110036275696,0.6847037484885128,0.47400241837968565,0.2085852478839178,3.986666666666667,3.033333333333333,0.7608695652173912,H,18,23,2
2025_26,2025-10-04,Chelsea,Liverpool,2,1,H,1,0,H,12,12,6,2,7,2,9,8,0,2,0,0,2.87,3.7,2.28,1570.209412168343,1696.265893491572,-126.05648132322881,Chelsea,2,1,12,12,1.0,3.0,13.0,12.0,2.2,1.6,11.8,10.6,Liverpool,1,2,12,12,1.0,2.0,20.0,16.0,1.6,1.0,14.4,9.8,0.3484320557491289,0.27027027027027023,0.4385964912280702,0.3295492722258248,0.25562335440219386,0.41482737337198133,1.2442711710796681,1.5001054745181377,-0.08527810114615653,0.25562335440219386,0.7944250871080138,1.289198606271777,1.6228070175438598,H,6,15,2
2025_26,2025-10-05,Aston Villa,Burnley,2,1,H,1,0,H,15,5,7,2,6,4,9,15,3,1,0,0,1.59,4.0,5.76,1569.1999084297302,1406.0083523324722,163.19155609725794,Aston Villa,2,1,15,5,3.0,1.0,9.0,11.0,0.8,1.2,11.6,12.0,Burnley,1,2,5,15,1.0,5.0,9.0,21.0,1.2,2.0,7.4,20.0,0.6289308176100629,0.25,0.1736111111111111,0.5975351674343334,0.23752022905514752,0.16494460351051912,2.030125731358148,0.732354039586705,0.43259056392381434,0.23752022905514752,3.622641509433962,2.5157232704402515,0.6944444444444444,H,1,5,2
2025_26,2025-10-05,Everton,Crystal Palace,2,1,H,0,1,A,14,15,7,8,2,4,13,16,2,3,0,0,2.53,3.21,2.89,1517.322706186411,1589.1643406827668,-71.84163449635571,Everton,2,1,14,15,1.0,1.0,12.0,14.0,1.4,1.0,12.4,11.4,Crystal Palace,1,2,15,14,2.0,1.0,16.0,20.0,1.6,0.6,12.4,11.2,0.3952569169960475,0.3115264797507788,0.3460207612456747,0.37543251894989466,0.29590164266144336,0.32866583838866203,1.4221991995111274,1.2818991578274295,0.04676668056123262,0.29590164266144336,1.1422924901185771,1.2687747035573123,1.1107266435986158,H,9,8,2
2025_26,2025-10-05,Newcastle,Nott'm Forest,2,0,H,0,0,D,18,5,9,4,8,1,16,15,0,4,0,0,1.58,4.21,5.46,1560.4259291244691,1496.6965740694193,63.72935505504984,Newcastle,2,0,18,5,1.0,2.0,8.0,20.0,0.8,1.0,9.2,10.8,Nott'm Forest,0,2,5,18,0.0,1.0,22.0,11.0,0.4,1.8,12.8,11.8,0.6329113924050632,0.23752969121140144,0.18315018315018314,0.6007181459916582,0.22544766524152496,0.17383418876681683,2.0276021032164997,0.7469502315419754,0.42688395722484135,0.22544766524152496,3.4556962025316453,2.6645569620253164,0.7710622710622711,H,19,20,2
2025_26,2025-10-05,Wolves,Brighton,1,1,D,1,0,H,6,17,3,6,2,8,13,9,2,4,0,0,3.67,3.6,1.99,1409.7207854256915,1558.3210270300324,-148.6002416043409,Wolves,1,1,6,17,1.0,1.0,9.0,10.0,0.8,1.8,10.2,11.2,Brighton,1,1,17,6,3.0,1.0,12.0,13.0,1.6,1.6,11.0,12.0,0.2724795640326976,0.2777777777777778,0.5025125628140703,0.25882157424501345,0.26385421596644426,0.47732420978854234,1.0403189387014846,1.6958268453320713,-0.2185026355435289,0.26385421596644426,0.5422343324250681,0.9809264305177112,1.8090452261306533,D,26,4,1
2025_26,2025-10-05,Brentford,Man City,0,1,A,0,1,A,6,10,1,4,3,2,10,6,3,2,0,0,4.73,4.27,1.64,1515.5244105069557,1637.490508371677,-121.96609786472118,Brentford,0,1,6,10,3.0,1.0,10.0,14.0,1.6,1.6,8.2,14.6,Man City,1,0,10,6,5.0,1.0,21.0,9.0,2.0,1.2,12.2,11.4,0.2114164904862579,0.234192037470726,0.6097560975609756,0.20032554187847387,0.22190627941104954,0.5777681787104765,0.8228829050464712,1.955210815542479,-0.37744263683200263,0.22190627941104954,0.34672304439746293,0.9027484143763211,2.6036585365853657,A,3,17,0
2025_26,2025-10-18,Nott'm Forest,Chelsea,0,3,A,0,0,D,12,17,2,6,5,2,13,16,2,2,0,1,3.75,3.74,1.93,1487.2009551494425,1587.6087811429468,-100.40782599350428,Nott'm Forest,0,3,12,17,0.0,2.0,5.0,18.0,0.2,2.0,12.0,13.8,Chelsea,3,0,17,12,2.0,1.0,12.0,12.0,1.6,1.6,11.8,10.6,0.26666666666666666,0.267379679144385,0.5181347150259068,0.25344180445003106,0.2541194563335873,0.4924387392163817,1.0144448696836805,1.7314356739827323,-0.23899693476635064,0.2541194563335873,0.5146666666666666,0.9973333333333334,1.9378238341968914,A,20,6,0
2025_26,2025-10-18,Sunderland,Wolves,2,0,H,1,0,H,8,16,2,3,3,2,5,12,0,0,0,0,2.46,3.07,3.13,1515.699113544655,1413.0574997207973,102.6416138238576,Sunderland,2,0,8,16,0.0,2.0,8.0,15.0,0.8,0.8,10.2,14.0,Wolves,0,2,16,8,1.0,1.0,6.0,17.0,1.0,1.8,10.2,11.8,0.4065040650406504,0.32573289902280134,0.3194888178913738,0.386511457658752,0.3097127641174365,0.30377577822381147,1.4692471370936924,1.2210400987888708,0.08273567943494053,0.3097127641174365,1.2723577235772356,1.2479674796747966,0.9808306709265175,H,23,26,2
2025_26,2025-10-18,Man City,Everton,2,0,H,0,0,D,19,5,7,1,11,3,8,14,0,2,0,0,1.38,4.92,7.91,1650.263533652079,1532.4022151943489,117.86131845773025,Man City,2,0,19,5,1.0,0.0,10.0,6.0,2.2,0.8,12.2,10.2,Everton,0,2,5,19,2.0,1.0,14.0,15.0,1.4,1.2,13.0,11.8,0.7246376811594204,0.2032520325203252,0.1264222503160556,0.6873086011592545,0.1927816808129616,0.11990971802778394,2.254707484290725,0.5525108348963135,0.5673988831314706,0.1927816808129616,5.731884057971015,3.565217391304348,0.6219974715549936,H,17,9,2
2025_26,2025-10-18,Crystal Palace,Bournemouth,3,3,D,0,2,A,20,8,7,5,6,5,8,16,1,4,0,0,2.25,3.35,3.22,1574.084831674829,1555.5382031207598,18.54662855406923,Crystal Palace,3,3,20,8,1.0,2.0,15.0,14.0,1.6,0.8,13.8,12.2,Bournemouth,3,3,8,20,3.0,1.0,11.0,12.0,1.6,0.8,13.4,9.2,0.4444444444444444,0.29850746268656714,0.3105590062111801,0.42186980582334427,0.28334539197090286,0.294784802205753,1.5489548094409356,1.1676997985881619,0.12708500361759129,0.28334539197090286,1.4311111111111112,1.488888888888889,1.0403726708074534,D,8,2,1
2025_26,2025-10-18,Burnley,Leeds,2,0,H,1,0,H,4,19,3,4,1,5,10,7,2,1,0,0,3.3,3.25,2.26,1399.794678193857,1447.9823723786913,-48.1876941848343,Burnley,2,0,4,19,1.0,2.0,5.0,15.0,1.0,2.4,7.0,21.2,Leeds,0,2,19,4,1.0,2.0,16.0,9.0,1.2,1.2,12.2,10.0,0.30303030303030304,0.3076923076923077,0.4424778761061947,0.28772328423691634,0.2921497963020997,0.420126919460984,1.1553196490128488,1.5525305546850516,-0.13240363522406767,0.2921497963020997,0.6848484848484848,0.9848484848484849,1.4380530973451329,H,5,13,2
2025_26,2025-10-18,Brighton,Newcastle,2,1,H,1,0,H,13,16,5,3,8,4,9,9,0,1,0,0,2.61,3.48,2.62,1554.9843127349266,1569.921548044446,-14.937235309519338,Brighton,2,1,13,16,1.0,1.0,17.0,6.0,1.8,1.4,11.8,11.0,Newcastle,1,2,16,13,2.0,0.0,18.0,5.0,0.8,0.4,10.8,10.8,0.3831417624521073,0.28735632183908044,0.38167938931297707,0.364141765114663,0.27310632383599726,0.36275191104933985,1.3655316191799862,1.3613620569840168,0.0013898540653231595,0.27310632383599726,1.003831417624521,1.3333333333333335,1.3282442748091603,H,4,19,2
2025_26,2025-10-18,Fulham,Arsenal,0,1,A,0,0,D,9,16,0,5,6,10,11,4,0,0,0,0,6.14,4.13,1.54,1500.8661416341058,1683.7455868880918,-182.87944525398598,Fulham,0,1,9,16,1.0,3.0,12.0,11.0,1.2,1.8,10.6,10.2,Arsenal,1,0,16,9,2.0,0.0,21.0,4.0,1.6,0.6,16.0,6.2,0.16286644951140067,0.24213075060532688,0.6493506493506493,0.15447126827609658,0.22964977898673922,0.6158789527371643,0.693063583815029,2.0772866371982324,-0.4614076844610677,0.22964977898673922,0.250814332247557,0.6726384364820847,2.6818181818181817,A,10,0,0
2025_26,2025-10-19,Tottenham,Aston Villa,1,2,A,1,1,D,9,8,3,2,6,6,11,7,2,0,0,0,2.06,3.56,3.42,1491.3863138988925,1575.4135825683454,-84.02726866945295,Tottenham,1,2,9,8,2.0,1.0,9.0,16.0,1.6,1.0,9.8,12.8,Aston Villa,2,1,8,9,2.0,1.0,15.0,5.0,1.2,1.2,11.2,11.2,0.4854368932038835,0.2808988764044944,0.29239766081871343,0.45850719288996006,0.2653159599307072,0.2761768471793326,1.6408375386005876,1.0938465014687049,0.18233034571062745,0.2653159599307072,1.6601941747572815,1.7281553398058251,1.04093567251462,A,24,1,0
2025_26,2025-10-19,Liverpool,Man United,1,2,A,0,1,A,19,12,6,4,9,4,8,14,0,2,0,0,1.6,4.4,4.89,1678.8665245169682,1493.7347547653114,185.13176975165675,Liverpool,1,2,19,12,1.0,2.0,12.0,12.0,1.2,1.0,15.8,10.2,Man United,2,1,12,19,2.0,0.0,15.0,8.0,1.6,1.8,15.6,8.4,0.625,0.22727272727272727,0.20449897750511248,0.5914238592633315,0.21506322155030236,0.19351291918636612,1.989334799340297,0.7956019791094007,0.39791094007696537,0.21506322155030236,3.0562499999999995,2.75,0.8997955010224951,A,15,18,0
2025_26,2025-10-20,West Ham,Brentford,0,2,A,0,1,A,7,22,1,7,6,10,10,10,1,1,0,0,2.46,3.37,2.82,1432.317515415843,1502.7513852265536,-70.43386981071058,West Ham,0,2,7,22,0.0,2.0,4.0,21.0,1.0,1.6,9.0,15.2,Brentford,2,0,22,7,0.0,1.0,6.0,10.0,1.4,1.8,7.6,13.2,0.4065040650406504,0.29673590504451036,0.3546099290780142,0.38427386093454313,0.2805085156970255,0.33521762336843125,1.433330098500655,1.2861613858023193,0.04905623756611188,0.2805085156970255,1.146341463414634,1.3699186991869918,1.195035460992908,A,25,3,0
2025_26,2025-10-24,Leeds,West Ham,2,1,H,2,0,H,13,9,5,3,3,4,12,11,3,3,0,0,1.81,3.57,4.59,1433.9228500336933,1417.3362470715767,16.586602962116558,Leeds,2,1,13,9,0.0,2.0,19.0,4.0,1.2,1.6,14.0,9.2,West Ham,1,2,9,13,0.0,2.0,7.0,22.0,0.4,2.0,8.0,17.4,0.5524861878453039,0.2801120448179272,0.2178649237472767,0.5259453265673596,0.2666557538058602,0.20739891962678017,1.8444917335079392,0.8888525126862008,0.31854640694057945,0.2666557538058602,2.5359116022099446,1.9723756906077348,0.7777777777777778,H,13,25,2
2025_26,2025-10-25,Brentford,Liverpool,3,2,H,2,1,H,17,18,8,5,5,4,7,10,3,2,0,0,4.28,4.13,1.73,1517.7326535708198,1654.4809315626342,-136.74827799181435,Brentford,3,2,17,18,2.0,0.0,22.0,7.0,1.6,1.4,10.6,12.2,Liverpool,2,3,18,17,1.0,2.0,19.0,12.0,1.2,1.4,17.8,10.4,0.2336448598130841,0.24213075060532688,0.5780346820809249,0.22171434600334516,0.22976692515600905,0.5485187288406459,0.8949099631660445,1.8753231116779467,-0.32680438283730073,0.22976692515600905,0.4042056074766355,0.9649532710280373,2.3872832369942194,H,3,15,2
2025_26,2025-10-25,Man United,Brighton,4,2,H,2,0,H,13,17,9,5,1,6,4,13,2,2,0,0,2.0,3.83,3.45,1518.1203477196455,1567.6267672576384,-49.506419537993,Man United,4,2,13,17,2.0,1.0,12.0,19.0,1.4,1.6,12.8,11.0,Brighton,2,4,17,13,2.0,1.0,13.0,16.0,1.8,1.4,12.0,11.8,0.5,0.2610966057441253,0.2898550724637681,0.4757592669271068,0.24843825949196174,0.2758024735809315,1.6757160602732823,1.0758456802347562,0.19995679334617528,0.24843825949196174,1.725,1.915,1.1101449275362318,H,18,4,2
2025_26,2025-10-25,Chelsea,Sunderland,1,2,A,1,1,D,16,10,7,4,9,1,15,13,1,1,0,0,1.37,4.99,8.31,1601.2993115199624,1523.8039486804823,77.4953628394801,Chelsea,1,2,16,10,3.0,0.0,17.0,12.0,1.8,1.6,12.6,10.8,Sunderland,2,1,10,16,2.0,0.0,8.0,16.0,0.8,0.6,9.4,15.8,0.7299270072992701,0.2004008016032064,0.12033694344163658,0.694728747367557,0.19073715108087233,0.11453410155157075,2.2749233931835433,0.5343394557355846,0.5801946458159862,0.19073715108087233,6.065693430656935,3.6423357664233573,0.6004813477737665,A,6,23,0
2025_26,2025-10-25,Newcastle,Fulham,2,1,H,1,0,H,18,12,7,5,4,3,11,18,0,2,0,0,1.62,3.97,5.44,1557.279093521734,1490.5750108959683,66.70408262576575,Newcastle,2,1,18,12,1.0,2.0,16.0,13.0,1.0,0.8,12.4,11.4,Fulham,1,2,12,18,0.0,1.0,9.0,16.0,1.2,1.6,10.2,10.8,0.6172839506172839,0.2518891687657431,0.1838235294117647,0.5862164436361662,0.23921174778100487,0.1745718085828289,1.9978610786895035,0.7629271735294915,0.4116446350533373,0.23921174778100487,3.3580246913580245,2.450617283950617,0.7297794117647058,H,19,10,2
2025_26,2025-10-26,Arsenal,Crystal Palace,1,0,H,1,0,H,10,7,3,1,4,3,6,11,0,0,0,0,1.41,4.6,7.76,1694.0367176262293,1570.3426392479419,123.69407837828749,Arsenal,1,0,10,7,1.0,0.0,16.0,9.0,1.8,0.4,17.0,6.2,Crystal Palace,0,1,7,10,3.0,3.0,20.0,8.0,1.6,1.4,16.6,11.2,0.7092198581560284,0.2173913043478261,0.1288659793814433,0.6719424135412511,0.20596495719416608,0.12209262926458299,2.221792197817919,0.5722428449879151,0.5498497842766681,0.20596495719416608,5.50354609929078,3.2624113475177303,0.5927835051546392,H,0,8,2
2025_26,2025-10-26,Aston Villa,Man City,1,0,H,1,0,H,9,18,3,4,5,6,8,16,1,4,0,0,4.08,3.8,1.83,1589.8083055373872,1657.8606741628225,-68.05236862543529,Aston Villa,1,0,9,18,2.0,1.0,8.0,9.0,1.6,0.8,10.2,11.8,Man City,0,1,18,9,2.0,0.0,19.0,5.0,2.4,0.4,13.6,8.8,0.24509803921568626,0.2631578947368421,0.5464480874316939,0.2323856117415888,0.24950876208044273,0.5181056261779685,0.9466655973052092,1.8038256406143485,-0.28572001443637973,0.24950876208044273,0.4485294117647059,0.9313725490196078,2.076502732240437,H,1,17,2
2025_26,2025-10-26,Bournemouth,Nott'm Forest,2,0,H,2,0,H,13,8,5,4,6,4,17,7,3,1,0,0,1.79,3.79,4.29,1559.280395547647,1473.5104247724269,85.76997077522014,Bournemouth,2,0,13,8,3.0,3.0,8.0,20.0,2.0,1.4,11.0,12.2,Nott'm Forest,0,2,8,13,0.0,3.0,12.0,17.0,0.2,2.0,12.2,14.8,0.5586592178770949,0.2638522427440633,0.2331002331002331,0.5292279549382696,0.2499519892716366,0.22082005579009384,1.8376358540864455,0.9124121566419181,0.30840789914817573,0.2499519892716366,2.3966480446927374,2.11731843575419,0.8834498834498834,H,2,20,2
2025_26,2025-10-26,Wolves,Burnley,2,3,A,2,2,D,15,11,7,7,5,3,12,7,1,0,0,0,1.97,3.3,4.06,1404.9526645849699,1413.854200538855,-8.901535953885059,Wolves,2,3,15,11,0.0,2.0,16.0,8.0,0.6,1.6,11.0,11.4,Burnley,3,2,11,15,2.0,0.0,4.0,19.0,1.0,1.8,6.6,19.8,0.5076142131979695,0.30303030303030304,0.24630541871921185,0.4802632522260299,0.2867026081470542,0.23303413962691602,1.727492364825144,0.9858050270278023,0.24722911259911387,0.2867026081470542,2.060913705583756,1.6751269035532994,0.812807881773399,A,26,5,0
2025_26,2025-10-26,Everton,Tottenham,0,3,A,0,2,A,12,7,2,4,9,8,9,8,2,0,0,0,2.35,3.38,2.99,1524.8050746836054,1476.9915909298506,47.81348375375478,Everton,0,3,12,7,0.0,2.0,5.0,19.0,0.8,1.2,12.0,13.2,Tottenham,3,0,7,12,1.0,2.0,9.0,8.0,1.8,1.2,10.6,10.4,0.425531914893617,0.2958579881656805,0.33444816053511706,0.40302763232930683,0.2802115195188968,0.31676084815179634,1.4892944165068172,1.2304940639742858,0.08626678417751049,0.2802115195188968,1.2723404255319148,1.4382978723404254,1.1304347826086956,A,9,24,0
2025_26,2025-11-01,Burnley,Arsenal,0,2,A,0,2,A,3,12,0,8,1,6,10,13,2,1,0,0,10.97,5.65,1.28,1431.4651736777525,1701.4449553953075,-269.97978171755494,Burnley,0,2,3,12,3.0,2.0,11.0,15.0,1.6,2.0,8.2,17.4,Arsenal,2,0,12,3,1.0,0.0,10.0,7.0,1.4,0.4,15.8,6.6,0.09115770282588878,0.17699115044247787,0.78125,0.08686659275639277,0.16865956151108474,0.7444738457325225,0.4292593397802631,2.4020810987086523,-0.6576072529761298,0.16865956151108474,0.11668185961713765,0.5150410209662717,4.4140625,A,5,0,0
2025_26,2025-11-01,Crystal Palace,Brentford,2,0,H,1,0,H,9,6,2,2,6,5,7,11,0,3,0,0,1.92,3.65,3.85,1562.9344014788637,1535.5794699382507,27.35493154061305,Crystal Palace,2,0,9,6,0.0,1.0,7.0,10.0,1.6,1.6,15.2,12.0,Brentford,0,2,6,9,3.0,2.0,17.0,18.0,1.8,1.4,12.6,12.6,0.5208333333333334,0.273972602739726,0.2597402597402597,0.49389333099024696,0.25980142342500656,0.24630524558474648,1.7414814163957475,0.9987171601792459,0.24758808540550048,0.25980142342500656,2.0052083333333335,1.9010416666666667,0.948051948051948,H,8,3,2
2025_26,2025-11-01,Tottenham,Chelsea,0,1,A,0,1,A,3,15,1,9,6,5,14,12,4,2,0,0,2.71,3.52,2.5,1496.8916218871746,1580.2882670927336,-83.39664520555903,Tottenham,0,1,3,15,3.0,0.0,7.0,12.0,1.8,1.2,9.2,11.4,Chelsea,1,0,15,3,1.0,2.0,16.0,10.0,1.6,1.6,12.6,11.4,0.36900369003690037,0.2840909090909091,0.4,0.3503993756520216,0.2697677011411871,0.37983292320679146,1.3209658280972518,1.4092664707615614,-0.029433547554769846,0.2697677011411871,0.922509225092251,1.2988929889298892,1.408,A,24,6,0
2025_26,2025-11-01,Brighton,Leeds,3,0,H,1,0,H,14,5,7,2,4,7,10,7,0,1,0,0,1.85,3.74,4.11,1553.5105215492185,1445.2601228922608,108.25039865695771,Brighton,3,0,14,5,2.0,4.0,17.0,13.0,2.0,1.8,14.2,11.8,Leeds,0,3,5,14,2.0,1.0,13.0,9.0,1.6,1.6,14.6,10.0,0.5405405405405405,0.267379679144385,0.24330900243309,0.5141985488678292,0.2543495495736588,0.23145190155851195,1.7969451961771463,0.9487052542491947,0.2827466473093173,0.2543495495736588,2.2216216216216216,2.021621621621622,0.9099756690997567,H,4,13,2
2025_26,2025-11-01,Liverpool,Aston Villa,2,0,H,1,0,H,16,10,4,3,1,4,13,11,2,3,0,0,1.63,4.32,4.81,1636.6341151952033,1604.7242204124739,31.909894782729452,Liverpool,2,0,16,10,2.0,3.0,18.0,17.0,1.4,2.0,16.0,13.2,Aston Villa,0,2,10,16,1.0,0.0,9.0,18.0,1.8,0.8,10.6,11.4,0.6134969325153374,0.23148148148148145,0.2079002079002079,0.5826853350008834,0.2198558092711666,0.19745885572795008,1.9679118142738168,0.8122323764550168,0.3852264792729333,0.2198558092711666,2.950920245398773,2.650306748466258,0.8981288981288983,H,15,1,2
2025_26,2025-11-01,Nott'm Forest,Man United,2,2,D,0,1,A,17,18,3,7,8,5,10,7,1,1,0,0,3.41,3.67,2.05,1464.8184525843137,1532.2365934280654,-67.41814084375164,Nott'm Forest,2,2,17,18,0.0,2.0,8.0,13.0,0.2,1.8,12.8,14.2,Man United,2,2,18,17,4.0,2.0,13.0,17.0,2.2,1.4,13.0,11.8,0.29325513196480935,0.2724795640326976,0.48780487804878053,0.2783522699944873,0.25863249064882887,0.46301523935668387,1.0936893006322908,1.6476782087188806,-0.18466296936219656,0.25863249064882887,0.6011730205278591,1.0762463343108504,1.7902439024390244,D,20,18,1
2025_26,2025-11-01,Fulham,Wolves,3,0,H,1,0,H,19,5,6,2,10,1,13,14,1,3,0,1,1.84,3.46,4.51,1481.1901763837932,1387.3416914460722,93.84848493772097,Fulham,3,0,19,5,1.0,2.0,12.0,18.0,1.2,2.0,11.6,12.4,Wolves,0,3,5,19,2.0,3.0,15.0,11.0,1.0,2.0,12.4,10.4,0.5434782608695652,0.28901734104046245,0.22172949002217296,0.5155239284558003,0.27415145328285334,0.21032461826134646,1.8207232386502543,0.9051253080668926,0.30519931019445384,0.27415145328285334,2.451086956521739,1.8804347826086956,0.7671840354767184,H,10,26,2
2025_26,2025-11-02,West Ham,Newcastle,3,1,H,2,1,H,15,12,9,4,7,6,5,10,1,2,0,0,4.99,4.08,1.64,1405.9989742130092,1566.663928033909,-160.66495382089988,West Ham,3,1,15,12,1.0,2.0,9.0,13.0,0.6,1.8,8.4,17.2,Newcastle,1,3,12,15,2.0,1.0,18.0,12.0,1.2,1.0,12.8,12.2,0.2004008016032064,0.24509803921568626,0.6097560975609756,0.18990747573366634,0.2322642901742635,0.5778282340920702,0.8019867173752626,1.965748992450474,-0.38792075835840384,0.2322642901742635,0.32865731462925846,0.8176352705410821,2.4878048780487805,H,25,19,2
2025_26,2025-11-02,Man City,Bournemouth,3,1,H,2,1,H,15,8,8,5,10,4,8,11,2,2,0,0,1.49,4.64,5.9,1642.944759287736,1567.9723677357601,74.97239155197576,Man City,3,1,15,8,0.0,1.0,18.0,9.0,1.8,0.6,14.6,8.2,Bournemouth,1,3,8,15,2.0,0.0,13.0,8.0,2.0,1.2,11.0,12.6,0.6711409395973155,0.21551724137931036,0.1694915254237288,0.6354600446604736,0.20405936778967795,0.1604805875498484,2.1104395017710984,0.6855011304392231,0.47497945711062517,0.20405936778967795,3.9597315436241614,3.1140939597315436,0.7864406779661016,H,17,2,2
2025_26,2025-11-03,Sunderland,Everton,1,1,D,0,1,A,17,8,3,2,4,1,10,12,3,2,0,0,2.74,3.12,2.67,1544.8149931077112,1504.9050437262813,39.9099493814299,Sunderland,1,1,17,8,2.0,1.0,10.0,16.0,1.2,0.8,10.2,16.2,Everton,1,1,8,17,0.0,3.0,12.0,7.0,0.8,1.8,10.4,13.2,0.36496350364963503,0.3205128205128205,0.37453183520599254,0.34430254184748915,0.3023682579045257,0.35332920024798514,1.335275883446993,1.3623558586484812,-0.00902665840049599,0.3023682579045257,0.9744525547445254,1.1386861313868613,1.1685393258426966,D,23,9,1
2025_26,2025-11-08,Tottenham,Man United,2,2,D,0,1,A,10,5,4,2,5,3,10,8,5,1,0,0,2.65,3.58,2.52,1482.4697150850366,1532.3480591963657,-49.87834411132917,Tottenham,2,2,10,5,0.0,1.0,3.0,15.0,1.4,1.0,7.6,12.0,Man United,2,2,5,10,2.0,2.0,18.0,17.0,2.2,1.6,14.4,14.2,0.37735849056603776,0.27932960893854747,0.3968253968253968,0.3581904663590958,0.2651409876680457,0.3766685459728586,1.339712386745333,1.3951466255866216,-0.0184780796137628,0.2651409876680457,0.9509433962264151,1.3509433962264152,1.4206349206349207,D,24,18,1
2025_26,2025-11-08,Everton,Fulham,2,0,H,1,0,H,14,8,5,4,7,5,11,14,2,2,0,0,2.2,3.28,3.4,1509.4980357373795,1489.5978831595453,19.900152577834206,Everton,2,0,14,8,1.0,1.0,8.0,17.0,0.8,1.6,10.2,14.4,Fulham,0,2,8,14,3.0,0.0,19.0,5.0,1.2,1.8,12.6,11.8,0.45454545454545453,0.3048780487804878,0.29411764705882354,0.4314453729495512,0.2893840916125039,0.27917053543794496,1.5837202104611574,1.1268956979263387,0.15227483751160625,0.2893840916125039,1.5454545454545452,1.4909090909090907,0.9647058823529412,H,9,10,2
2025_26,2025-11-08,West Ham,Burnley,3,2,H,1,1,D,15,16,6,7,7,4,15,13,2,2,0,0,1.94,3.5,3.98,1424.8267985897135,1424.256944135624,0.569854454089409,West Ham,3,2,15,16,3.0,1.0,15.0,12.0,1.0,1.6,9.8,16.0,Burnley,2,3,16,15,0.0,2.0,3.0,12.0,1.4,2.2,6.4,16.4,0.5154639175257733,0.2857142857142857,0.25125628140703515,0.48978242830822893,0.2714794031194183,0.23873816857235275,1.7408266880441052,0.9876939088364766,0.2510442597358762,0.2714794031194183,2.0515463917525776,1.8041237113402062,0.8793969849246231,H,25,5,2
2025_26,2025-11-08,Sunderland,Arsenal,2,2,D,1,0,H,6,17,2,7,2,2,13,13,2,1,0,0,8.39,4.67,1.39,1540.222001096613,1708.653184937436,-168.431183840823,Sunderland,2,2,6,17,1.0,1.0,17.0,8.0,1.2,0.8,10.8,15.4,Arsenal,2,2,17,6,2.0,0.0,12.0,3.0,1.6,0.2,15.8,6.2,0.11918951132300357,0.21413276231263384,0.7194244604316548,0.11321765004438845,0.20340387234955443,0.6833784776060571,0.5430568224827198,2.2535393051677257,-0.5701608275616686,0.20340387234955443,0.16567342073897495,0.5566150178784266,3.3597122302158273,D,23,0,1
2025_26,2025-11-08,Chelsea,Wolves,3,0,H,0,0,D,20,3,8,0,10,1,12,14,1,2,0,0,1.36,5.06,8.27,1594.7101738948716,1378.9339846703201,215.77618922455144,Chelsea,3,0,20,3,1.0,0.0,15.0,3.0,1.6,1.2,14.6,9.8,Wolves,0,3,3,20,0.0,3.0,5.0,19.0,0.8,2.0,10.2,13.0,0.7352941176470588,0.19762845849802374,0.12091898428053205,0.6977273864110045,0.18753147144643603,0.1147411421425594,2.2807136306794495,0.5317548978741142,0.5829862442684451,0.18753147144643603,6.080882352941176,3.7205882352941173,0.6118500604594921,H,6,26,2
2025_26,2025-11-09,Aston Villa,Bournemouth,4,0,H,2,0,H,16,13,8,4,6,9,8,20,2,2,0,0,2.19,3.45,3.25,1594.002038981525,1558.8917137921253,35.110325189399646,Aston Villa,4,0,16,13,0.0,2.0,10.0,16.0,1.6,1.0,10.2,11.8,Bournemouth,0,4,13,16,1.0,3.0,8.0,15.0,2.2,1.8,10.4,14.8,0.4566210045662101,0.2898550724637681,0.3076923076923077,0.4331575592513184,0.2749608854377934,0.2918815553108884,1.5744335631917485,1.1506055513704585,0.14127600394043,0.2749608854377934,1.4840182648401827,1.5753424657534247,1.0615384615384615,H,1,2,2
2025_26,2025-11-09,Nott'm Forest,Leeds,3,1,H,1,1,D,14,10,6,3,6,4,10,11,2,1,0,0,2.22,3.32,3.29,1464.7069868160133,1437.3448480130226,27.362138802990785,Nott'm Forest,3,1,14,10,2.0,2.0,17.0,18.0,0.4,2.0,12.8,15.4,Leeds,1,3,10,14,0.0,3.0,5.0,14.0,1.0,2.0,14.4,9.6,0.4504504504504504,0.30120481927710846,0.303951367781155,0.4267218814704848,0.2853381255615893,0.28793999296792594,1.5655037699730436,1.1491581044653671,0.13878188850255885,0.2853381255615893,1.481981981981982,1.4954954954954953,1.0091185410334347,H,20,13,2
2025_26,2025-11-09,Crystal Palace,Brighton,0,0,D,0,0,D,10,7,2,3,4,8,10,12,1,4,0,0,2.27,3.52,3.04,1573.83790979609,1561.4257964284568,12.412113367633083,Crystal Palace,0,0,10,7,2.0,0.0,9.0,6.0,1.6,1.4,13.4,11.6,Brighton,0,0,7,10,3.0,0.0,14.0,5.0,2.2,1.4,14.6,10.6,0.44052863436123346,0.2840909090909091,0.32894736842105265,0.41813066583307285,0.2696467646139419,0.31222256955298533,1.5240387621131606,1.2063144732728979,0.10590809628008752,0.2696467646139419,1.3392070484581498,1.550660792951542,1.1578947368421053,D,8,4,1
2025_26,2025-11-09,Brentford,Newcastle,3,1,H,0,1,A,15,5,7,1,6,2,10,13,2,1,0,0,2.84,3.4,2.45,1524.6759616210245,1547.8361036572048,-23.160142036180332,Brentford,3,1,15,5,0.0,2.0,6.0,9.0,1.6,1.2,12.2,11.6,Newcastle,1,3,5,15,1.0,3.0,12.0,15.0,1.4,1.6,14.4,13.0,0.35211267605633806,0.29411764705882354,0.4081632653061224,0.3339480436177037,0.2789448364336113,0.387107119948685,1.2807889672867225,1.4402661962796663,-0.053159076330981325,0.2789448364336113,0.8626760563380282,1.1971830985915493,1.387755102040816,H,3,19,2
2025_26,2025-11-09,Man City,Liverpool,3,0,H,2,0,H,14,7,6,1,7,7,14,15,2,4,0,0,1.88,3.92,3.72,1652.0254132313707,1647.3562966261522,4.669116605218505,Man City,3,0,14,7,3.0,1.0,15.0,8.0,2.2,0.6,16.6,7.4,Liverpool,0,3,7,14,2.0,0.0,16.0,10.0,1.4,1.8,17.0,13.4,0.5319148936170213,0.25510204081632654,0.26881720430107525,0.5037864131336024,0.24161185119672768,0.25460173566967,1.7529710905975349,1.0054170582057376,0.2491846774639324,0.24161185119672768,1.9787234042553195,2.0851063829787235,1.053763440860215,H,17,15,2
2025_26,2025-11-22,Fulham,Sunderland,1,0,H,0,0,D,24,4,6,2,7,4,5,13,3,3,0,0,2.1,3.24,3.74,1478.3948213527335,1544.3614562884204,-65.9666349356869,Fulham,1,0,24,4,0.0,2.0,8.0,14.0,1.0,1.6,12.0,12.8,Sunderland,0,1,4,24,2.0,2.0,6.0,17.0,1.4,1.2,9.8,14.4,0.47619047619047616,0.30864197530864196,0.267379679144385,0.45256128714202487,0.29332676018464576,0.2541119526733294,1.6510106216107205,1.055662618204634,0.19844933446869545,0.29332676018464576,1.780952380952381,1.542857142857143,0.8663101604278075,H,10,23,2
2025_26,2025-11-22,Liverpool,Nott'm Forest,0,3,A,0,1,A,21,15,4,7,8,6,11,8,2,0,0,0,1.42,4.86,6.97,1635.531288731188,1475.6102071798718,159.9210815513161,Liverpool,0,3,21,15,0.0,3.0,7.0,14.0,1.2,2.0,14.4,13.0,Nott'm Forest,3,0,15,21,3.0,1.0,14.0,10.0,1.0,2.0,11.2,15.2,0.7042253521126761,0.20576131687242796,0.14347202295552366,0.6684888145119275,0.19531977707961667,0.1361914084084558,2.200786220615399,0.6038940023049841,0.5322974061034718,0.19531977707961667,4.908450704225352,3.422535211267606,0.6972740315638452,A,15,20,0
2025_26,2025-11-22,Wolves,Crystal Palace,0,2,A,0,0,D,8,10,1,4,1,4,13,9,2,3,0,0,3.86,3.5,1.97,1374.0806529135907,1570.3451543524022,-196.26450143881152,Wolves,0,2,8,10,0.0,3.0,3.0,20.0,0.6,2.4,9.0,15.0,Crystal Palace,2,0,10,8,0.0,0.0,10.0,7.0,1.2,1.2,12.2,9.0,0.2590673575129534,0.2857142857142857,0.5076142131979695,0.24616911586193108,0.2714893677791582,0.4823415163589106,1.0099967153649514,1.71851391685589,-0.23617240049697952,0.2714893677791582,0.5103626943005182,0.9067357512953368,1.7766497461928934,A,26,8,0
2025_26,2025-11-22,Burnley,Chelsea,0,2,A,0,1,A,8,15,2,5,1,9,13,8,2,3,0,0,6.56,4.45,1.48,1412.2624706405968,1599.563505651601,-187.30103501100416,Burnley,0,2,8,15,2.0,3.0,16.0,15.0,1.6,1.8,7.8,15.2,Chelsea,2,0,15,8,3.0,0.0,20.0,3.0,2.0,0.6,16.0,8.0,0.1524390243902439,0.2247191011235955,0.6756756756756757,0.1447892575428476,0.2134421414564225,0.6417686010007299,0.6478099140849654,2.138747944458612,-0.49697934345788225,0.2134421414564225,0.22560975609756098,0.6783536585365855,3.006756756756757,A,5,6,0
2025_26,2025-11-22,Bournemouth,West Ham,2,2,D,0,2,A,28,5,10,2,9,2,9,10,3,2,0,0,1.62,4.09,5.14,1548.296131925315,1436.8212720847407,111.47485984057425,Bournemouth,2,2,28,5,0.0,4.0,13.0,16.0,1.8,2.2,10.6,14.2,West Ham,2,2,5,28,3.0,2.0,15.0,16.0,1.4,1.8,10.0,16.8,0.6172839506172839,0.24449877750611249,0.19455252918287938,0.5843636727523405,0.23145944984322533,0.18417687740443417,1.9845504681002468,0.7839900820565279,0.4001867953479063,0.23145944984322533,3.172839506172839,2.524691358024691,0.7957198443579767,D,2,25,1
2025_26,2025-11-22,Brighton,Brentford,2,1,H,0,1,A,14,10,5,4,7,4,10,9,4,2,0,0,1.93,3.66,3.82,1564.9185518721445,1537.6658856032236,27.252666268920848,Brighton,2,1,14,10,0.0,0.0,7.0,10.0,1.6,1.2,13.6,10.0,Brentford,1,2,10,14,3.0,1.0,15.0,5.0,1.6,1.2,13.2,9.8,0.5181347150259068,0.27322404371584696,0.2617801047120419,0.4919908788919543,0.2594378131861944,0.24857130792185123,1.7354104498620573,1.0051517369517482,0.24341957097010308,0.2594378131861944,1.9792746113989637,1.8963730569948187,0.9581151832460734,H,4,3,2
2025_26,2025-11-22,Newcastle,Man City,2,1,H,0,0,D,9,17,5,4,5,9,13,8,1,3,0,0,3.54,3.75,1.98,1534.8461796750057,1663.850421126335,-129.00424145132934,Newcastle,2,1,9,17,1.0,3.0,5.0,15.0,1.4,1.8,13.8,12.0,Man City,1,2,17,9,3.0,0.0,14.0,7.0,1.8,0.4,15.2,7.0,0.2824858757062147,0.26666666666666666,0.5050505050505051,0.2679615434584903,0.25295569702481485,0.4790827595166949,1.0568403274002858,1.6902039755748994,-0.21112121605820455,0.25295569702481485,0.559322033898305,1.0593220338983051,1.893939393939394,H,19,17,2
2025_26,2025-11-23,Arsenal,Tottenham,4,1,H,2,0,H,17,3,8,2,4,1,11,15,1,3,0,0,1.39,4.66,8.03,1704.5137297456286,1481.601963333083,222.9117664125456,Arsenal,4,1,17,3,2.0,2.0,17.0,6.0,1.6,0.4,15.2,5.8,Tottenham,1,4,3,17,2.0,2.0,10.0,5.0,1.6,1.2,7.6,11.2,0.7194244604316548,0.2145922746781116,0.12453300124533002,0.6796321757245423,0.20272290220109734,0.11764492207436036,2.2416194293747242,0.5556576684241784,0.5619872536501819,0.20272290220109734,5.776978417266187,3.3525179856115113,0.580323785803238,H,0,24,2
2025_26,2025-11-23,Leeds,Aston Villa,1,2,A,1,0,H,14,14,5,3,3,3,18,16,5,1,0,0,3.04,3.25,2.37,1426.441627649164,1604.5976208483353,-178.15599319917123,Leeds,1,2,14,14,1.0,3.0,10.0,14.0,0.8,2.2,12.6,10.0,Aston Villa,2,1,14,14,4.0,0.0,16.0,13.0,1.8,0.8,11.6,12.2,0.32894736842105265,0.3076923076923077,0.42194092827004215,0.31074380832119675,0.2906649776296733,0.39859121404912995,1.2228964025932636,1.4864386197770632,-0.0878474057279332,0.2906649776296733,0.7796052631578948,1.069078947368421,1.371308016877637,A,13,1,0
2025_26,2025-11-24,Man United,Everton,0,1,A,0,1,A,25,3,6,1,9,1,12,9,2,0,0,1,1.74,3.83,4.49,1533.2158109483194,1520.7010975441913,12.514713404128088,Man United,0,1,25,3,2.0,2.0,5.0,10.0,2.4,1.4,12.6,14.2,Everton,1,0,3,25,2.0,0.0,14.0,8.0,1.0,1.4,10.6,13.2,0.5747126436781609,0.2610966057441253,0.22271714922048996,0.5429365242237201,0.24666045748022794,0.2104030182960519,1.8754700301513882,0.8778695123683836,0.33253350592766817,0.24666045748022794,2.5804597701149428,2.2011494252873565,0.8530066815144766,A,18,9,0
2025_26,2025-11-29,Brentford,Burnley,3,1,H,0,0,D,14,6,4,2,5,6,7,7,0,2,0,0,1.45,4.54,6.96,1526.7582911071997,1402.142728821491,124.61556228570885,Brentford,3,1,14,6,1.0,2.0,10.0,14.0,1.8,1.4,14.0,10.6,Burnley,1,3,6,14,0.0,2.0,8.0,15.0,1.4,1.8,8.4,15.2,0.6896551724137931,0.22026431718061673,0.14367816091954022,0.654571668869398,0.20905923344947733,0.13636909768112457,2.1727742400576715,0.618166526492851,0.5182025711882734,0.20905923344947733,4.8,3.1310344827586207,0.6522988505747127,H,3,5,2
2025_26,2025-11-29,Man City,Leeds,3,2,H,2,0,H,18,9,9,4,8,1,17,11,4,1,0,0,1.23,6.42,11.78,1646.3272144248747,1415.965889401115,230.36132502375972,Man City,3,2,18,9,1.0,2.0,17.0,9.0,1.8,0.8,16.6,7.6,Leeds,2,3,9,18,1.0,2.0,14.0,14.0,0.8,2.2,12.2,11.0,0.8130081300813008,0.1557632398753894,0.08488964346349746,0.7716031244643601,0.14783050515438675,0.08056637038125324,2.462639878547467,0.3895296162981464,0.6910367540831068,0.14783050515438675,9.577235772357723,5.219512195121951,0.5449915110356537,H,17,13,2
2025_26,2025-11-29,Sunderland,Bournemouth,3,2,H,1,2,A,12,18,6,6,6,3,14,13,5,5,0,1,3.04,3.3,2.35,1529.5355828338618,1541.1037261616711,-11.568143327809366,Sunderland,3,2,12,18,0.0,1.0,4.0,24.0,1.4,1.0,9.0,16.2,Bournemouth,2,3,18,12,2.0,2.0,28.0,5.0,1.6,2.4,14.0,12.8,0.32894736842105265,0.30303030303030304,0.425531914893617,0.31105852151939356,0.2865508804299868,0.4023905980506197,1.2197264449881675,1.493722674581846,-0.09133207653122616,0.2865508804299868,0.7730263157894737,1.0855263157894737,1.404255319148936,H,23,2,2
2025_26,2025-11-29,Everton,Newcastle,1,4,A,0,3,A,10,13,2,8,8,7,4,6,0,0,0,0,2.79,3.31,2.55,1539.198042129596,1552.369386376466,-13.171344246870149,Everton,1,4,10,13,1.0,0.0,3.0,25.0,0.8,1.2,8.4,15.2,Newcastle,4,1,13,10,2.0,1.0,9.0,17.0,1.4,2.0,12.0,14.4,0.35842293906810035,0.3021148036253776,0.3921568627450981,0.34048140573378677,0.28699187975748186,0.3725267145087315,1.3084360969588422,1.4045720232836763,-0.032045308774944714,0.28699187975748186,0.9139784946236559,1.1863799283154122,1.2980392156862746,A,9,19,0
2025_26,2025-11-29,Tottenham,Fulham,1,2,A,0,2,A,14,7,2,3,8,2,11,7,3,2,0,0,2.18,3.39,3.33,1476.9134219209109,1493.2206948072921,-16.30727288638127,Tottenham,1,2,14,7,1.0,4.0,3.0,17.0,1.4,1.8,6.4,11.4,Fulham,2,1,7,14,1.0,0.0,24.0,4.0,1.0,1.0,14.4,11.4,0.4587155963302752,0.2949852507374631,0.3003003003003003,0.43521356449728776,0.279871849735719,0.28491458576699324,1.5855125432275825,1.1346156070366988,0.15029897873029452,0.279871849735719,1.5275229357798163,1.555045871559633,1.018018018018018,A,24,10,0
2025_26,2025-11-30,West Ham,Liverpool,0,2,A,0,0,D,7,9,0,5,7,2,12,14,1,0,1,0,4.28,4.06,1.74,1444.0136778483845,1611.8382258745457,-167.8245480261612,West Ham,0,2,7,9,2.0,2.0,5.0,28.0,1.8,1.8,10.2,18.2,Liverpool,2,0,9,7,0.0,3.0,21.0,15.0,1.0,2.2,16.2,13.6,0.2336448598130841,0.24630541871921185,0.5747126436781609,0.2215351036740633,0.23353946889778104,0.5449254274281556,0.8981447799199709,1.868315751182248,-0.3233903237540924,0.23353946889778104,0.40654205607476634,0.9485981308411213,2.333333333333333,A,25,15,0
2025_26,2025-11-30,Crystal Palace,Man United,1,2,A,1,0,H,14,14,3,6,4,4,14,14,3,2,0,0,2.32,3.51,2.93,1580.121831313503,1514.7188663629147,65.40296495058828,Crystal Palace,1,2,14,14,2.0,0.0,10.0,8.0,1.4,0.8,11.2,7.8,Man United,2,1,14,14,0.0,1.0,25.0,3.0,2.0,1.6,14.6,13.2,0.4310344827586207,0.2849002849002849,0.341296928327645,0.4077010596588319,0.26947762347820226,0.32282131686296583,1.492580802454698,1.2379415740670998,0.08487974279586608,0.26947762347820226,1.2629310344827587,1.5129310344827587,1.197952218430034,A,8,18,0
2025_26,2025-11-30,Aston Villa,Wolves,1,0,H,0,0,D,16,9,6,4,7,3,13,21,0,4,0,0,1.48,4.39,6.57,1615.0733590963844,1364.30397595249,250.7693831438944,Aston Villa,1,0,16,9,2.0,1.0,14.0,14.0,1.8,0.8,11.4,14.0,Wolves,0,1,9,16,0.0,2.0,8.0,10.0,0.4,2.6,9.4,13.6,0.6756756756756757,0.22779043280182235,0.15220700152207,0.6400425181578719,0.21577743208966985,0.1441800497524582,2.1359049865632858,0.6483175813470444,0.4958624684054137,0.21577743208966985,4.4391891891891895,2.9662162162162162,0.6681887366818873,H,1,26,2
2025_26,2025-11-30,Nott'm Forest,Brighton,0,2,A,0,1,A,19,17,3,6,9,2,11,10,0,1,0,0,2.72,3.36,2.54,1499.303270036514,1575.8261463681683,-76.52287633165429,Nott'm Forest,0,2,19,17,3.0,0.0,15.0,21.0,1.6,1.6,13.2,15.8,Brighton,2,0,17,19,2.0,1.0,14.0,10.0,1.8,1.2,13.0,10.8,0.3676470588235294,0.2976190476190476,0.39370078740157477,0.34717521478781566,0.28104660244727936,0.37177818276490493,1.3225722468107264,1.396381150741994,-0.024602967977089274,0.28104660244727936,0.9338235294117646,1.2352941176470587,1.3228346456692912,A,20,4,0
2025_26,2025-11-30,Chelsea,Arsenal,1,1,D,0,0,D,11,8,4,4,3,3,12,13,1,6,1,0,3.33,3.35,2.18,1609.6832474707069,1709.2022711578006,-99.51902368709375,Chelsea,1,1,11,8,2.0,0.0,15.0,8.0,2.0,0.4,16.6,7.2,Arsenal,1,1,8,11,4.0,1.0,17.0,3.0,2.0,0.6,14.4,5.6,0.3003003003003003,0.29850746268656714,0.4587155963302752,0.28396564260690027,0.2822703253376053,0.4337640320554944,1.134167253158306,1.5835624215040887,-0.14979838944859414,0.2822703253376053,0.6546546546546547,1.006006006006006,1.536697247706422,D,6,0,1
2025_26,2025-12-02,Bournemouth,Everton,0,1,A,0,0,D,5,13,2,3,1,6,14,14,3,3,0,0,2.2,3.29,3.38,1528.6029136342468,1521.7662002927834,6.836713341463337,Bournemouth,0,1,5,13,2.0,3.0,18.0,12.0,1.4,2.4,16.0,11.2,Everton,1,0,13,5,1.0,4.0,10.0,13.0,1.0,1.6,9.4,14.0,0.45454545454545453,0.303951367781155,0.2958579881656805,0.43111242062169014,0.28828186181389615,0.2806057175644137,1.5816191236789665,1.1300990145071372,0.15050670305727643,0.28828186181389615,1.5363636363636362,1.4954545454545454,0.9733727810650888,A,2,9,0
2025_26,2025-12-02,Fulham,Man City,4,5,A,1,3,A,12,11,6,4,7,2,9,7,0,1,0,0,4.66,4.04,1.69,1510.5205166558085,1650.8486083959826,-140.32809174017416,Fulham,4,5,12,11,2.0,1.0,7.0,14.0,1.4,1.0,14.0,11.0,Man City,5,4,11,12,3.0,2.0,18.0,9.0,2.0,1.2,16.4,8.4,0.2145922746781116,0.24752475247524752,0.591715976331361,0.20363024688780593,0.2348804332913801,0.561489319820814,0.8457711739547978,1.919348392753822,-0.357859072933008,0.2348804332913801,0.3626609442060086,0.8669527896995708,2.3905325443786984,A,10,17,0
2025_26,2025-12-02,Newcastle,Tottenham,2,2,D,0,0,D,19,8,7,2,11,8,5,12,0,3,0,0,1.8,3.78,4.24,1569.8012282132786,1459.6136000723945,110.18762814088404,Newcastle,2,2,19,8,4.0,1.0,13.0,10.0,2.0,1.8,11.4,13.8,Tottenham,2,2,8,19,1.0,2.0,14.0,7.0,1.4,1.8,7.4,11.2,0.5555555555555556,0.2645502645502646,0.23584905660377356,0.5261167572677853,0.2505317891751359,0.22335145355707864,1.8288820609784917,0.9205861498463719,0.30276530371070665,0.2505317891751359,2.3555555555555556,2.0999999999999996,0.891509433962264,D,19,24,1
2025_26,2025-12-03,Brighton,Aston Villa,3,4,A,2,2,D,16,14,7,10,5,6,10,9,2,2,0,0,2.15,3.48,3.33,1590.5445642422105,1619.1619005229916,-28.617336280781046,Brighton,3,4,16,14,2.0,0.0,17.0,19.0,1.8,1.0,13.8,11.4,Aston Villa,4,3,14,16,1.0,0.0,16.0,9.0,1.6,0.6,13.0,14.0,0.46511627906976744,0.28735632183908044,0.3003003003003003,0.44180115059531294,0.272951860281587,0.2852469891231,1.5983553120675258,1.128692827650887,0.15655416147221296,0.272951860281587,1.5488372093023257,1.6186046511627907,1.045045045045045,A,4,1,0
2025_26,2025-12-03,Burnley,Crystal Palace,0,1,A,0,1,A,11,3,4,3,3,4,9,8,0,0,0,0,4.57,3.71,1.77,1394.7640441916014,1559.555035335946,-164.79099114434462,Burnley,0,1,11,3,1.0,3.0,6.0,14.0,1.2,2.4,8.8,14.2,Crystal Palace,1,0,3,11,1.0,2.0,14.0,14.0,1.0,0.6,10.0,9.0,0.2188183807439825,0.2695417789757412,0.5649717514124294,0.2077392495484067,0.25589443947067886,0.5363663109809145,0.879112188115899,1.8649933724134222,-0.32862706143250775,0.25589443947067886,0.387308533916849,0.811816192560175,2.096045197740113,A,5,8,0
2025_26,2025-12-03,Wolves,Nott'm Forest,0,1,A,0,0,D,5,10,1,3,3,9,19,11,2,2,0,0,3.28,3.3,2.24,1360.2154345258828,1484.5848521624719,-124.3694176365891,Wolves,0,1,5,10,0.0,1.0,9.0,16.0,0.4,2.4,8.0,15.2,Nott'm Forest,1,0,10,5,0.0,2.0,19.0,17.0,1.6,1.4,14.6,15.8,0.3048780487804878,0.30303030303030304,0.4464285714285714,0.28916567565875945,0.2874131564123428,0.4234211679288978,1.154910183388621,1.5576766601990362,-0.13425549227013833,0.2874131564123428,0.6829268292682927,1.0060975609756098,1.4732142857142856,A,26,20,0
2025_26,2025-12-03,Leeds,Chelsea,3,1,H,2,0,H,17,14,5,2,4,2,10,13,1,1,0,0,4.31,3.87,1.78,1411.444495430007,1610.9546284262772,-199.51013299627016,Leeds,3,1,17,14,2.0,3.0,9.0,18.0,1.2,2.4,10.2,13.8,Chelsea,1,3,14,17,1.0,1.0,11.0,8.0,1.6,0.6,15.4,6.4,0.2320185614849188,0.25839793281653745,0.5617977528089888,0.22050505600174133,0.245575398286177,0.5339195457120816,0.9070905662914011,1.8473340354224217,-0.31341448971034025,0.245575398286177,0.4129930394431555,0.8979118329466358,2.1741573033707864,H,13,6,2
2025_26,2025-12-03,Arsenal,Brentford,2,0,H,1,0,H,15,6,7,1,4,8,7,9,0,1,0,0,1.35,4.97,8.94,1707.9308902022303,1534.1369757370892,173.79391446514114,Arsenal,2,0,15,6,1.0,1.0,8.0,11.0,2.0,0.8,12.8,6.0,Brentford,0,2,6,15,3.0,1.0,14.0,6.0,2.0,1.6,12.4,10.4,0.7407407407407407,0.2012072434607646,0.11185682326621925,0.7029202519209686,0.19093407245338184,0.10614567562564964,2.2996948282162877,0.5093710993303308,0.5967745762953189,0.19093407245338184,6.622222222222222,3.681481481481481,0.5559284116331096,H,0,3,2
2025_26,2025-12-03,Liverpool,Sunderland,1,1,D,0,0,D,23,9,4,6,7,3,10,5,1,1,0,0,1.35,5.29,8.05,1622.7229783278062,1542.0363953612862,80.68658296652006,Liverpool,1,1,23,9,2.0,0.0,9.0,7.0,1.2,1.8,14.2,12.6,Sunderland,1,1,9,23,3.0,2.0,12.0,18.0,1.6,1.4,9.8,16.6,0.7407407407407407,0.1890359168241966,0.12422360248447203,0.7027899032074397,0.17935092047826912,0.11785917631429112,2.2877206301005883,0.5329284494211425,0.5849307268931486,0.17935092047826912,5.962962962962963,3.918518518518518,0.6571428571428571,D,15,23,1
2025_26,2025-12-04,Man United,West Ham,1,1,D,0,0,D,17,11,4,3,6,6,13,9,2,2,0,0,1.43,4.81,6.59,1535.2856623404716,1433.128925395124,102.15673694534757,Man United,1,1,17,11,2.0,1.0,14.0,14.0,2.0,1.6,15.0,12.2,West Ham,1,1,11,17,0.0,2.0,7.0,9.0,1.8,1.8,10.2,15.6,0.6993006993006994,0.2079002079002079,0.15174506828528073,0.6603742924464426,0.19632749234894237,0.143298215204615,2.17745036968827,0.6262221379627874,0.5170760772418277,0.19632749234894237,4.608391608391608,3.3636363636363633,0.7298937784522003,D,18,25,1
2025_26,2025-12-06,Man City,Sunderland,3,0,H,2,0,H,18,8,6,1,6,5,9,10,1,0,0,1,1.24,6.22,11.38,1662.8531019727723,1548.1626630859348,114.69043888683746,Man City,3,0,18,8,5.0,4.0,11.0,12.0,3.0,1.8,15.0,9.0,Sunderland,0,3,8,18,1.0,1.0,9.0,23.0,1.4,1.4,9.6,18.0,0.8064516129032259,0.1607717041800643,0.08787346221441124,0.7643389959355387,0.15237626285531639,0.0832847412091448,2.4453932506619322,0.4022304864827507,0.6810542547263939,0.15237626285531639,9.17741935483871,5.016129032258064,0.5465729349736379,H,17,23,2
2025_26,2025-12-06,Tottenham,Brentford,2,0,H,2,0,H,15,4,7,1,7,6,8,9,3,4,0,0,2.31,3.44,3.03,1466.7631329215276,1528.2186168871674,-61.455483965639814,Tottenham,2,0,15,4,2.0,2.0,8.0,19.0,1.2,2.2,7.6,12.6,Brentford,0,2,4,15,0.0,2.0,6.0,15.0,1.4,1.6,10.2,9.8,0.4329004329004329,0.29069767441860467,0.33003300330033003,0.41086527204569373,0.27590080768184666,0.31323392027245955,1.5084966238189277,1.2156025684992253,0.09763135177323418,0.27590080768184666,1.3116883116883116,1.4891774891774892,1.1353135313531353,H,24,3,2
2025_26,2025-12-06,Newcastle,Burnley,2,1,H,2,0,H,17,9,7,3,9,9,9,11,2,2,0,1,1.28,5.72,10.39,1562.6516953641456,1383.7578926084948,178.89380275565077,Newcastle,2,1,17,9,2.0,2.0,19.0,8.0,2.0,2.0,11.6,13.0,Burnley,1,2,9,17,0.0,1.0,11.0,3.0,0.6,2.2,8.8,11.8,0.78125,0.17482517482517484,0.09624639076034648,0.7424061480345177,0.16613284431541656,0.09146100765006569,2.393351288418969,0.44051586726561365,0.650945140384452,0.16613284431541656,8.1171875,4.46875,0.5505293551491819,H,19,5,2
2025_26,2025-12-06,Leeds,Liverpool,3,3,D,0,0,D,12,16,5,7,5,4,14,14,3,3,0,0,3.95,3.9,1.84,1431.790549504032,1616.5967106031576,-184.80616109912557,Leeds,3,3,12,16,3.0,1.0,17.0,14.0,1.4,2.4,11.0,14.8,Liverpool,3,3,16,12,1.0,1.0,23.0,9.0,1.0,1.4,15.2,11.0,0.2531645569620253,0.25641025641025644,0.5434782608695652,0.24041006398874332,0.24349224429629138,0.5160976917149653,0.9647224362625213,1.7917853194411875,-0.275687627726222,0.24349224429629138,0.46582278481012657,0.9873417721518987,2.119565217391304,D,13,15,1
2025_26,2025-12-06,Everton,Nott'm Forest,3,0,H,2,0,H,11,7,5,3,6,3,17,15,4,3,0,0,2.17,3.25,3.52,1540.0304632835703,1497.2565105608062,42.77395272276408,Everton,3,0,11,7,1.0,0.0,13.0,5.0,1.2,1.0,9.6,13.6,Nott'm Forest,0,3,7,11,1.0,0.0,10.0,5.0,1.8,1.0,15.0,14.2,0.4608294930875576,0.3076923076923077,0.2840909090909091,0.4377958661967249,0.29231293219904403,0.269891201604231,1.6057005307892187,1.1019865370117372,0.16790466459249387,0.29231293219904403,1.6221198156682028,1.4976958525345623,0.9232954545454546,H,9,20,2
2025_26,2025-12-06,Aston Villa,Arsenal,2,1,H,1,0,H,15,15,6,9,3,3,10,8,0,2,0,0,4.13,3.45,1.91,1635.9401324620214,1713.8492490521521,-77.90911659013068,Aston Villa,2,1,15,15,4.0,3.0,14.0,16.0,2.2,1.2,14.0,13.6,Arsenal,1,2,15,15,2.0,0.0,15.0,6.0,2.2,0.8,13.8,5.8,0.24213075060532688,0.2898550724637681,0.5235602094240838,0.2293890964029478,0.2746020197519346,0.4960088838451175,0.9627693089607781,1.762628671287287,-0.2666197874421697,0.2746020197519346,0.46246973365617433,0.8353510895883778,1.806282722513089,H,1,0,2
2025_26,2025-12-06,Bournemouth,Chelsea,0,0,D,0,0,D,13,11,5,4,5,0,15,13,0,2,0,0,3.14,3.67,2.16,1510.33865064346,1590.6085743522522,-80.26992370879225,Bournemouth,0,0,13,11,0.0,1.0,5.0,13.0,1.0,2.6,14.4,12.2,Chelsea,0,0,11,13,1.0,3.0,14.0,17.0,1.6,0.8,15.0,7.8,0.3184713375796178,0.2724795640326976,0.4629629629629629,0.30217966409234037,0.2585406390326836,0.4392796968749762,1.1650796313097047,1.5763797296576123,-0.13710003278263583,0.2585406390326836,0.6878980891719746,1.1687898089171973,1.699074074074074,D,2,6,1
2025_26,2025-12-07,Brighton,West Ham,1,1,D,0,0,D,22,14,4,5,10,6,12,8,2,2,0,0,1.55,4.32,5.63,1573.7663323031807,1440.0075692437965,133.75876305938414,Brighton,1,1,22,14,3.0,4.0,16.0,14.0,2.0,1.0,13.6,11.6,West Ham,1,1,14,22,1.0,1.0,11.0,17.0,1.8,1.6,10.6,16.4,0.6451612903225806,0.23148148148148145,0.17761989342806395,0.6119549819973279,0.2195671810407079,0.16847783696196417,2.0554321270326916,0.7250006919266004,0.44347714503536373,0.2195671810407079,3.6322580645161286,2.7870967741935484,0.7673179396092363,D,4,25,1
2025_26,2025-12-07,Fulham,Crystal Palace,1,2,A,1,1,D,12,11,4,5,6,4,5,8,0,0,0,0,2.57,3.27,2.77,1498.5160230790189,1570.5611869190527,-72.04516384003387,Fulham,1,2,12,11,4.0,5.0,12.0,11.0,2.0,1.6,14.0,9.6,Crystal Palace,2,1,11,12,1.0,0.0,3.0,11.0,1.2,0.4,9.2,9.2,0.38910505836575876,0.3058103975535168,0.36101083032490977,0.3684964219896097,0.28961339587562596,0.34189018213476424,1.395102661844455,1.3152839422799187,0.026606239854845448,0.28961339587562596,1.077821011673152,1.2723735408560313,1.1805054151624548,A,10,8,0
2025_26,2025-12-08,Wolves,Man United,1,4,A,1,1,D,8,27,2,10,1,9,17,12,3,2,0,0,4.22,3.9,1.77,1347.5437761275484,1528.4070184917991,-180.8632423642507,Wolves,1,4,8,27,0.0,1.0,5.0,10.0,0.0,2.0,6.0,15.0,Man United,4,1,27,8,1.0,1.0,17.0,11.0,1.4,1.4,15.8,11.0,0.23696682464454977,0.25641025641025644,0.5649717514124294,0.22390238206445584,0.24227385956718045,0.5338237583683636,0.913981005760548,1.8437451346722713,-0.30992137630390776,0.24227385956718045,0.41943127962085314,0.9241706161137441,2.2033898305084745,A,26,18,0
2025_26,2025-12-13,Arsenal,Wolves,2,1,H,0,0,D,16,3,2,2,8,0,7,15,0,4,0,0,1.12,8.62,22.31,1698.5078440117618,1337.1740349023953,361.3338091093665,Arsenal,2,1,16,3,1.0,2.0,15.0,15.0,2.0,1.2,14.4,8.2,Wolves,1,2,3,16,1.0,4.0,8.0,27.0,0.2,2.2,6.6,16.6,0.8928571428571428,0.1160092807424594,0.04482294935006724,0.8473627672239902,0.11009817857202658,0.04253905420398338,2.6521864802439974,0.23771534118397672,0.8048237130200068,0.11009817857202658,19.919642857142854,7.69642857142857,0.38637382339757953,H,0,26,2
2025_26,2025-12-13,Burnley,Fulham,2,3,A,1,2,A,16,6,8,4,10,4,8,8,1,2,0,0,3.93,3.48,1.95,1377.9777658892283,1483.6043188798967,-105.62655299066842,Burnley,2,3,16,6,1.0,2.0,9.0,17.0,0.8,2.2,10.0,12.8,Fulham,3,2,6,16,1.0,2.0,12.0,11.0,1.6,2.0,12.6,10.8,0.2544529262086514,0.28735632183908044,0.5128205128205129,0.24127227928706282,0.27247128091901057,0.4862564397939267,0.9962881187801991,1.7312406003007907,-0.24498416050686386,0.27247128091901057,0.4961832061068702,0.8854961832061068,1.7846153846153847,A,5,10,0
2025_26,2025-12-13,Chelsea,Everton,2,0,H,2,0,H,17,11,5,2,4,7,13,11,1,0,0,0,1.66,3.9,5.09,1590.1653151953474,1550.3257000538463,39.8396151415011,Chelsea,2,0,17,11,0.0,0.0,11.0,13.0,1.4,0.8,14.2,9.8,Everton,0,2,11,17,3.0,0.0,11.0,7.0,1.6,0.8,10.2,11.6,0.6024096385542169,0.25641025641025644,0.19646365422396858,0.5708509708291156,0.24297759271188,0.1861714364590043,1.9555305051992269,0.8014919020888929,0.3846795343701113,0.24297759271188,3.066265060240964,2.3493975903614457,0.7662082514734774,H,6,9,2
2025_26,2025-12-13,Liverpool,Brighton,2,0,H,1,0,H,18,14,4,1,2,2,8,15,1,2,0,0,1.67,4.17,4.62,1611.81298698595,1565.8561072289224,45.95687975702754,Liverpool,2,0,18,14,3.0,3.0,16.0,12.0,1.2,2.0,15.2,11.4,Brighton,0,2,14,18,1.0,1.0,22.0,14.0,1.6,1.2,15.2,13.4,0.5988023952095809,0.23980815347721823,0.21645021645021645,0.567552519244536,0.22729321514109713,0.20515426561436687,1.9299507728747052,0.8427560119841977,0.3623982536301691,0.22729321514109713,2.7664670658682637,2.497005988023952,0.9025974025974025,H,15,4,2
2025_26,2025-12-14,Crystal Palace,Man City,0,3,A,0,1,A,16,7,4,6,2,2,9,6,2,0,0,0,3.98,3.81,1.83,1585.4728911181749,1670.5542623380563,-85.08137121988148,Crystal Palace,0,3,16,7,2.0,1.0,11.0,12.0,1.2,0.6,9.6,10.4,Man City,3,0,7,16,3.0,0.0,18.0,8.0,3.0,1.6,15.6,9.0,0.25125628140703515,0.26246719160104987,0.5464480874316939,0.23699587008616732,0.24757048896140316,0.5154336409524295,0.9585580992199052,1.7938714118186916,-0.2784377708662622,0.24757048896140316,0.45979899497487436,0.957286432160804,2.081967213114754,A,8,17,0
2025_26,2025-12-14,Nott'm Forest,Tottenham,3,0,H,1,0,H,15,6,6,1,3,3,9,13,1,3,0,0,2.55,3.28,2.76,1486.9612737905302,1481.394310864657,5.566962925873213,Nott'm Forest,3,0,15,6,0.0,3.0,7.0,11.0,1.4,1.2,13.0,12.8,Tottenham,0,3,6,15,2.0,0.0,15.0,4.0,1.6,2.0,10.0,10.4,0.3921568627450981,0.3048780487804878,0.3623188405797102,0.3701849943569361,0.2877962608567643,0.3420187447862997,1.3983512439275727,1.3138524952156634,0.028166249570636404,0.2877962608567643,1.0823529411764705,1.2862745098039217,1.1884057971014492,H,20,24,2
2025_26,2025-12-14,Sunderland,Newcastle,1,0,H,0,0,D,5,6,1,2,3,6,10,10,5,4,0,0,3.26,3.33,2.22,1540.4615027206507,1568.431822083412,-27.970319362761302,Sunderland,1,0,5,6,0.0,3.0,8.0,18.0,1.2,1.8,7.8,20.0,Newcastle,0,1,6,5,2.0,1.0,17.0,9.0,2.2,1.6,12.6,11.8,0.3067484662576687,0.3003003003003003,0.4504504504504504,0.29006968641114983,0.28397212543554007,0.42595818815331005,1.1541811846689896,1.5618466898954702,-0.13588850174216022,0.28397212543554007,0.6809815950920246,1.021472392638037,1.5,H,23,19,2
2025_26,2025-12-14,West Ham,Aston Villa,2,3,A,2,1,H,10,7,3,4,5,3,18,13,1,2,0,0,3.63,3.51,2.0,1447.9177943180548,1651.2815375024118,-203.36374318435696,West Ham,2,3,10,7,1.0,1.0,14.0,22.0,1.4,1.6,10.4,18.4,Aston Villa,3,2,7,10,2.0,1.0,15.0,15.0,2.6,1.0,15.0,13.4,0.27548209366391185,0.2849002849002849,0.5,0.25979505057121605,0.26867693264202686,0.4715280167867571,1.048062084355675,1.6832609830022982,-0.21173296621554105,0.26867693264202686,0.5509641873278237,0.9669421487603306,1.755,A,25,1,0
2025_26,2025-12-14,Brentford,Leeds,1,1,D,0,0,D,7,18,2,4,0,3,8,9,0,0,0,0,1.94,3.54,3.85,1513.587438944038,1436.5742731212397,77.01316582279833,Brentford,1,1,7,18,0.0,2.0,4.0,15.0,1.4,1.6,9.8,11.0,Leeds,1,1,18,7,3.0,3.0,12.0,16.0,2.0,2.4,12.4,15.2,0.5154639175257733,0.2824858757062147,0.2597402597402597,0.48734874274108203,0.2670781245530223,0.2455731327058958,1.7291243527762683,1.0037975226707097,0.24177561003518622,0.2670781245530223,1.9845360824742269,1.8247422680412373,0.9194805194805195,D,3,13,1
2025_26,2025-12-15,Man United,Bournemouth,4,4,D,2,1,H,25,14,9,9,5,4,15,12,2,3,0,0,1.82,3.98,3.84,1538.7767597169523,1510.7819098003647,27.994849916587555,Man United,4,4,25,14,4.0,1.0,27.0,8.0,1.8,1.2,17.6,9.2,Bournemouth,4,4,14,25,0.0,0.0,13.0,11.0,0.8,2.0,15.4,11.4,0.5494505494505494,0.25125628140703515,0.2604166666666667,0.5178007562102752,0.23678326037756306,0.24541598341216175,1.7901855290083888,0.9730312106140483,0.27238477279811346,0.23678326037756306,2.10989010989011,2.1868131868131866,1.0364583333333333,D,18,2,1
2025_26,2025-12-20,Tottenham,Liverpool,1,2,A,0,0,D,15,8,4,4,2,6,9,7,3,3,2,0,3.36,3.71,2.02,1469.606309099195,1621.9846829445794,-152.37837384538443,Tottenham,1,2,15,8,0.0,3.0,6.0,15.0,1.2,2.2,9.2,12.4,Liverpool,2,1,8,15,2.0,0.0,18.0,14.0,1.6,1.4,17.4,11.4,0.2976190476190476,0.2695417789757412,0.49504950495049505,0.280188432347553,0.25375556137136873,0.4660560062810782,1.0943208584140276,1.6519235802146033,-0.1858675739335252,0.25375556137136873,0.6011904761904762,1.1041666666666667,1.8366336633663367,A,24,15,0
2025_26,2025-12-20,Leeds,Crystal Palace,4,1,H,2,0,H,20,9,8,3,9,5,5,10,1,3,0,0,2.6,3.25,2.76,1442.5678328894476,1571.1235976121036,-128.55576472265602,Leeds,4,1,20,9,1.0,1.0,18.0,7.0,2.0,2.0,14.0,13.8,Crystal Palace,1,4,9,20,0.0,3.0,16.0,7.0,1.2,1.2,10.8,10.4,0.3846153846153846,0.3076923076923077,0.3623188405797102,0.3646934460887949,0.29175475687103597,0.3435517970401692,1.3858350951374205,1.3224101479915435,0.0211416490486257,0.29175475687103597,1.0615384615384613,1.25,1.177536231884058,H,13,8,2
2025_26,2025-12-20,Everton,Arsenal,0,1,A,0,1,A,5,13,1,2,2,3,4,5,2,2,0,0,6.03,3.89,1.57,1539.9159400245394,1700.8196928523466,-160.90375282780724,Everton,0,1,5,13,0.0,2.0,11.0,17.0,1.2,1.2,9.6,13.4,Arsenal,1,0,13,5,2.0,1.0,16.0,3.0,2.0,1.0,14.2,7.6,0.16583747927031509,0.2570694087403599,0.6369426751592356,0.15647265898219626,0.2425527335893685,0.6009746074284353,0.7119707105359573,2.0454765558746746,-0.4445019484462391,0.2425527335893685,0.2603648424543947,0.6451077943615257,2.477707006369427,A,9,0,0
2025_26,2025-12-20,Wolves,Brentford,0,2,A,0,0,D,9,7,2,6,3,4,12,15,2,4,0,0,3.59,3.48,2.05,1334.8621860618105,1507.5938791758301,-172.73169311401966,Wolves,0,2,9,7,1.0,2.0,3.0,16.0,0.4,2.0,6.6,15.8,Brentford,2,0,7,9,1.0,1.0,7.0,18.0,1.0,1.6,8.2,13.6,0.2785515320334262,0.28735632183908044,0.48780487804878053,0.264352440276136,0.2727084082158989,0.4629391515079651,1.065765729044307,1.6615258627397944,-0.19858671123182908,0.2727084082158989,0.5710306406685236,0.9693593314763231,1.6975609756097563,A,26,3,0
2025_26,2025-12-20,Man City,West Ham,3,0,H,2,0,H,17,7,8,3,6,0,16,10,1,1,0,0,1.2,7.36,11.88,1684.9035558441276,1438.408510945113,246.4950448990146,Man City,3,0,17,7,3.0,0.0,7.0,16.0,3.0,1.6,14.2,10.8,West Ham,0,3,7,17,2.0,3.0,10.0,7.0,1.2,1.8,9.4,16.6,0.8333333333333334,0.1358695652173913,0.08417508417508417,0.7911057065925476,0.12898462607487188,0.07990966733258056,2.502301745852515,0.36871362807261354,0.7111960392599671,0.12898462607487188,9.9,6.133333333333334,0.6195286195286195,H,17,25,2
2025_26,2025-12-20,Newcastle,Chelsea,2,2,D,2,0,H,11,13,5,4,6,4,13,14,3,6,0,0,2.73,3.51,2.47,1555.237589298645,1600.5750752246543,-45.33748592600932,Newcastle,2,2,11,13,0.0,1.0,6.0,5.0,2.0,1.2,12.8,9.8,Chelsea,2,2,13,11,2.0,0.0,17.0,11.0,1.2,0.8,13.6,11.4,0.3663003663003663,0.2849002849002849,0.4048582995951417,0.34685598377281945,0.2697768762677485,0.38336713995943206,1.3103448275862069,1.4198782961460448,-0.0365111561866126,0.2697768762677485,0.9047619047619049,1.2857142857142856,1.4210526315789471,D,19,6,1
2025_26,2025-12-20,Brighton,Sunderland,0,0,D,0,0,D,16,14,4,6,3,4,11,15,2,2,0,0,1.65,3.95,5.16,1555.684411270293,1553.6557355054179,2.028675764875061,Brighton,0,0,16,14,0.0,2.0,14.0,18.0,1.6,1.6,16.6,15.0,Sunderland,0,0,14,16,1.0,0.0,5.0,6.0,1.0,1.4,7.6,17.8,0.6060606060606061,0.2531645569620253,0.19379844961240308,0.575543225041298,0.2404167902071244,0.1840399847515778,1.9670464653310182,0.7925367444618577,0.39150324028972017,0.2404167902071244,3.1272727272727274,2.393939393939394,0.7655038759689923,D,4,23,1
2025_26,2025-12-20,Bournemouth,Burnley,1,1,D,0,0,D,16,4,1,1,5,3,11,11,1,1,0,0,1.47,4.44,6.59,1514.9039555474756,1364.5105194114724,150.39343613600317,Bournemouth,1,1,16,4,4.0,4.0,14.0,25.0,1.6,2.0,15.6,13.2,Burnley,1,1,4,16,2.0,3.0,16.0,6.0,0.8,2.2,10.0,11.0,0.6802721088435374,0.2252252252252252,0.15174506828528073,0.6434400543610922,0.21303082880873997,0.14352911683016775,2.143350991892017,0.6436181792992433,0.4999109375309244,0.21303082880873997,4.482993197278912,3.0204081632653064,0.6737481031866465,D,2,5,1
2025_26,2025-12-21,Aston Villa,Man United,2,1,H,1,1,D,12,15,4,6,5,5,11,14,1,2,0,0,2.1,3.64,3.26,1660.7908208753536,1534.6547139698414,126.13610690551218,Aston Villa,2,1,12,15,3.0,2.0,7.0,10.0,2.4,1.4,13.2,12.8,Man United,1,2,15,12,4.0,4.0,25.0,14.0,2.2,1.6,21.6,10.0,0.47619047619047616,0.2747252747252747,0.3067484662576687,0.4502284075215128,0.2597471581854881,0.29002443429299907,1.6104323807500265,1.1298204610644853,0.1602039732285137,0.2597471581854881,1.5523809523809522,1.7333333333333334,1.1165644171779143,H,1,18,2
2025_26,2025-12-22,Fulham,Nott'm Forest,1,0,H,1,0,H,11,12,1,2,1,5,5,9,5,4,0,0,2.42,3.27,2.93,1497.0715653576526,1498.7492755559922,-1.6777101983395823,Fulham,1,0,11,12,3.0,2.0,6.0,16.0,2.2,2.0,12.2,11.2,Nott'm Forest,0,1,12,11,3.0,0.0,15.0,6.0,1.4,1.0,13.2,12.0,0.4132231404958678,0.3058103975535168,0.341296928327645,0.3897116546200748,0.2884104599940614,0.32187788538586376,1.4575454238542858,1.2540441161516527,0.06783376923421103,0.2884104599940614,1.2107438016528926,1.3512396694214877,1.1160409556313993,H,10,20,2
2025_26,2025-12-26,Man United,Newcastle,1,0,H,1,0,H,10,16,4,3,2,11,9,5,2,1,0,0,2.47,3.58,2.67,1527.3246211422538,1554.1746077551034,-26.849986612849534,Man United,1,0,10,16,1.0,2.0,15.0,12.0,2.4,1.8,19.6,11.8,Newcastle,0,1,16,10,2.0,2.0,11.0,13.0,2.0,1.4,13.2,9.0,0.4048582995951417,0.27932960893854747,0.37453183520599254,0.3824036549701753,0.26383715859674106,0.3537591864330836,1.4110481235072672,1.3251147178959917,0.02864446853709174,0.26383715859674106,1.0809716599190282,1.4493927125506072,1.3408239700374533,H,18,19,2
2025_26,2025-12-27,West Ham,Fulham,0,1,A,0,0,D,11,15,2,4,5,4,8,8,1,3,0,0,2.65,3.38,2.59,1434.2323006128245,1509.1592978787628,-74.92699726593833,West Ham,0,1,11,15,0.0,3.0,7.0,17.0,0.8,2.0,9.8,14.4,Fulham,1,0,15,11,1.0,0.0,11.0,12.0,2.2,2.0,9.6,12.8,0.37735849056603776,0.2958579881656805,0.3861003861003861,0.3562281533447,0.2792913036578269,0.36448054299747296,1.3479757636919267,1.3727329326502458,-0.008252389652772973,0.2792913036578269,0.9773584905660377,1.2754716981132075,1.305019305019305,A,25,10,0
2025_26,2025-12-27,Liverpool,Wolves,2,1,H,2,0,H,14,9,4,4,6,4,5,13,0,1,0,0,1.24,6.31,11.25,1633.4933052056547,1324.172576829059,309.32072837659575,Liverpool,2,1,14,9,2.0,1.0,8.0,15.0,2.0,1.0,14.8,11.4,Wolves,1,2,9,14,0.0,2.0,9.0,7.0,0.4,2.0,6.8,15.2,0.8064516129032259,0.1584786053882726,0.08888888888888889,0.7652656963688756,0.1503850179869106,0.08434928564421385,2.4461821070935375,0.40343287491955215,0.6809164107246618,0.1503850179869106,9.07258064516129,5.088709677419355,0.5608888888888889,H,15,26,2
2025_26,2025-12-27,Chelsea,Aston Villa,1,2,A,1,0,H,14,11,3,8,6,7,16,8,5,3,0,0,1.84,3.82,3.97,1601.6380567681958,1668.1209137029412,-66.48285693474531,Chelsea,1,2,14,11,2.0,2.0,13.0,11.0,1.2,1.2,13.2,12.0,Aston Villa,2,1,11,14,2.0,1.0,12.0,15.0,2.4,1.4,12.8,13.0,0.5434782608695652,0.2617801047120419,0.2518891687657431,0.5140987830095937,0.2476287331773959,0.23827248381301067,1.7899250822061767,0.9624461846164278,0.27582629919658297,0.2476287331773959,2.157608695652174,2.076086956521739,0.9622166246851385,A,6,1,0
2025_26,2025-12-27,Brentford,Bournemouth,4,1,H,2,0,H,15,20,7,10,2,15,9,8,2,2,0,0,2.25,3.57,2.98,1518.2834884085817,1506.4884205615276,11.795067847054042,Brentford,4,1,15,20,2.0,0.0,7.0,9.0,1.2,1.2,7.6,12.6,Bournemouth,1,4,20,15,1.0,1.0,16.0,4.0,1.4,1.8,13.2,13.0,0.4444444444444444,0.2801120448179272,0.33557046979865773,0.4192369985931644,0.2642249991133389,0.31653800229349666,1.5219359948928322,1.2138390059938289,0.10269899629966772,0.2642249991133389,1.3244444444444445,1.5866666666666667,1.197986577181208,H,3,2,2
2025_26,2025-12-27,Arsenal,Brighton,2,1,H,1,0,H,24,8,6,3,7,2,7,13,2,3,0,0,1.41,4.73,7.34,1711.9822317694864,1552.6184821445574,159.36374962492891,Arsenal,2,1,24,8,1.0,0.0,13.0,5.0,1.4,0.8,13.4,8.0,Brighton,1,2,8,24,0.0,0.0,16.0,14.0,1.2,1.4,17.0,15.8,0.7092198581560284,0.2114164904862579,0.1362397820163488,0.6710529621991268,0.2000390436999511,0.12890799410092219,2.2131979302973313,0.5867630260027177,0.5421449680982047,0.2000390436999511,5.205673758865249,3.3546099290780145,0.6444141689373297,H,0,4,2
2025_26,2025-12-27,Burnley,Everton,0,0,D,0,0,D,16,15,0,6,6,5,8,8,0,2,0,0,4.03,3.33,1.96,1372.9260543974203,1528.7534011073997,-155.82734670997934,Burnley,0,0,16,15,1.0,1.0,4.0,16.0,1.0,2.0,9.2,11.2,Everton,0,0,15,16,0.0,1.0,5.0,13.0,1.0,1.4,10.0,11.0,0.24813895781637715,0.3003003003003003,0.5102040816326531,0.2343933490151012,0.2836652241834408,0.4819414268014581,0.9868452712287443,1.729489504587815,-0.24754807778635687,0.2836652241834408,0.48635235732009924,0.8263027295285359,1.6989795918367347,D,5,9,1
2025_26,2025-12-27,Nott'm Forest,Man City,1,2,A,0,0,D,7,16,2,5,5,5,5,13,1,2,0,0,5.21,4.24,1.59,1486.661543034882,1689.0797661764161,-202.4182231415341,Nott'm Forest,1,2,7,16,0.0,1.0,12.0,11.0,0.8,1.2,12.6,10.0,Man City,2,1,16,7,3.0,0.0,17.0,7.0,3.4,1.2,14.2,10.4,0.19193857965451055,0.23584905660377356,0.6289308176100629,0.1816364415250607,0.22319006140225617,0.5951734970726832,0.7680993859774383,2.0087105526203057,-0.4135370555476225,0.22319006140225617,0.3051823416506718,0.8138195777351248,2.6666666666666665,A,20,17,0
2025_26,2025-12-28,Sunderland,Leeds,1,1,D,1,0,H,8,17,3,6,3,9,7,9,1,0,0,0,2.56,3.18,2.8,1556.7216646311533,1460.0722210915635,96.64944353958981,Sunderland,1,1,8,17,0.0,0.0,14.0,16.0,1.0,1.2,9.6,16.2,Leeds,1,1,17,8,4.0,1.0,20.0,9.0,2.6,1.8,15.2,12.8,0.390625,0.31446540880503143,0.35714285714285715,0.3677393775193286,0.2960417630344281,0.3362188594462433,1.399259895592414,1.304698341373158,0.03152051807308531,0.2960417630344281,1.09375,1.2421875,1.135714285714286,D,23,13,1
2025_26,2025-12-28,Crystal Palace,Tottenham,0,1,A,0,1,A,15,8,2,4,3,2,7,5,3,2,0,0,2.25,3.33,3.19,1553.6192094099877,1458.0976868381197,95.52152257186799,Crystal Palace,0,1,15,8,1.0,4.0,9.0,20.0,1.0,2.0,10.6,12.8,Tottenham,1,0,8,15,1.0,2.0,15.0,8.0,1.2,1.8,11.6,10.6,0.4444444444444444,0.3003003003003003,0.31347962382445144,0.4199907483186848,0.28377753264776007,0.29623171903355516,1.5437497776038145,1.1724726897484254,0.12375902928512966,0.28377753264776007,1.4177777777777778,1.48,1.0438871473354232,A,8,24,0
2025_26,2025-12-30,Burnley,Newcastle,1,3,A,1,2,A,15,20,4,9,3,4,9,3,2,1,0,0,5.5,4.11,1.59,1376.5579398862556,1541.028023982294,-164.47008409603836,Burnley,1,3,15,20,0.0,0.0,16.0,15.0,0.8,1.4,11.2,11.4,Newcastle,3,1,20,15,0.0,1.0,16.0,10.0,1.2,1.4,13.8,9.0,0.18181818181818182,0.24330900243309,0.6289308176100629,0.17249352644457294,0.23083075314967177,0.5966757204057553,0.7483113324833905,2.0208579143669376,-0.4241821939611824,0.23083075314967177,0.2890909090909091,0.7472727272727273,2.5849056603773586,A,5,19,0
2025_26,2025-12-30,Chelsea,Bournemouth,2,2,D,2,2,D,17,17,3,6,12,3,5,12,1,1,0,0,1.51,4.56,5.81,1586.4862146826451,1494.9559700131397,91.53024466950546,Chelsea,2,2,17,17,1.0,2.0,14.0,11.0,1.2,1.4,13.8,12.6,Bournemouth,2,2,17,17,1.0,4.0,20.0,15.0,1.2,2.0,13.6,13.6,0.6622516556291391,0.2192982456140351,0.17211703958691912,0.6285208636302171,0.20812861931614643,0.16335051705363646,2.0936912102067975,0.6981801704770558,0.46517034657658063,0.20812861931614643,3.847682119205298,3.019867549668874,0.7848537005163511,D,6,2,1
2025_26,2025-12-30,Nott'm Forest,Everton,0,2,A,0,1,A,21,11,6,3,9,2,11,9,1,0,0,0,2.12,3.21,3.7,1477.116872812929,1525.1215156185644,-48.00464280563551,Nott'm Forest,0,2,21,11,1.0,2.0,7.0,16.0,1.0,1.2,10.2,9.8,Everton,2,0,11,21,0.0,0.0,15.0,16.0,0.8,0.6,11.0,11.6,0.4716981132075471,0.3115264797507788,0.27027027027027023,0.44774600206588205,0.29570763999366667,0.25654635794045133,1.6389456461913128,1.0653467138150208,0.19119964412543072,0.29570763999366667,1.7452830188679245,1.5141509433962264,0.8675675675675675,A,20,9,0
2025_26,2025-12-30,West Ham,Brighton,2,2,D,2,1,H,10,16,4,6,5,5,11,18,3,5,0,0,3.41,3.67,2.04,1419.4450019258902,1546.2955497290995,-126.85054780320934,West Ham,2,2,10,16,0.0,1.0,11.0,15.0,0.8,1.8,10.6,15.6,Brighton,2,2,16,10,1.0,2.0,8.0,24.0,1.0,1.8,15.2,16.8,0.29325513196480935,0.2724795640326976,0.49019607843137253,0.27772192937877205,0.2580468063165158,0.4642312643047121,1.091212594452832,1.650740599230652,-0.18650933492594007,0.2580468063165158,0.5982404692082112,1.0762463343108504,1.799019607843137,D,25,4,1
2025_26,2025-12-30,Arsenal,Aston Villa,4,1,H,0,0,D,22,11,7,3,3,3,18,9,2,3,0,0,1.43,4.68,7.02,1718.3051641849443,1683.2727557884918,35.03240839645241,Arsenal,4,1,22,11,2.0,1.0,24.0,8.0,1.6,0.8,16.6,7.4,Aston Villa,1,4,11,22,2.0,1.0,11.0,14.0,2.6,1.6,11.8,14.0,0.6993006993006994,0.2136752136752137,0.14245014245014245,0.6625766871165645,0.20245398773006135,0.13496932515337423,2.190184049079755,0.6073619631901841,0.5276073619631902,0.20245398773006135,4.909090909090909,3.2727272727272725,0.6666666666666666,H,0,1,2
2025_26,2025-12-30,Man United,Wolves,1,1,D,1,1,D,15,11,6,4,8,4,9,12,0,2,0,0,1.37,5.06,8.09,1540.4712049150633,1321.1354410769065,219.3357638381567,Man United,1,1,15,11,1.0,0.0,10.0,16.0,2.2,1.6,18.8,12.2,Wolves,1,1,11,15,1.0,2.0,9.0,14.0,0.6,2.2,6.8,14.8,0.7299270072992701,0.19762845849802374,0.12360939431396786,0.6943982195352404,0.18800900410341492,0.1175927763613448,2.2712036627091363,0.5407873331874493,0.5768054431738956,0.18800900410341492,5.905109489051094,3.693430656934306,0.6254635352286774,D,18,26,1
2025_26,2026-01-01,Sunderland,Man City,0,0,D,0,0,D,10,14,4,4,3,5,9,6,1,1,0,0,7.81,4.82,1.39,1550.0321477225848,1698.6244363983692,-148.5922886757844,Sunderland,0,0,10,14,1.0,1.0,8.0,17.0,0.6,1.0,8.8,16.0,Man City,0,0,14,10,2.0,1.0,16.0,7.0,3.2,1.0,13.8,10.0,0.12804097311139565,0.20746887966804978,0.7194244604316548,0.12137340828515993,0.19666521135002052,0.6819613803648196,0.5607854362055003,2.2425493524444793,-0.5605879720796596,0.19666521135002052,0.17797695262483995,0.6171574903969271,3.467625899280576,D,23,17,1
2025_26,2026-01-01,Brentford,Tottenham,0,0,D,0,0,D,7,9,2,3,3,1,8,10,1,2,0,0,2.11,3.49,3.35,1529.8159389569696,1479.7481361261946,50.06780283077501,Brentford,0,0,7,9,4.0,1.0,15.0,20.0,1.4,1.2,7.8,15.4,Tottenham,0,0,9,7,1.0,0.0,8.0,15.0,1.2,1.4,10.4,12.2,0.47393364928909953,0.28653295128939826,0.29850746268656714,0.4475403749057377,0.2705759859745291,0.2818836391197333,1.6131971106917424,1.116226903333729,0.16565673578600443,0.2705759859745291,1.5876777251184835,1.6540284360189574,1.0417910447761194,D,3,24,1
2025_26,2026-01-01,Liverpool,Leeds,0,0,D,0,0,D,19,4,4,2,8,3,10,8,0,2,0,0,1.53,4.41,5.83,1636.530440957807,1466.761738000132,169.76870295767503,Liverpool,0,0,19,4,2.0,1.0,14.0,9.0,2.0,1.2,15.8,11.8,Leeds,0,0,4,19,1.0,1.0,17.0,8.0,2.4,1.4,16.8,10.8,0.6535947712418301,0.22675736961451246,0.17152658662092624,0.6213594344752583,0.215573681348559,0.1630668841761827,2.0796519847743338,0.7047743338771071,0.4582925502990756,0.215573681348559,3.810457516339869,2.8823529411764706,0.7564322469982847,D,15,13,1
2025_26,2026-01-01,Crystal Palace,Fulham,1,1,D,1,0,H,11,17,2,5,6,3,7,10,0,5,0,0,2.17,3.34,3.4,1531.9687601219127,1523.946596565697,8.022163556215673,Crystal Palace,1,1,11,17,0.0,1.0,15.0,8.0,0.8,1.8,10.8,11.6,Fulham,1,1,17,11,1.0,0.0,15.0,11.0,2.0,1.8,11.2,12.2,0.4608294930875576,0.29940119760479045,0.29411764705882354,0.4370751833976091,0.28396800837509334,0.27895680822729757,1.5951935585679204,1.120838433056986,0.15811837517031152,0.28396800837509334,1.566820276497696,1.5391705069124424,0.9823529411764705,D,8,10,1
2025_26,2026-01-03,Aston Villa,Nott'm Forest,3,1,H,1,0,H,11,10,4,5,4,4,10,20,1,2,0,0,1.76,3.74,4.54,1672.6740998107239,1461.1685235227294,211.50557628799447,Aston Villa,3,1,11,10,1.0,4.0,11.0,22.0,2.0,1.8,11.2,15.2,Nott'm Forest,1,3,10,11,0.0,2.0,21.0,11.0,0.8,1.6,12.4,11.0,0.5681818181818182,0.267379679144385,0.22026431718061673,0.5381397294659044,0.25324222563101373,0.20861804490308183,1.8676614140287269,0.8790963603402592,0.32952168456282255,0.25324222563101373,2.5795454545454546,2.125,0.8237885462555067,H,1,20,2
2025_26,2026-01-03,Brighton,Burnley,2,0,H,1,0,H,15,5,4,3,4,4,7,17,0,4,0,0,1.49,4.35,6.56,1543.8627875881957,1365.5389126624113,178.32387492578437,Brighton,2,0,15,5,2.0,2.0,16.0,10.0,0.8,1.4,15.2,16.0,Burnley,0,2,5,15,1.0,3.0,15.0,20.0,1.0,1.8,12.0,14.8,0.6711409395973155,0.2298850574712644,0.1524390243902439,0.6370794719580996,0.21821802602702722,0.14470250201487322,2.1294564419013255,0.6523255320716469,0.49237696994322633,0.21821802602702722,4.402684563758389,2.919463087248322,0.663109756097561,H,4,5,2
2025_26,2026-01-03,Wolves,West Ham,3,0,H,3,0,H,11,6,8,0,6,7,11,10,1,0,0,0,2.48,3.37,2.82,1331.364891802971,1421.877764066794,-90.51287226382306,Wolves,3,0,11,6,1.0,1.0,11.0,15.0,0.8,2.2,8.0,15.8,West Ham,0,3,6,11,2.0,2.0,10.0,16.0,1.0,2.0,10.4,15.4,0.40322580645161293,0.29673590504451036,0.3546099290780142,0.38235980462369146,0.28138050904058,0.3362596863357286,1.4284599229116544,1.2901595680477658,0.046100118287962843,0.28138050904058,1.1370967741935483,1.3588709677419355,1.195035460992908,H,26,25,2
2025_26,2026-01-03,Bournemouth,Arsenal,2,3,A,1,1,D,15,12,3,5,7,5,13,8,3,1,0,0,6.13,4.57,1.48,1501.4672719756927,1728.9038201627122,-227.43654818701953,Bournemouth,2,3,15,12,2.0,2.0,17.0,17.0,1.6,2.2,16.0,14.4,Arsenal,3,2,12,15,4.0,1.0,22.0,11.0,2.0,1.0,18.0,8.4,0.1631321370309951,0.2188183807439825,0.6756756756756757,0.1542436619300754,0.20689576534603116,0.6388605727238934,0.6696267511362574,2.1234774835177115,-0.48461691079381797,0.20689576534603116,0.24143556280587275,0.7455138662316477,3.087837837837838,A,2,0,0
2025_26,2026-01-04,Fulham,Liverpool,2,2,D,1,0,H,8,10,2,2,3,8,11,4,1,1,0,0,3.74,3.68,1.92,1527.2595794409979,1627.5596529437116,-100.30007350271376,Fulham,2,2,8,10,1.0,1.0,17.0,11.0,1.4,1.0,12.2,12.2,Liverpool,2,2,10,8,0.0,0.0,19.0,4.0,1.8,1.0,15.0,10.8,0.267379679144385,0.2717391304347826,0.5208333333333334,0.2522563692448303,0.25636924483034385,0.4913743859248258,1.0131383525648348,1.7304924026048212,-0.2391180166799955,0.25636924483034385,0.5133689839572192,0.9839572192513368,1.9166666666666667,D,10,15,1
2025_26,2026-01-04,Tottenham,Sunderland,1,1,D,1,0,H,13,10,5,3,3,5,10,6,2,3,0,0,1.8,3.65,4.37,1484.734922779189,1553.3685356507444,-68.63361287155544,Tottenham,1,1,13,10,0.0,0.0,9.0,7.0,0.8,1.0,10.6,9.8,Sunderland,1,1,10,13,0.0,0.0,10.0,14.0,0.4,0.8,9.0,14.2,0.5555555555555556,0.273972602739726,0.22883295194508008,0.524920606190249,0.25886495647738306,0.216214437332368,1.8336267750481303,0.9075082684744871,0.30870616885788105,0.25886495647738306,2.4277777777777776,2.0277777777777777,0.8352402745995423,D,24,23,1
2025_26,2026-01-04,Man City,Chelsea,1,1,D,1,0,H,14,8,3,3,8,2,12,14,3,3,0,0,1.63,4.39,4.66,1695.2880484702096,1579.974912720092,115.31313575011745,Man City,1,1,14,8,0.0,0.0,14.0,10.0,2.2,0.2,14.4,9.6,Chelsea,1,1,8,14,2.0,2.0,17.0,17.0,1.4,1.2,14.4,12.6,0.6134969325153374,0.22779043280182235,0.2145922746781116,0.5810292284053179,0.2157352260365987,0.20323554555808332,1.9588229112525526,0.8254418627108486,0.3777936828472346,0.2157352260365987,2.8588957055214728,2.6932515337423313,0.9420600858369098,D,17,6,1
2025_26,2026-01-04,Everton,Brentford,2,4,A,0,1,A,14,11,6,7,4,5,9,8,0,2,0,0,2.36,3.19,3.1,1541.069864908764,1524.8291523039752,16.24071260478877,Everton,2,4,14,11,2.0,0.0,11.0,21.0,1.0,0.6,10.6,14.8,Brentford,4,2,11,14,0.0,0.0,7.0,9.0,1.4,0.8,8.0,14.2,0.42372881355932207,0.31347962382445144,0.3225806451612903,0.39982372015169776,0.2957943509586228,0.3043819288896795,1.4952655114137159,1.2089401376276614,0.09544179126201824,0.2957943509586228,1.3135593220338984,1.3516949152542372,1.0290322580645161,A,9,3,0
2025_26,2026-01-04,Leeds,Man United,1,1,D,0,0,D,11,15,3,2,6,4,9,9,0,1,0,0,2.68,3.44,2.56,1475.7325260142275,1530.2417541889988,-54.50922817477135,Leeds,1,1,11,15,0.0,0.0,4.0,19.0,1.8,1.2,14.2,11.8,Man United,1,1,15,11,1.0,1.0,15.0,11.0,2.2,1.6,18.4,12.2,0.3731343283582089,0.29069767441860467,0.390625,0.3538639578243538,0.2756847113282757,0.3704513308473704,1.337276584801337,1.3870387038703869,-0.016587373023016605,0.2756847113282757,0.9552238805970149,1.2835820895522387,1.34375,D,13,18,1
2025_26,2026-01-04,Newcastle,Crystal Palace,2,0,H,0,0,D,12,11,7,1,8,6,5,12,1,3,0,0,1.67,3.92,4.89,1552.0470512061381,1528.655777246612,23.39127395952619,Newcastle,2,0,12,11,3.0,1.0,20.0,15.0,1.4,1.2,14.0,10.4,Crystal Palace,0,2,11,12,1.0,1.0,11.0,17.0,0.8,2.0,12.4,12.8,0.5988023952095809,0.25510204081632654,0.20449897750511248,0.5657600755574577,0.2410253383114679,0.19321458613107448,1.938305564983841,0.8206690967046913,0.3725454894263832,0.2410253383114679,2.92814371257485,2.3473053892215567,0.801635991820041,H,19,8,2
2025_26,2026-01-06,West Ham,Nott'm Forest,1,2,A,1,0,H,14,13,3,5,6,5,15,9,3,0,0,0,3.1,3.33,2.3,1405.9931797750414,1456.2143479740744,-50.221168199032945,West Ham,1,2,14,13,0.0,3.0,6.0,11.0,0.8,2.4,8.8,13.2,Nott'm Forest,2,1,13,14,1.0,3.0,10.0,11.0,1.0,1.6,13.0,11.0,0.3225806451612903,0.3003003003003003,0.4347826086956522,0.30499362854412226,0.2839280025485823,0.41107836890729527,1.198908888180949,1.5171631092704683,-0.106084740363173,0.2839280025485823,0.7419354838709676,1.0741935483870968,1.4478260869565218,A,25,20,0
2025_26,2026-01-07,Newcastle,Leeds,4,3,H,1,2,A,18,14,8,6,8,4,11,10,3,2,0,0,1.67,3.87,5.02,1563.109409341685,1475.064178447644,88.04523089404097,Newcastle,4,3,18,14,2.0,0.0,12.0,11.0,1.4,1.0,13.0,10.8,Leeds,3,4,14,18,1.0,1.0,11.0,15.0,1.4,0.8,14.0,11.6,0.5988023952095809,0.25839793281653745,0.19920318725099603,0.5668311270741123,0.24460154579167115,0.18856732713421664,1.9450949270140083,0.8103035271943211,0.3782637999398957,0.24460154579167115,3.0059880239520957,2.317365269461078,0.7709163346613547,H,19,13,2
2025_26,2026-01-07,Bournemouth,Tottenham,3,2,H,2,1,H,11,16,3,4,3,7,19,10,3,3,0,0,2.11,3.62,3.27,1492.8344073442204,1484.6759314089506,8.158475935269735,Bournemouth,3,2,11,16,2.0,3.0,15.0,12.0,2.0,2.8,16.4,14.6,Tottenham,2,3,16,11,1.0,1.0,13.0,10.0,0.6,1.2,10.2,11.0,0.47393364928909953,0.27624309392265195,0.3058103975535168,0.4488062695021478,0.261597024488821,0.28959670600903115,1.6080158329952645,1.1303871425159144,0.15920956349311666,0.261597024488821,1.5497630331753556,1.7156398104265405,1.107033639143731,H,2,24,2
2025_26,2026-01-07,Brentford,Sunderland,3,0,H,1,0,H,18,11,6,3,7,4,13,13,2,1,0,0,1.83,3.56,4.36,1543.4778331419172,1553.4275270209828,-9.949693879065535,Brentford,3,0,18,11,4.0,2.0,11.0,14.0,2.2,0.8,9.4,14.0,Sunderland,0,3,11,18,1.0,1.0,10.0,13.0,0.6,0.4,9.4,13.2,0.5464480874316939,0.2808988764044944,0.2293577981651376,0.5171246568405341,0.2658253151736454,0.21705002798582052,1.8171992856952477,0.9169753991311069,0.3000746288547136,0.2658253151736454,2.3825136612021858,1.9453551912568305,0.8165137614678899,H,3,23,2
2025_26,2026-01-07,Crystal Palace,Aston Villa,0,0,D,0,0,D,11,15,5,3,3,5,8,3,2,0,0,0,3.08,3.36,2.31,1517.593419111065,1677.628275359379,-160.03485624831387,Crystal Palace,0,0,11,15,0.0,2.0,11.0,12.0,0.4,2.2,12.4,12.8,Aston Villa,0,0,15,11,3.0,1.0,11.0,10.0,2.2,1.8,10.4,14.2,0.3246753246753247,0.2976190476190476,0.4329004329004329,0.30769230769230765,0.28205128205128205,0.41025641025641024,1.2051282051282048,1.5128205128205128,-0.10256410256410259,0.28205128205128205,0.75,1.0909090909090908,1.4545454545454544,D,8,1,1
2025_26,2026-01-07,Everton,Wolves,1,1,D,1,0,H,13,13,2,4,2,7,13,15,1,3,2,0,1.76,3.55,4.85,1522.421184070822,1347.2494760947236,175.17170797609833,Everton,1,1,13,13,2.0,4.0,14.0,11.0,0.8,1.4,11.2,15.6,Wolves,1,1,13,13,3.0,0.0,11.0,6.0,1.2,1.4,8.6,11.6,0.5681818181818182,0.28169014084507044,0.2061855670103093,0.538021655234911,0.26673749667984314,0.19524084808524603,1.880802462384576,0.8524600409355813,0.34278080714966497,0.26673749667984314,2.755681818181818,2.0170454545454546,0.731958762886598,D,9,26,1
2025_26,2026-01-07,Fulham,Chelsea,2,1,H,0,0,D,16,14,5,6,2,11,11,6,3,3,0,1,3.38,3.59,2.07,1528.5644323431234,1587.2942531404844,-58.72982079736107,Fulham,2,1,16,14,2.0,2.0,8.0,10.0,1.6,1.0,11.4,12.0,Chelsea,1,2,14,16,1.0,1.0,8.0,14.0,1.6,1.4,13.8,12.8,0.2958579881656805,0.2785515320334262,0.48309178743961356,0.27977080125441894,0.26340537833981503,0.4568238204057662,1.1027177821030718,1.6338768395571135,-0.17705301915134725,0.26340537833981503,0.6124260355029586,1.0621301775147929,1.7342995169082127,H,10,6,2
2025_26,2026-01-07,Man City,Brighton,1,1,D,1,0,H,22,6,6,3,6,2,6,16,1,6,0,0,1.37,5.23,7.27,1687.9687080498172,1549.6582393346166,138.3104687152006,Man City,1,1,22,6,1.0,1.0,14.0,8.0,1.8,0.4,13.6,9.6,Brighton,1,1,6,22,2.0,0.0,15.0,5.0,1.0,1.2,13.8,14.2,0.7299270072992701,0.19120458891013384,0.13755158184319122,0.6894668985313824,0.18060605181414796,0.1299270496544696,2.2490067474082953,0.5703872007775568,0.5595398488769128,0.18060605181414796,5.306569343065693,3.8175182481751824,0.7193947730398901,D,17,4,1
2025_26,2026-01-07,Burnley,Man United,2,2,D,1,0,H,7,30,1,10,2,6,9,8,2,0,0,0,4.68,3.95,1.7,1359.7434609159905,1530.9101017555822,-171.16664083959176,Burnley,2,2,7,30,0.0,2.0,5.0,15.0,0.8,1.8,11.2,14.4,Man United,2,2,30,7,1.0,1.0,15.0,11.0,1.6,1.6,16.0,12.8,0.2136752136752137,0.2531645569620253,0.5882352941176471,0.2025213378773713,0.23994933196610063,0.5575293301565281,0.8475133455982145,1.9125373224356848,-0.35500799227915675,0.23994933196610063,0.36324786324786323,0.8440170940170941,2.323529411764706,D,5,18,1
2025_26,2026-01-08,Arsenal,Liverpool,0,0,D,0,0,D,9,8,4,0,3,0,10,9,2,2,0,0,1.6,4.11,5.25,1737.5366847941846,1626.2548000415861,111.28188475259844,Arsenal,0,0,9,8,3.0,2.0,12.0,15.0,2.4,1.0,17.4,8.4,Liverpool,0,0,8,9,2.0,2.0,10.0,8.0,1.6,0.8,13.8,10.0,0.625,0.24330900243309,0.19047619047619047,0.5902991505601379,0.2298001559358201,0.17990069350404203,2.000697607616234,0.7695022364479462,0.4103984570560959,0.2298001559358201,3.28125,2.56875,0.7828571428571429,D,0,15,1
2025_26,2026-01-17,Sunderland,Crystal Palace,2,1,H,1,1,D,13,6,7,2,3,4,8,15,3,3,0,0,2.69,3.15,2.74,1540.9945957124821,1521.3957997621292,19.59879595035295,Sunderland,2,1,13,6,0.0,3.0,11.0,18.0,0.4,1.0,10.6,15.6,Crystal Palace,1,2,6,13,0.0,0.0,11.0,15.0,0.4,1.6,11.4,14.4,0.3717472118959108,0.31746031746031744,0.36496350364963503,0.35264411585652355,0.3011468798901741,0.3462090042533023,1.3590792274597447,1.339773892650081,0.006435111603221244,0.3011468798901741,1.0185873605947957,1.1710037174721188,1.1496350364963503,H,23,8,2
2025_26,2026-01-17,Nott'm Forest,Arsenal,0,0,D,0,0,D,6,15,0,3,4,9,8,14,1,1,0,0,6.1,4.16,1.54,1472.0673475163348,1730.350696634951,-258.2833491186161,Nott'm Forest,0,0,6,15,2.0,1.0,13.0,14.0,0.8,1.8,12.6,12.6,Arsenal,0,0,15,6,0.0,0.0,9.0,8.0,2.0,0.8,16.0,9.4,0.1639344262295082,0.24038461538461536,0.6493506493506493,0.15558426671588582,0.22814039109781328,0.6162753421863009,0.6948931912454708,2.076966417656716,-0.46069107547041505,0.22814039109781328,0.25245901639344265,0.6819672131147542,2.7012987012987013,D,20,0,1
2025_26,2026-01-17,Leeds,Fulham,1,0,H,0,0,D,14,8,5,1,7,3,6,11,1,5,0,0,2.17,3.33,3.41,1466.452841799614,1543.0780301851378,-76.62518838552387,Leeds,1,0,14,8,3.0,4.0,14.0,18.0,1.8,1.4,13.2,13.8,Fulham,0,1,8,14,2.0,1.0,16.0,14.0,1.4,0.8,13.4,11.6,0.4608294930875576,0.3003003003003003,0.29325513196480935,0.4370600167044506,0.2848108817563537,0.2781291015391958,1.5959909318697056,1.119198186373941,0.15893091516525482,0.2848108817563537,1.5714285714285716,1.534562211981567,0.9765395894428153,H,13,10,2
2025_26,2026-01-17,Liverpool,Burnley,1,1,D,1,0,H,32,7,11,1,9,1,8,10,1,2,0,0,1.22,6.4,12.44,1633.4407882008197,1363.991782537105,269.4490056637146,Liverpool,1,1,32,7,0.0,0.0,8.0,9.0,1.2,0.8,11.8,9.0,Burnley,1,1,7,32,2.0,2.0,7.0,30.0,0.8,1.6,9.4,19.2,0.819672131147541,0.15625,0.08038585209003216,0.7759783549446008,0.1479208739113145,0.07610077114408464,2.475855938745117,0.3762231873435684,0.6998775838005161,0.1479208739113145,10.19672131147541,5.245901639344263,0.5144694533762059,D,15,5,1
2025_26,2026-01-17,Chelsea,Brentford,2,0,H,1,0,H,6,15,2,5,3,9,7,10,3,2,0,0,1.69,3.97,4.75,1572.78065529847,1555.910764450418,16.869890848052137,Chelsea,2,0,6,15,1.0,2.0,14.0,16.0,1.4,1.8,13.2,13.8,Brentford,0,2,15,6,3.0,0.0,18.0,11.0,2.6,0.6,11.6,12.6,0.591715976331361,0.2518891687657431,0.21052631578947367,0.5613303447311002,0.23895422735404517,0.19971542791485458,1.922945261547346,0.838100511098609,0.36161491681624564,0.23895422735404517,2.8106508875739644,2.349112426035503,0.8357894736842105,H,6,3,2
2025_26,2026-01-17,Tottenham,West Ham,1,2,A,0,1,A,21,17,6,4,11,5,12,17,5,3,0,0,1.71,3.91,4.63,1472.994511793965,1390.140180232781,82.85433156118415,Tottenham,1,2,21,17,2.0,3.0,16.0,11.0,1.0,1.2,12.2,10.2,West Ham,2,1,17,21,1.0,2.0,14.0,13.0,0.6,2.2,9.6,14.4,0.5847953216374269,0.2557544757033248,0.2159827213822894,0.5535043278594295,0.2420696676827684,0.20442600445780224,1.9025826512610569,0.8553476810561751,0.34907832340162726,0.2420696676827684,2.7076023391812867,2.2865497076023393,0.8444924406047517,A,24,25,0
2025_26,2026-01-17,Man United,Man City,2,0,H,0,0,D,11,7,7,1,1,6,13,8,2,3,0,0,3.55,3.87,1.94,1526.6617801344676,1679.9176009326702,-153.25582079820265,Man United,2,0,11,7,2.0,2.0,30.0,7.0,1.2,1.2,17.0,11.4,Man City,0,2,7,11,1.0,1.0,22.0,6.0,1.4,0.6,16.6,7.6,0.28169014084507044,0.25839793281653745,0.5154639175257733,0.26686524510100135,0.24479886824510455,0.48833588665389427,1.0453946035481085,1.7098065282067874,-0.22147064155289292,0.24479886824510455,0.5464788732394367,1.0901408450704226,1.9948453608247423,H,18,17,2
2025_26,2026-01-18,Wolves,Newcastle,0,0,D,0,0,D,6,12,2,2,4,7,14,8,2,2,0,0,4.6,3.98,1.7,1356.368706369455,1571.7207459897152,-215.35203962026026,Wolves,0,0,6,12,1.0,1.0,13.0,13.0,1.2,1.2,10.6,11.0,Newcastle,0,0,12,6,4.0,3.0,18.0,14.0,2.2,1.4,15.4,12.6,0.2173913043478261,0.25125628140703515,0.5882352941176471,0.20569100747856756,0.23773332522648505,0.5565756672949475,0.8548063476621877,1.9074603271113275,-0.3508846598163799,0.23773332522648505,0.3695652173913044,0.8652173913043479,2.3411764705882354,D,26,19,1
2025_26,2026-01-18,Aston Villa,Everton,0,1,A,0,0,D,18,9,5,3,6,4,15,13,1,2,0,0,1.66,3.87,5.09,1673.8258947083148,1513.3019537960906,160.52394091222413,Aston Villa,0,1,18,9,0.0,0.0,15.0,11.0,1.6,1.4,12.0,14.4,Everton,1,0,9,18,1.0,1.0,13.0,13.0,1.0,1.2,11.6,14.8,0.6024096385542169,0.25839793281653745,0.19646365422396858,0.5697777674932532,0.24440079949323001,0.18582143301351675,1.9537341019729895,0.8018650985337803,0.3839563344797364,0.24440079949323001,3.066265060240964,2.3313253012048194,0.7603143418467584,A,1,9,0
2025_26,2026-01-19,Brighton,Bournemouth,1,1,D,0,1,A,17,11,5,2,11,6,7,6,2,3,0,0,1.85,3.92,3.75,1557.7093464517636,1504.515826959206,53.1935194925577,Brighton,1,1,17,11,1.0,1.0,6.0,22.0,1.2,1.0,12.2,15.0,Bournemouth,1,1,11,17,3.0,2.0,11.0,16.0,1.8,2.4,15.8,12.8,0.5405405405405405,0.25510204081632654,0.26666666666666666,0.5088353900205956,0.2401391509025771,0.2510254590768272,1.766645320964364,0.9932155281330587,0.2578099309437684,0.2401391509025771,2.0270270270270268,2.1189189189189186,1.0453333333333332,D,4,2,1
2025_26,2026-01-24,West Ham,Sunderland,3,1,H,3,0,H,13,7,5,2,3,3,9,16,2,4,0,0,2.51,3.24,2.85,1411.3442268149072,1552.2098371547347,-140.86561033982753,West Ham,3,1,13,7,2.0,1.0,17.0,21.0,1.0,1.8,11.6,15.2,Sunderland,1,3,7,13,2.0,1.0,13.0,6.0,0.8,1.2,10.4,13.6,0.39840637450199207,0.30864197530864196,0.3508771929824561,0.37659207419279855,0.2917426253777544,0.33166530042944714,1.42151884795615,1.2867385266660958,0.04492677376335141,0.2917426253777544,1.1354581673306774,1.2908366533864544,1.1368421052631579,H,25,23,2
2025_26,2026-01-24,Burnley,Tottenham,2,2,D,1,1,D,9,18,4,11,1,3,8,9,1,0,0,0,3.64,3.39,2.05,1375.2683302609512,1451.7904652118389,-76.52213495088768,Burnley,2,2,9,18,1.0,1.0,7.0,32.0,0.8,1.6,10.0,22.4,Tottenham,2,2,18,9,1.0,2.0,21.0,17.0,1.0,1.2,13.4,12.0,0.2747252747252747,0.2949852507374631,0.48780487804878053,0.25978370982875465,0.27894180052409057,0.46127448964715473,1.0582929300103545,1.6627652694655546,-0.20149077981840008,0.27894180052409057,0.5631868131868131,0.9313186813186813,1.653658536585366,D,5,24,1
2025_26,2026-01-24,Fulham,Brighton,2,1,H,0,1,A,12,13,4,5,6,6,10,6,1,1,0,0,2.54,3.42,2.71,1527.792032473858,1552.6028880015203,-24.810855527662397,Fulham,2,1,12,13,0.0,1.0,8.0,14.0,1.2,1.0,12.8,12.0,Brighton,1,2,13,12,1.0,1.0,17.0,11.0,1.4,1.2,12.4,14.4,0.39370078740157477,0.29239766081871343,0.36900369003690037,0.37313997681010047,0.2771273511981448,0.34973267199175473,1.3965472816284463,1.3263253671734092,0.023407304818345742,0.2771273511981448,1.0669291338582676,1.3464566929133859,1.2619926199261993,H,10,4,2
2025_26,2026-01-24,Man City,Wolves,2,0,H,2,0,H,11,11,4,1,4,6,16,14,1,3,0,0,1.21,6.68,12.0,1661.3904142278423,1362.3018846959596,299.0885295318826,Man City,2,0,11,11,0.0,2.0,7.0,11.0,0.8,1.0,14.6,8.4,Wolves,0,2,11,11,0.0,0.0,6.0,12.0,1.2,0.8,10.0,12.0,0.8264462809917356,0.14970059880239522,0.08333333333333333,0.780048811437602,0.1412962667424399,0.07865492181995819,2.481442701055246,0.37726103220231444,0.7013938896176438,0.1412962667424399,9.917355371900827,5.520661157024794,0.5566666666666666,H,17,26,2
2025_26,2026-01-24,Bournemouth,Liverpool,3,2,H,2,1,H,12,14,5,4,3,11,7,7,1,1,0,0,3.73,3.87,1.89,1509.6222854094492,1622.1642404769736,-112.54195506752444,Bournemouth,3,2,12,14,1.0,1.0,11.0,17.0,1.8,2.4,14.8,15.4,Liverpool,2,3,14,12,1.0,1.0,32.0,7.0,1.0,0.8,16.6,7.4,0.2680965147453083,0.25839793281653745,0.5291005291005292,0.25397668677146157,0.2447888996531141,0.5012344135754242,1.0067189599674988,1.7484921403793865,-0.24725772680396263,0.2447888996531141,0.5067024128686327,1.0375335120643432,2.047619047619048,H,2,15,2
2025_26,2026-01-25,Arsenal,Man United,2,3,A,1,1,D,15,10,4,3,9,2,11,9,2,0,0,0,1.55,4.08,5.89,1722.9340627811625,1545.1889668392955,177.74509594186702,Arsenal,2,3,15,10,0.0,0.0,15.0,6.0,1.8,0.8,16.4,9.6,Man United,3,2,10,15,2.0,0.0,11.0,7.0,1.4,0.8,16.2,10.4,0.6451612903225806,0.24509803921568626,0.16977928692699493,0.6086205542906493,0.23121614194865353,0.1601633037606972,2.0570778048206013,0.7117060532307451,0.4484572505299521,0.23121614194865353,3.8,2.632258064516129,0.6926994906621393,A,0,18,0
2025_26,2026-01-25,Newcastle,Aston Villa,0,2,A,0,1,A,15,14,4,8,6,5,7,12,1,2,0,0,1.98,3.66,3.54,1565.7875676632104,1650.115563407127,-84.32799574391652,Newcastle,0,2,15,14,0.0,0.0,12.0,6.0,1.8,1.0,15.6,11.2,Aston Villa,2,0,14,15,0.0,1.0,18.0,9.0,1.2,1.4,13.2,13.2,0.5050505050505051,0.27322404371584696,0.2824858757062147,0.4761211800502712,0.25757375314194997,0.2663050668077788,1.6859372932927637,1.0564889535652864,0.20981611324249239,0.25757375314194997,1.7878787878787878,1.8484848484848486,1.033898305084746,A,19,1,0
2025_26,2026-01-25,Brentford,Nott'm Forest,0,2,A,0,1,A,10,7,1,2,6,5,11,10,1,0,0,0,1.9,3.49,4.02,1544.5849905792186,1479.4839813701233,65.10100920909531,Brentford,0,2,10,7,0.0,2.0,15.0,6.0,2.2,1.0,13.2,12.0,Nott'm Forest,2,0,7,10,0.0,0.0,6.0,15.0,0.8,1.6,11.4,13.4,0.5263157894736842,0.28653295128939826,0.24875621890547267,0.4957736723818678,0.2699054376864037,0.2343208899317286,1.7572264548320071,0.9728681074815895,0.26145278245013925,0.2699054376864037,2.1157894736842104,1.836842105263158,0.8681592039800996,A,3,20,0
2025_26,2026-01-25,Crystal Palace,Chelsea,1,3,A,0,1,A,13,10,7,6,4,5,11,10,2,2,1,0,3.5,3.66,2.0,1510.1805583198766,1584.1064291696694,-73.92587084979277,Crystal Palace,1,3,13,10,1.0,2.0,6.0,13.0,0.4,1.2,10.8,13.0,Chelsea,3,1,10,13,2.0,0.0,6.0,15.0,1.4,1.4,11.8,14.6,0.2857142857142857,0.27322404371584696,0.5,0.2698120162182086,0.25801695539992625,0.4721710283818651,1.067453004054552,1.6745300405455215,-0.20235901216365648,0.25801695539992625,0.5714285714285714,1.0457142857142858,1.83,A,8,6,0
2025_26,2026-01-26,Everton,Leeds,1,1,D,0,1,A,10,14,3,4,4,4,9,13,0,3,0,0,2.48,3.15,2.92,1537.0122850972784,1481.7388395108937,55.273445586384696,Everton,1,1,10,14,1.0,0.0,9.0,18.0,1.2,1.0,12.4,15.8,Leeds,1,1,14,10,1.0,0.0,14.0,8.0,1.2,1.2,12.0,13.6,0.40322580645161293,0.31746031746031744,0.3424657534246575,0.3792739448118887,0.29860297877253456,0.32212307641557664,1.4364248132082007,1.2649722080192645,0.05715086839631206,0.29860297877253456,1.1774193548387097,1.2701612903225805,1.0787671232876712,D,9,13,1
2025_26,2026-01-31,Brighton,Everton,1,1,D,0,0,D,11,7,2,4,5,2,13,14,1,2,0,0,1.86,3.6,4.13,1539.5429326963608,1531.826598345835,7.716334350525813,Brighton,1,1,11,7,1.0,2.0,13.0,12.0,1.4,1.2,13.4,12.0,Everton,1,1,7,11,1.0,1.0,10.0,14.0,1.4,1.2,11.4,15.4,0.5376344086021505,0.2777777777777778,0.24213075060532688,0.5083806905606959,0.2626633567896929,0.22895595264961124,1.7878054284717804,0.9495312147385266,0.2794247379110847,0.2626633567896929,2.2204301075268815,1.9354838709677418,0.8716707021791767,D,4,9,1
2025_26,2026-01-31,Leeds,Arsenal,0,4,A,0,2,A,3,14,1,8,4,12,10,7,1,1,0,0,6.16,4.1,1.54,1486.9245262623372,1698.7451091637288,-211.82058290139162,Leeds,0,4,3,14,1.0,1.0,14.0,10.0,1.2,1.2,11.4,14.0,Arsenal,4,0,14,3,2.0,3.0,15.0,10.0,1.8,1.2,14.6,10.0,0.16233766233766234,0.24390243902439027,0.6493506493506493,0.15378844711177797,0.2310577644411103,0.6151537884471119,0.6924231057764443,2.076519129782446,-0.4613653413353339,0.2310577644411103,0.25,0.6655844155844155,2.662337662337662,A,13,0,0
2025_26,2026-01-31,Wolves,Bournemouth,0,2,A,0,1,A,17,9,7,4,5,6,11,15,3,3,0,0,2.95,3.5,2.31,1359.100149893296,1526.4498448816898,-167.34969498839382,Wolves,0,2,17,9,0.0,2.0,11.0,11.0,1.0,0.8,10.4,11.4,Bournemouth,2,0,9,17,3.0,2.0,12.0,14.0,2.2,2.0,13.2,15.2,0.3389830508474576,0.2857142857142857,0.4329004329004329,0.32052171499930626,0.2701540169279867,0.40932426807270716,1.2317191619259056,1.498126821146108,-0.0888025530734009,0.2701540169279867,0.7830508474576271,1.1864406779661016,1.5151515151515151,A,26,2,0
2025_26,2026-01-31,Chelsea,West Ham,3,2,H,0,2,A,14,11,6,6,9,3,11,13,3,2,0,1,1.49,4.53,6.05,1598.9369429136568,1429.3620073989794,169.57493551467746,Chelsea,3,2,14,11,3.0,1.0,10.0,13.0,1.8,1.2,11.0,15.0,West Ham,2,3,11,14,3.0,1.0,13.0,7.0,1.6,1.8,12.0,13.6,0.6711409395973155,0.22075055187637968,0.1652892561983471,0.6348402967753592,0.20881060534112256,0.15634909788351822,2.1133314956672002,0.6778578989916773,0.478491198891841,0.20881060534112256,4.060402684563758,3.040268456375839,0.7487603305785124,H,6,25,2
2025_26,2026-01-31,Liverpool,Newcastle,4,1,H,2,1,H,17,8,7,2,7,11,11,7,1,3,0,0,1.77,3.99,4.12,1605.336681004733,1551.4058065291847,53.93087447554831,Liverpool,4,1,17,8,2.0,3.0,14.0,12.0,1.0,1.2,16.6,8.0,Newcastle,1,4,8,17,0.0,2.0,15.0,14.0,1.8,1.2,15.4,12.0,0.5649717514124294,0.2506265664160401,0.24271844660194175,0.5338399337522529,0.2368162112134054,0.22934385503434165,1.8383360124701642,0.9248477763164304,0.3044960787179113,0.2368162112134054,2.327683615819209,2.2542372881355934,0.9684466019417476,H,15,19,2
2025_26,2026-02-01,Aston Villa,Brentford,0,1,A,0,1,A,27,6,5,2,12,1,8,8,0,3,0,0,2.08,3.47,3.46,1664.4973245411527,1524.0294391908192,140.46788535033352,Aston Villa,0,1,27,6,2.0,0.0,14.0,15.0,1.2,1.2,13.8,13.4,Brentford,1,0,6,27,0.0,2.0,10.0,7.0,1.4,1.2,12.2,9.4,0.4807692307692307,0.2881844380403458,0.28901734104046245,0.45442571326919146,0.27239351112389576,0.27318077560691284,1.6356706509314702,1.0919358379446342,0.18124493766227862,0.27239351112389576,1.6634615384615383,1.6682692307692308,1.0028901734104048,A,1,3,0
2025_26,2026-02-01,Man United,Fulham,3,2,H,1,0,H,13,14,6,6,3,7,6,9,2,1,0,0,1.58,4.32,5.2,1569.3779204567293,1540.8519877790175,28.525932677711808,Man United,3,2,13,14,3.0,2.0,10.0,15.0,1.8,1.2,16.2,10.2,Fulham,2,3,14,13,2.0,1.0,12.0,13.0,1.4,1.2,12.2,12.4,0.6329113924050632,0.23148148148148145,0.1923076923076923,0.5989505567168636,0.21906062028070472,0.18198882300243163,2.0159122904312956,0.7650270892879997,0.41696173371443196,0.21906062028070472,3.291139240506329,2.7341772151898733,0.8307692307692308,H,18,10,2
2025_26,2026-02-01,Nott'm Forest,Crystal Palace,1,1,D,1,1,D,9,14,1,3,5,7,4,12,1,3,0,0,1.95,3.48,3.88,1500.0395327585227,1495.3500445758891,4.689488182633568,Nott'm Forest,1,1,9,14,2.0,0.0,7.0,10.0,1.0,1.2,11.4,12.2,Crystal Palace,1,1,14,9,1.0,3.0,13.0,10.0,0.6,1.6,10.4,13.4,0.5128205128205129,0.28735632183908044,0.2577319587628866,0.48474926762019643,0.271626744787179,0.2436239875926245,1.7258745476477682,1.0024987075650524,0.24112528002757194,0.271626744787179,1.9897435897435898,1.7846153846153847,0.8969072164948454,D,20,8,1
2025_26,2026-02-01,Tottenham,Man City,2,2,D,0,2,A,12,15,6,3,3,4,15,12,3,3,0,0,4.41,4.06,1.71,1451.5089150825836,1664.5921490305059,-213.08323394792228,Tottenham,2,2,12,15,2.0,2.0,18.0,9.0,1.2,1.6,15.4,10.8,Man City,2,2,15,12,2.0,0.0,11.0,11.0,0.8,0.8,13.6,9.2,0.22675736961451246,0.24630541871921185,0.5847953216374269,0.2143551838163781,0.2328340789729625,0.5528107372106593,0.8758996304220968,1.8912662906049404,-0.33845555339428124,0.2328340789729625,0.3877551020408163,0.9206349206349205,2.374269005847953,D,24,17,1
2025_26,2026-02-02,Sunderland,Burnley,3,0,H,2,0,H,14,5,5,0,1,2,12,10,1,4,0,0,1.8,3.42,4.73,1534.1920565706625,1375.5498803902065,158.6421761804561,Sunderland,3,0,14,5,1.0,3.0,7.0,13.0,0.8,1.6,10.2,12.8,Burnley,0,3,5,14,2.0,2.0,9.0,18.0,1.2,2.0,8.6,23.0,0.5555555555555556,0.29239766081871343,0.2114164904862579,0.5244208437882943,0.2760109704148917,0.19956818579681387,1.8492735017797746,0.8747155278053333,0.32485265799148044,0.2760109704148917,2.6277777777777778,1.9,0.7230443974630021,H,23,5,2
2025_26,2026-02-06,Leeds,Nott'm Forest,3,1,H,2,0,H,14,16,5,6,5,10,9,12,1,1,0,0,2.21,3.26,3.37,1477.7285787533524,1496.863700556589,-19.135121803236643,Leeds,3,1,14,16,0.0,4.0,3.0,14.0,1.2,2.0,11.2,13.0,Nott'm Forest,1,3,16,14,1.0,1.0,9.0,14.0,1.2,1.0,9.0,12.8,0.45248868778280543,0.3067484662576687,0.29673590504451036,0.428504007644753,0.29048891315794606,0.2810070791973009,1.576000936092205,1.1335101507498486,0.1474969284474521,0.29048891315794606,1.5248868778280544,1.4751131221719456,0.9673590504451037,H,13,20,2
2025_26,2026-02-07,Man United,Tottenham,2,0,H,1,0,H,23,7,10,1,7,0,12,11,1,2,0,1,1.57,4.54,4.97,1580.234686439577,1457.3592536131534,122.87543282642355,Man United,2,0,23,7,3.0,2.0,13.0,14.0,2.2,1.4,15.8,10.8,Tottenham,0,2,7,23,2.0,2.0,12.0,15.0,1.6,2.0,16.0,12.4,0.6369426751592356,0.22026431718061673,0.2012072434607646,0.601789595807385,0.2081078558188534,0.1901025483737615,2.0134766432410087,0.7784155009401379,0.4116870474336235,0.2081078558188534,3.165605095541401,2.8917197452229297,0.9134808853118713,H,18,24,2
2025_26,2026-02-07,Arsenal,Sunderland,3,0,H,1,0,H,16,5,5,3,5,2,11,8,1,2,0,0,1.21,6.23,14.08,1707.9410566727136,1540.5357420817995,167.40531459091403,Arsenal,3,0,16,5,4.0,0.0,14.0,3.0,1.8,1.0,13.0,8.4,Sunderland,0,3,5,16,3.0,0.0,14.0,5.0,1.4,1.6,11.0,11.0,0.8264462809917356,0.16051364365971107,0.07102272727272728,0.7811529607679875,0.1517167066660136,0.06713033256599893,2.495175588969976,0.3531077043640104,0.7140226282019886,0.1517167066660136,11.636363636363637,5.148760330578513,0.44247159090909094,H,0,23,2
2025_26,2026-02-07,Bournemouth,Aston Villa,1,1,D,0,1,A,20,7,9,4,11,4,4,11,1,1,0,0,2.68,3.6,2.46,1537.353562418106,1641.3801290222657,-104.0265666041596,Bournemouth,1,1,20,7,2.0,0.0,9.0,17.0,2.2,1.6,11.6,15.2,Aston Villa,1,1,7,20,0.0,1.0,27.0,6.0,1.0,0.6,17.0,10.2,0.3731343283582089,0.2777777777777778,0.4065040650406504,0.3528736731376111,0.26269484555799943,0.38443148130438937,1.3213158649708325,1.4159892894711674,-0.03155780816677828,0.26269484555799943,0.917910447761194,1.3432835820895521,1.4634146341463414,D,2,1,1
2025_26,2026-02-07,Burnley,West Ham,0,2,A,0,2,A,18,6,5,4,5,2,11,10,3,1,0,0,3.28,3.5,2.14,1369.2061948790692,1423.3274201100874,-54.121225231018116,Burnley,0,2,18,6,0.0,3.0,5.0,14.0,1.0,2.0,6.6,21.8,West Ham,2,0,6,18,2.0,3.0,11.0,14.0,1.6,2.0,12.2,13.2,0.3048780487804878,0.2857142857142857,0.4672897196261682,0.288196635525526,0.27008141843535005,0.44172194603912396,1.134671325011928,1.5952472565527218,-0.15352531051359797,0.27008141843535005,0.6524390243902439,1.0670731707317074,1.6355140186915886,A,5,25,0
2025_26,2026-02-07,Fulham,Everton,1,2,A,1,0,H,13,16,3,3,6,6,11,12,1,5,0,0,2.1,3.27,3.64,1529.9952217961697,1535.1270191716749,-5.13179737550513,Fulham,1,2,13,16,2.0,3.0,14.0,13.0,1.6,1.6,11.6,12.8,Everton,2,1,16,13,1.0,1.0,7.0,11.0,1.2,1.4,10.6,13.4,0.47619047619047616,0.3058103975535168,0.2747252747252747,0.45062808077595806,0.28939418031483544,0.25997773890920656,1.6412784226427097,1.069327397042455,0.1906503418667515,0.28939418031483544,1.7333333333333334,1.5571428571428572,0.8983516483516484,A,10,9,0
2025_26,2026-02-07,Wolves,Chelsea,1,3,A,0,3,A,11,15,3,6,3,4,9,10,1,1,0,0,4.9,4.05,1.65,1348.1964323568798,1604.9715302025488,-256.77509784566905,Wolves,1,3,11,15,0.0,2.0,17.0,9.0,0.8,1.0,11.6,10.2,Chelsea,3,1,15,11,3.0,2.0,14.0,11.0,2.0,1.2,10.4,13.8,0.2040816326530612,0.2469135802469136,0.6060606060606061,0.19306608884073673,0.2335861321776815,0.5733477789815818,0.8127843986998917,1.953629469122427,-0.3802816901408451,0.2335861321776815,0.33673469387755095,0.8265306122448979,2.4545454545454546,A,26,6,0
2025_26,2026-02-07,Newcastle,Brentford,2,3,A,1,2,A,16,11,4,5,9,3,14,18,2,2,0,0,2.05,3.53,3.51,1541.5403894343358,1547.1466347097062,-5.606245275370384,Newcastle,2,3,16,11,1.0,4.0,8.0,17.0,1.4,1.8,13.0,12.4,Brentford,3,2,11,16,1.0,0.0,6.0,27.0,1.6,1.2,12.0,13.0,0.48780487804878053,0.28328611898017,0.2849002849002849,0.46194025120888216,0.2682655849796624,0.2697941638114554,1.654086338606309,1.0776480764140286,0.19214608739742678,0.2682655849796624,1.7121951219512195,1.721951219512195,1.0056980056980056,A,19,3,0
2025_26,2026-02-08,Brighton,Crystal Palace,0,1,A,0,0,D,7,7,2,4,3,4,12,9,1,3,0,0,1.96,3.57,3.68,1536.242511870521,1498.5258767778228,37.7166350926982,Brighton,0,1,7,7,1.0,1.0,11.0,7.0,1.2,1.0,12.4,11.4,Crystal Palace,1,0,7,7,1.0,1.0,14.0,9.0,0.6,1.6,11.0,11.8,0.5102040816326531,0.2801120448179272,0.2717391304347826,0.48039316064298154,0.263745264666735,0.25586157469028364,1.7049247465956796,1.031329988737586,0.2245315859526979,0.263745264666735,1.8775510204081634,1.8214285714285714,0.9701086956521738,A,4,8,0
2025_26,2026-02-08,Liverpool,Man City,1,2,A,0,0,D,15,17,4,7,5,4,13,16,2,4,1,0,2.34,3.68,2.76,1615.202098099582,1658.741810499936,-43.53971240035412,Liverpool,1,2,15,17,4.0,1.0,17.0,8.0,1.8,1.4,16.2,8.8,Man City,2,1,17,15,2.0,2.0,15.0,12.0,1.2,1.2,13.8,9.6,0.4273504273504274,0.2717391304347826,0.3623188405797102,0.40262582056892776,0.2560175054704595,0.3413566739606127,1.4638949671772428,1.2800875273522976,0.06126914660831506,0.2560175054704595,1.1794871794871795,1.5726495726495728,1.3333333333333335,A,15,17,0
2025_26,2026-02-10,West Ham,Man United,1,1,D,0,0,D,7,9,3,3,5,3,10,4,1,1,0,0,4.36,4.23,1.7,1439.0124850152051,1587.6692458391565,-148.65676082395134,West Ham,1,1,7,9,2.0,0.0,6.0,18.0,2.0,1.4,12.2,14.6,Man United,1,1,9,7,2.0,0.0,23.0,7.0,2.4,1.2,17.4,10.0,0.2293577981651376,0.23640661938534277,0.5882352941176471,0.21760707866052567,0.22429476665718487,0.5580981546822894,0.8771160026387619,1.898589230704053,-0.34049107602176376,0.22429476665718487,0.3899082568807339,0.9701834862385321,2.4882352941176475,D,25,18,1
2025_26,2026-02-10,Tottenham,Newcastle,1,2,A,0,1,A,16,21,2,5,2,12,15,11,3,2,0,0,3.18,3.48,2.2,1449.924694213574,1523.791689222084,-73.86699500851,Tottenham,1,2,16,21,0.0,2.0,7.0,23.0,1.4,2.2,14.8,15.0,Newcastle,2,1,21,16,2.0,3.0,16.0,11.0,1.4,2.4,13.8,12.4,0.31446540880503143,0.28735632183908044,0.45454545454545453,0.297685703620754,0.27202314296379243,0.43029115341545354,1.1650802538260545,1.562896603210153,-0.13260544979469951,0.27202314296379243,0.6918238993710693,1.0943396226415094,1.5818181818181818,A,24,19,0
2025_26,2026-02-10,Everton,Bournemouth,1,2,A,1,0,H,16,11,6,4,7,2,14,15,1,3,1,0,2.41,3.35,2.91,1552.8955101570302,1538.8179285436272,14.077581613403026,Everton,1,2,16,11,2.0,1.0,16.0,13.0,1.2,0.8,11.0,13.8,Bournemouth,2,1,11,16,1.0,1.0,20.0,7.0,2.0,1.2,12.6,14.2,0.41493775933609955,0.29850746268656714,0.3436426116838488,0.392529122089301,0.2823866221597658,0.3250842557509332,1.4599739884276688,1.2576393894125653,0.06744486633836783,0.2823866221597658,1.2074688796680497,1.3900414937759336,1.1512027491408934,A,9,2,0
2025_26,2026-02-10,Chelsea,Leeds,2,2,D,1,0,H,19,4,4,2,4,1,9,13,4,4,0,0,1.55,4.28,5.66,1612.6041990839763,1490.5481212962509,122.05607778772537,Chelsea,2,2,19,4,3.0,1.0,15.0,11.0,2.4,1.2,11.8,13.2,Leeds,2,2,4,19,3.0,1.0,14.0,16.0,1.6,2.0,11.8,13.2,0.6451612903225806,0.2336448598130841,0.17667844522968199,0.6112465242557744,0.22136264313001178,0.16739083261421386,2.0551022158973353,0.7235351409726534,0.4438556916415606,0.22136264313001178,3.6516129032258062,2.761290322580645,0.7561837455830389,D,6,13,1
2025_26,2026-02-11,Aston Villa,Brighton,1,0,H,0,0,D,15,9,1,3,7,5,9,15,2,3,0,0,1.92,3.67,3.79,1639.9157628967446,1516.7354996695253,123.18026322721926,Aston Villa,1,0,15,9,1.0,1.0,7.0,20.0,0.6,0.6,16.2,12.2,Brighton,0,1,9,15,0.0,1.0,7.0,7.0,0.8,1.2,10.8,11.8,0.5208333333333334,0.2724795640326976,0.2638522427440633,0.4926697954485079,0.2577455060657044,0.24958469848578763,1.735754892411228,1.0064996015230672,0.2430850969627203,0.2577455060657044,1.9739583333333335,1.9114583333333333,0.9683377308707124,H,1,4,2
2025_26,2026-02-11,Crystal Palace,Burnley,2,3,A,2,3,A,21,8,3,3,8,2,11,8,2,1,0,0,1.55,3.98,6.18,1518.0328889788184,1353.5211299739515,164.51175900486692,Crystal Palace,2,3,21,8,1.0,0.0,7.0,7.0,0.8,1.2,10.2,10.8,Burnley,3,2,8,21,0.0,2.0,18.0,6.0,1.0,2.0,9.2,20.0,0.6451612903225806,0.25125628140703515,0.16181229773462785,0.6096608203368993,0.2374307214879884,0.1529084581751123,2.066413182498686,0.6961560960133253,0.45675236216178694,0.2374307214879884,3.987096774193548,2.567741935483871,0.6440129449838188,A,8,5,0
2025_26,2026-02-11,Man City,Fulham,3,0,H,3,0,H,13,14,5,3,4,4,8,10,3,1,0,0,1.34,5.33,8.08,1674.881989388346,1512.2267308108144,162.65525857753164,Man City,3,0,13,14,2.0,1.0,17.0,15.0,1.4,1.2,14.4,11.0,Fulham,0,3,14,13,1.0,2.0,13.0,16.0,1.4,1.6,12.6,14.0,0.7462686567164178,0.18761726078799248,0.12376237623762376,0.7055924555752525,0.1773909738219209,0.11701657060282654,2.2941683405476785,0.5284406856304005,0.588575884972426,0.1773909738219209,6.029850746268656,3.977611940298507,0.6596534653465347,H,17,10,2
2025_26,2026-02-11,Nott'm Forest,Wolves,0,0,D,0,0,D,35,7,10,3,8,2,12,13,0,2,0,0,1.69,3.72,5.09,1484.0441580136905,1340.5637634754523,143.48039453823822,Nott'm Forest,0,0,35,7,1.0,3.0,16.0,14.0,1.2,1.0,10.2,13.4,Wolves,0,0,7,35,1.0,3.0,11.0,15.0,0.4,1.6,11.6,12.0,0.591715976331361,0.26881720430107525,0.19646365422396858,0.5598086548780885,0.25432167385590576,0.18586967126600581,1.9337476384901713,0.8119306876539232,0.37393898361208266,0.25432167385590576,3.0118343195266273,2.201183431952663,0.7308447937131631,D,20,26,1
2025_26,2026-02-11,Sunderland,Liverpool,0,1,A,0,0,D,11,23,2,3,3,11,8,10,1,0,0,0,4.65,3.83,1.72,1534.4407224936965,1599.061919211172,-64.62119671747541,Sunderland,0,1,11,23,0.0,3.0,5.0,16.0,1.2,2.0,10.0,11.6,Liverpool,1,0,23,11,1.0,2.0,15.0,17.0,1.6,1.4,17.2,10.6,0.2150537634408602,0.2610966057441253,0.5813953488372093,0.20335174146707372,0.2468891900318258,0.5497590685011006,0.8569444144330469,1.8961663955351273,-0.3464073270340269,0.2468891900318258,0.36989247311827955,0.8236559139784946,2.2267441860465116,A,23,15,0
2025_26,2026-02-12,Brentford,Arsenal,1,1,D,0,0,D,12,7,3,2,6,4,12,11,3,2,0,0,4.83,3.86,1.69,1564.895334921958,1714.0360762608166,-149.14074133885856,Brentford,1,1,12,7,3.0,2.0,11.0,16.0,1.4,1.2,12.0,13.4,Arsenal,1,1,7,12,3.0,0.0,16.0,5.0,1.8,0.6,13.8,6.4,0.20703933747412007,0.2590673575129534,0.591715976331361,0.19572215938241636,0.24490622534121018,0.5593716152763735,0.8320727034884593,1.9230210711703306,-0.36364945589395714,0.24490622534121018,0.3498964803312629,0.7991718426501034,2.2840236686390534,D,3,0,1
2025_26,2026-02-18,Wolves,Arsenal,2,2,D,0,1,A,5,10,2,4,1,3,6,8,2,1,0,0,10.94,5.48,1.28,1348.77250082105,1710.6771891041797,-361.90468828312964,Wolves,2,2,5,10,0.0,0.0,7.0,35.0,0.2,1.4,10.4,16.4,Arsenal,2,2,10,5,1.0,1.0,7.0,12.0,2.0,0.8,13.4,7.2,0.09140767824497258,0.18248175182481752,0.78125,0.08663089980338105,0.1729456284395965,0.7404234717570225,0.43283832784973963,2.3942160437106637,-0.6537925719536415,0.1729456284395965,0.11700182815356491,0.5009140767824498,4.28125,D,26,0,1
2025_26,2026-02-21,West Ham,Bournemouth,0,0,D,0,0,D,20,10,3,5,9,5,10,11,1,1,0,0,2.41,3.65,2.71,1442.3515186123652,1557.3786131028971,-115.02709449053191,West Ham,0,0,20,10,1.0,1.0,7.0,9.0,2.0,1.2,10.8,13.8,Bournemouth,0,0,10,20,2.0,1.0,11.0,16.0,1.8,1.0,12.6,14.2,0.41493775933609955,0.273972602739726,0.36900369003690037,0.39222256147126583,0.25897434880705494,0.3488030897216792,1.4356420332208524,1.3053836179720926,0.0434194717495866,0.25897434880705494,1.1244813278008299,1.5145228215767634,1.3468634686346863,D,25,2,1
2025_26,2026-02-21,Brentford,Brighton,0,2,A,0,2,A,13,11,3,7,6,4,9,14,1,2,0,0,2.01,3.7,3.45,1568.254222078595,1509.3107487005313,58.94347337806357,Brentford,0,2,13,11,1.0,1.0,12.0,7.0,1.0,1.4,10.8,12.6,Brighton,2,0,11,13,0.0,1.0,9.0,15.0,0.6,1.2,11.4,10.4,0.49751243781094534,0.27027027027027023,0.2898550724637681,0.47039964623293357,0.25554142944005304,0.27405892432701345,1.6667403681388537,1.0777182024210934,0.1963407219059201,0.25554142944005304,1.7164179104477615,1.8407960199004978,1.0724637681159421,A,3,4,0
2025_26,2026-02-21,Chelsea,Burnley,1,1,D,1,0,H,12,12,2,4,9,5,13,11,2,2,1,0,1.2,6.7,12.88,1605.0651656432244,1377.3448138088552,227.72035183436924,Chelsea,1,1,12,12,2.0,2.0,19.0,4.0,2.6,1.2,12.8,10.8,Burnley,1,1,12,12,3.0,2.0,8.0,21.0,1.2,2.0,9.4,18.2,0.8333333333333334,0.14925373134328357,0.07763975155279502,0.7859953366365492,0.14077528417371027,0.0732293791897406,2.498761294083358,0.36046342174293206,0.7127659574468086,0.14077528417371027,10.733333333333334,5.583333333333334,0.5201863354037267,D,6,5,1
2025_26,2026-02-21,Aston Villa,Leeds,1,1,D,0,1,A,16,14,4,4,7,2,11,16,1,4,0,0,1.84,3.62,4.24,1647.3405138657386,1498.0871547370027,149.25335912873584,Aston Villa,1,1,16,14,1.0,0.0,15.0,9.0,0.8,0.6,16.2,11.8,Leeds,1,1,14,16,2.0,2.0,4.0,19.0,1.4,1.6,9.8,13.4,0.5434782608695652,0.27624309392265195,0.23584905660377356,0.5148668956633748,0.2617003005581795,0.22343280377844565,1.806300987548304,0.9319987118935165,0.2914340918849292,0.2617003005581795,2.3043478260869565,1.9673913043478262,0.8537735849056604,D,1,13,1
2025_26,2026-02-21,Man City,Newcastle,2,1,H,2,1,H,15,13,7,7,5,5,12,13,2,5,0,0,1.46,4.92,5.82,1681.11088681888,1538.6247445207905,142.4861422980896,Man City,2,1,15,13,3.0,0.0,13.0,14.0,1.8,1.0,12.6,12.6,Newcastle,1,2,13,15,2.0,1.0,21.0,16.0,1.0,2.0,14.4,12.8,0.684931506849315,0.2032520325203252,0.1718213058419244,0.6461588453518914,0.1917463240271873,0.16209483062092123,2.1302228600828617,0.678030815889951,0.48406401473097016,0.1917463240271873,3.986301369863014,3.3698630136986303,0.845360824742268,H,17,19,2
2025_26,2026-02-22,Crystal Palace,Wolves,1,0,H,0,0,D,14,12,3,7,7,3,19,13,5,1,0,1,1.62,3.99,5.26,1494.2092051439147,1359.0609811270979,135.1482240168168,Crystal Palace,1,0,14,12,2.0,3.0,21.0,8.0,1.2,1.8,12.2,9.4,Wolves,0,1,12,14,2.0,2.0,5.0,10.0,0.6,1.8,10.2,16.0,0.6172839506172839,0.2506265664160401,0.19011406844106465,0.5834306301497815,0.23688160923374588,0.17968776061647265,1.98717349968309,0.7759448910831639,0.40374286953330885,0.23688160923374588,3.2469135802469133,2.462962962962963,0.758555133079848,H,8,26,2
2025_26,2026-02-22,Nott'm Forest,Liverpool,0,1,A,0,0,D,18,10,2,4,7,2,13,9,2,0,0,0,4.08,3.88,1.8,1475.8354206680929,1614.294122265189,-138.45870159709602,Nott'm Forest,0,1,18,10,0.0,0.0,35.0,7.0,0.8,0.8,14.6,12.0,Liverpool,1,0,10,18,1.0,0.0,23.0,11.0,1.8,1.4,20.2,11.0,0.24509803921568626,0.2577319587628866,0.5555555555555556,0.2315772720038198,0.2435142447875219,0.5249084832086583,0.9382460607989813,1.8182396944134969,-0.2933312112048385,0.2435142447875219,0.4411764705882353,0.9509803921568627,2.1555555555555554,A,20,15,0
2025_26,2026-02-22,Sunderland,Fulham,1,3,A,0,0,D,12,12,2,4,6,4,6,13,1,1,0,0,2.65,3.27,2.67,1519.2085194396795,1505.9978333802803,13.210686059399222,Sunderland,1,3,12,12,0.0,1.0,11.0,23.0,1.2,1.6,10.0,12.6,Fulham,3,1,12,12,0.0,3.0,14.0,13.0,1.0,2.0,12.2,13.8,0.37735849056603776,0.3058103975535168,0.37453183520599254,0.35677246147622377,0.28912752994250546,0.3541000085812708,1.3594449143711769,1.351427555686318,0.0026724528949529924,0.28912752994250546,1.0075471698113208,1.2339622641509433,1.2247191011235956,A,23,10,0
2025_26,2026-02-22,Tottenham,Arsenal,1,4,A,1,1,D,6,20,5,7,2,5,17,11,2,1,0,0,5.83,3.98,1.56,1435.0916389148674,1700.3887087981318,-265.2970698832644,Tottenham,1,4,6,20,1.0,2.0,16.0,21.0,1.2,2.0,14.8,17.0,Arsenal,4,1,20,6,2.0,2.0,10.0,5.0,2.4,1.2,12.4,7.0,0.17152658662092624,0.25125628140703515,0.641025641025641,0.16123821642818192,0.23618562858701017,0.602576154984808,0.719900277871556,2.043914093541434,-0.44133793855662606,0.23618562858701017,0.26758147512864494,0.6826758147512865,2.551282051282051,A,24,0,0
2025_26,2026-02-23,Everton,Man United,0,1,A,0,0,D,12,11,4,3,10,1,12,7,2,3,0,0,3.57,3.73,1.94,1534.3348255977603,1584.3302122419964,-49.99538664423608,Everton,0,1,12,11,1.0,2.0,16.0,11.0,1.2,1.0,11.6,13.4,Man United,1,0,11,12,1.0,1.0,9.0,7.0,2.2,1.0,13.2,10.0,0.2801120448179272,0.2680965147453083,0.5154639175257733,0.26334426324964244,0.25204799458477845,0.48460774216557917,1.0420807843337059,1.705871221081516,-0.22126347891593673,0.25204799458477845,0.5434173669467787,1.0448179271708684,1.922680412371134,A,9,18,0
2025_26,2026-02-27,Wolves,Aston Villa,2,0,H,0,0,D,9,14,2,5,0,5,13,19,3,3,0,0,4.17,3.64,1.84,1352.01442028779,1638.958769169392,-286.9443488816021,Wolves,2,0,9,14,0.0,1.0,12.0,14.0,0.6,1.6,10.4,16.6,Aston Villa,0,2,14,9,1.0,1.0,16.0,14.0,1.0,0.6,15.8,12.8,0.23980815347721823,0.2747252747252747,0.5434782608695652,0.22665926657912908,0.2596618520975187,0.5136788813233523,0.9396396518349059,1.8006984960675756,-0.2870196147442232,0.2596618520975187,0.44124700239808157,0.8729016786570744,1.9782608695652173,H,26,1,2
2025_26,2026-02-28,Liverpool,West Ham,5,2,H,3,0,H,18,11,7,4,10,5,12,11,2,2,0,0,1.41,5.02,6.68,1626.3761878458592,1444.2846836651968,182.09150418066247,Liverpool,5,2,18,11,1.0,0.0,10.0,18.0,1.8,1.2,15.8,13.2,West Ham,2,5,11,18,0.0,0.0,20.0,10.0,1.6,1.0,11.4,11.6,0.7092198581560284,0.19920318725099603,0.14970059880239522,0.6702617997785355,0.18826078439994723,0.14147741582151724,2.199046183735554,0.612693031864499,0.5287843839570183,0.18826078439994723,4.73758865248227,3.5602836879432624,0.7514970059880239,H,15,25,2
2025_26,2026-02-28,Burnley,Brentford,3,4,A,1,3,A,12,16,3,7,4,8,9,9,2,2,0,0,4.58,3.81,1.73,1387.7647317001263,1547.9295374819549,-160.1648057818286,Burnley,3,4,12,16,1.0,1.0,12.0,12.0,1.2,2.0,10.4,14.2,Brentford,4,3,16,12,0.0,2.0,13.0,11.0,1.0,1.4,10.4,13.6,0.2183406113537118,0.26246719160104987,0.5780346820809249,0.20620688576389432,0.24788124325423516,0.5459118709818706,0.866501900545918,1.885616856199847,-0.3397049852179762,0.24788124325423516,0.3777292576419214,0.8318777292576419,2.2023121387283235,A,5,3,0
2025_26,2026-02-28,Bournemouth,Sunderland,1,1,D,0,1,A,21,8,5,4,7,3,15,12,4,2,0,0,1.77,3.8,4.34,1555.4454480500656,1500.6831736681136,54.76227438195201,Bournemouth,1,1,21,8,0.0,0.0,10.0,20.0,1.6,0.8,12.4,14.8,Sunderland,1,1,8,21,1.0,3.0,12.0,12.0,1.0,2.0,9.8,13.8,0.5649717514124294,0.2631578947368421,0.2304147465437788,0.5337251373795299,0.24860355083204416,0.21767131178842578,1.8497789629706336,0.9016174861973214,0.31605382559110407,0.24860355083204416,2.4519774011299433,2.1468926553672314,0.8755760368663594,D,2,23,1
2025_26,2026-02-28,Newcastle,Everton,2,3,A,1,2,A,17,9,7,5,7,2,15,7,2,3,0,0,1.69,3.92,4.67,1531.803364808959,1518.4721101651116,13.331254643847387,Newcastle,2,3,17,9,1.0,2.0,13.0,15.0,1.2,2.4,14.6,14.6,Everton,3,2,9,17,0.0,1.0,12.0,11.0,1.0,1.2,12.2,12.0,0.591715976331361,0.25510204081632654,0.21413276231263384,0.557722363550505,0.24044663122457993,0.20183100522491507,1.913613721876095,0.8459396468993252,0.35589135832558993,0.24044663122457993,2.7633136094674557,2.3195266272189348,0.8394004282655246,A,19,9,0
2025_26,2026-02-28,Leeds,Man City,0,1,A,0,1,A,14,14,2,5,5,3,10,8,0,3,0,0,5.0,4.25,1.6,1506.4688994333492,1687.9322665307116,-181.46336709736238,Leeds,0,1,14,14,1.0,1.0,14.0,16.0,1.4,1.8,9.8,15.0,Man City,1,0,14,14,2.0,1.0,15.0,13.0,2.2,0.8,14.2,13.0,0.2,0.23529411764705882,0.625,0.18862690707350901,0.2219140083217753,0.5894590846047156,0.7877947295423023,1.9902912621359221,-0.4008321775312066,0.2219140083217753,0.32,0.85,2.65625,A,13,17,0
2025_26,2026-03-01,Brighton,Nott'm Forest,2,1,H,2,1,H,14,13,7,4,4,4,12,13,3,1,0,0,2.05,3.54,3.42,1529.6354332971714,1463.7533550874225,65.8820782097489,Brighton,2,1,14,13,2.0,0.0,11.0,13.0,0.8,1.0,10.2,10.8,Nott'm Forest,1,2,13,14,0.0,1.0,18.0,10.0,0.8,1.0,17.0,11.0,0.48780487804878053,0.2824858757062147,0.29239766081871343,0.4590290732062423,0.26582192092451884,0.27514900586923874,1.6429091405432459,1.091268938532235,0.18388006733700357,0.26582192092451884,1.6682926829268294,1.7268292682926831,1.0350877192982457,H,4,20,2
2025_26,2026-03-01,Fulham,Tottenham,2,1,H,2,0,H,18,13,4,1,5,8,11,14,3,3,0,0,2.08,3.57,3.3,1524.5231791518463,1427.7347599218037,96.78841923004256,Fulham,2,1,18,13,3.0,1.0,12.0,12.0,1.6,2.0,13.0,13.4,Tottenham,1,2,13,18,1.0,4.0,6.0,20.0,1.2,2.4,11.8,17.6,0.4807692307692307,0.2801120448179272,0.30303030303030304,0.45188833398540884,0.26328507974500015,0.28482658626959106,1.6189500817012266,1.1177648385537733,0.16706174771581778,0.26328507974500015,1.5865384615384615,1.7163461538461537,1.0818181818181818,H,10,24,2
2025_26,2026-03-01,Man United,Crystal Palace,2,1,H,0,1,A,20,8,11,3,7,1,13,12,2,2,0,1,1.53,4.31,5.61,1600.192927674645,1501.2557659832225,98.93716169142249,Man United,2,1,20,8,1.0,0.0,11.0,12.0,2.0,1.0,13.2,11.0,Crystal Palace,1,2,8,20,1.0,0.0,14.0,12.0,1.2,1.4,13.8,9.2,0.6535947712418301,0.2320185614849188,0.17825311942959002,0.6143579111053518,0.2180899313204613,0.16755215757418684,2.0611636646365166,0.7207464040430218,0.4468057535311649,0.2180899313204613,3.666666666666667,2.8169934640522873,0.7682709447415329,H,18,8,2
2025_26,2026-03-01,Arsenal,Chelsea,2,1,H,1,1,D,12,9,5,3,5,10,11,14,1,3,0,1,1.6,3.98,5.28,1707.7455877911955,1594.6452477519533,113.10034003924216,Arsenal,2,1,12,9,4.0,1.0,20.0,6.0,2.8,0.8,13.4,6.2,Chelsea,1,2,9,12,1.0,1.0,12.0,12.0,2.4,1.4,14.0,10.2,0.625,0.25125628140703515,0.1893939393939394,0.5864963829597213,0.2357774403858176,0.177726176654461,1.9952665892649817,0.7689559703492006,0.4087702063052603,0.2357774403858176,3.3,2.4875,0.7537878787878788,H,0,6,2
2025_26,2026-03-03,Bournemouth,Brentford,0,0,D,0,0,D,13,5,2,2,4,3,9,10,2,1,0,0,2.48,3.59,2.65,1550.2792025810306,1559.1219074690075,-8.842704887976879,Bournemouth,0,0,13,5,1.0,1.0,21.0,8.0,1.2,0.6,14.2,13.6,Brentford,0,0,5,13,4.0,3.0,16.0,12.0,1.8,1.6,11.6,14.6,0.40322580645161293,0.2785515320334262,0.37735849056603776,0.38071208186100114,0.26299887549172224,0.3562890426472765,1.4051351210747258,1.3318660034335519,0.02442303921372463,0.26299887549172224,1.0685483870967742,1.4475806451612903,1.3547169811320754,D,2,3,1
2025_26,2026-03-03,Everton,Burnley,2,0,H,1,0,H,14,5,5,2,6,3,10,12,0,1,0,0,1.56,3.96,6.06,1537.0023733770054,1376.5723617130736,160.43001166393174,Everton,2,0,14,5,3.0,2.0,9.0,17.0,1.4,1.4,12.0,12.6,Burnley,0,2,5,14,3.0,4.0,12.0,16.0,1.4,2.4,11.0,13.8,0.641025641025641,0.25252525252525254,0.16501650165016502,0.6055595930232558,0.23855377906976746,0.15588662790697674,2.0552325581395348,0.7062136627906977,0.4496729651162791,0.23855377906976746,3.884615384615384,2.5384615384615383,0.6534653465346535,H,9,5,2
2025_26,2026-03-03,Leeds,Sunderland,0,1,A,0,0,D,18,3,4,1,9,2,15,19,1,3,0,0,1.86,3.43,4.31,1496.1225863573861,1505.8494191371485,-9.72683277976239,Leeds,0,1,18,3,0.0,1.0,14.0,14.0,1.2,1.8,9.8,15.8,Sunderland,1,0,3,18,1.0,1.0,8.0,21.0,1.0,1.6,10.0,15.4,0.5376344086021505,0.29154518950437314,0.2320185614849188,0.506629608940462,0.2747320911455567,0.21863829991398134,1.7946209179669428,0.9306469908875008,0.28799130902648074,0.2747320911455567,2.3172043010752685,1.8440860215053763,0.7958236658932716,A,13,23,0
2025_26,2026-03-03,Wolves,Liverpool,2,1,H,0,0,D,4,19,3,7,2,11,10,13,2,1,0,0,6.08,4.61,1.48,1375.327348875252,1632.0709024567846,-256.7435535815325,Wolves,2,1,4,19,2.0,0.0,9.0,14.0,1.0,1.2,8.8,17.6,Liverpool,1,2,19,4,5.0,2.0,18.0,11.0,2.4,1.0,16.6,13.0,0.16447368421052633,0.21691973969631234,0.6756756756756757,0.15559407069555303,0.20520866590649942,0.6391972633979476,0.6719908779931585,2.122800456100342,-0.48360319270239455,0.20520866590649942,0.24342105263157895,0.7582236842105263,3.114864864864865,H,26,15,2
2025_26,2026-03-04,Man City,Nott'm Forest,2,2,D,1,0,H,21,9,7,4,6,1,10,6,0,4,0,0,1.37,4.95,7.65,1698.2785796066746,1454.3379779728941,243.9406016337805,Man City,2,2,21,9,1.0,0.0,14.0,14.0,2.0,0.8,14.8,13.6,Nott'm Forest,2,2,9,21,1.0,2.0,13.0,14.0,0.6,1.4,18.2,11.8,0.7299270072992701,0.20202020202020202,0.13071895424836602,0.6868827034527794,0.19010693004652682,0.12301036650069383,2.250755040404865,0.5591380295486083,0.5638723369520855,0.19010693004652682,5.583941605839416,3.6131386861313866,0.6470588235294118,D,17,20,1
2025_26,2026-03-04,Newcastle,Man United,2,1,H,1,1,D,12,14,5,5,2,4,15,16,2,3,1,0,2.56,3.66,2.53,1513.2731015970653,1608.4245186854323,-95.151417088367,Newcastle,2,1,12,14,2.0,3.0,17.0,9.0,1.6,2.6,15.0,13.6,Man United,1,2,14,12,2.0,1.0,20.0,8.0,1.8,0.8,15.2,9.6,0.390625,0.27322404371584696,0.3952569169960475,0.3688252304211709,0.2579761174530594,0.37319865212576975,1.3644518087165722,1.3775720738303687,-0.004373421704598868,0.2579761174530594,0.9882812499999999,1.4296875,1.4466403162055337,H,19,18,2
2025_26,2026-03-04,Fulham,West Ham,0,1,A,0,0,D,13,9,5,3,7,5,14,12,2,4,0,0,2.03,3.56,3.52,1532.8288563741205,1438.5899690542715,94.23888731984903,Fulham,0,1,13,9,2.0,1.0,18.0,13.0,1.6,2.0,14.2,13.4,West Ham,1,0,9,13,2.0,5.0,11.0,18.0,1.4,1.8,11.0,13.8,0.4926108374384237,0.2808988764044944,0.2840909090909091,0.4657815310962102,0.2656001427318277,0.2686183261719621,1.6629447360204583,1.071455121247714,0.1971632049242481,0.2656001427318277,1.7339901477832513,1.7536945812807885,1.0113636363636365,A,10,25,0
2025_26,2026-03-04,Aston Villa,Chelsea,1,4,A,1,2,A,9,15,4,8,3,8,10,9,3,2,0,0,2.67,3.57,2.46,1615.64584058193,1586.8915749473556,28.754265634574494,Aston Villa,1,4,9,15,0.0,2.0,14.0,9.0,0.6,1.0,15.8,11.6,Chelsea,4,1,15,9,1.0,2.0,9.0,12.0,2.0,1.6,13.8,10.0,0.37453183520599254,0.2801120448179272,0.4065040650406504,0.35294968712699387,0.26397077440590294,0.3830795384671031,1.3228198357868846,1.4132093898072122,-0.030129851340109204,0.26397077440590294,0.9213483146067416,1.3370786516853932,1.451219512195122,A,1,6,0
2025_26,2026-03-04,Brighton,Arsenal,0,1,A,0,1,A,11,7,3,2,4,3,14,12,4,1,0,0,5.03,3.92,1.64,1539.0508104116998,1715.4992605957932,-176.44845018409342,Brighton,0,1,11,7,2.0,1.0,14.0,13.0,1.0,0.8,10.4,11.0,Arsenal,1,0,7,11,2.0,1.0,12.0,9.0,2.4,1.0,13.0,7.4,0.19880715705765406,0.25510204081632654,0.6097560975609756,0.18690762771982464,0.2398330018955913,0.5732593703845841,0.8005558850550653,1.9596111130493434,-0.38635174266475947,0.2398330018955913,0.32604373757455263,0.7793240556660039,2.3902439024390243,A,4,0,0
2025_26,2026-03-05,Tottenham,Crystal Palace,1,3,A,1,3,A,12,9,4,4,6,3,14,14,3,2,0,0,2.34,3.32,2.97,1419.4290826995295,1493.0241749724353,-73.59509227290573,Tottenham,1,3,12,9,1.0,2.0,13.0,18.0,1.0,2.4,10.8,19.4,Crystal Palace,3,1,9,12,1.0,2.0,8.0,20.0,1.2,1.2,12.8,11.2,0.4273504273504274,0.30120481927710846,0.33670033670033667,0.40117173196631273,0.28275357012083485,0.3160746979128524,1.486268766019773,1.2309776638593921,0.08509703405346031,0.28275357012083485,1.2692307692307694,1.4188034188034189,1.1178451178451176,A,24,8,0
2025_26,2026-03-14,Burnley,Bournemouth,0,0,D,0,0,D,15,22,2,3,5,8,11,5,1,0,0,0,4.02,3.83,1.82,1370.2800047692028,1547.665766530078,-177.38576176087508,Burnley,0,0,15,22,0.0,2.0,5.0,14.0,1.4,2.2,11.0,13.8,Bournemouth,0,0,22,15,0.0,0.0,13.0,5.0,0.8,0.6,15.0,11.2,0.24875621890547267,0.2610966057441253,0.5494505494505494,0.23483000714199095,0.24647953752240298,0.5186904553356062,0.9509695589483758,1.8025509035292215,-0.2838604481936152,0.24647953752240298,0.45273631840796025,0.9527363184079604,2.1043956043956045,D,5,2,1
2025_26,2026-03-14,Sunderland,Brighton,0,1,A,0,0,D,14,12,4,4,7,3,7,12,1,2,0,0,3.26,3.27,2.23,1523.4258266875288,1528.5079592471716,-5.082132559642787,Sunderland,0,1,14,12,1.0,0.0,3.0,18.0,0.6,1.6,7.8,18.0,Brighton,1,0,12,14,0.0,1.0,11.0,7.0,0.8,0.8,10.4,11.0,0.3067484662576687,0.3058103975535168,0.4484304932735426,0.2891154979165097,0.28823135266294236,0.4226531494205478,1.1555778464124715,1.5561908009245857,-0.13353765150403812,0.28823135266294236,0.6840490797546013,1.0030674846625767,1.4663677130044843,A,23,4,0
2025_26,2026-03-14,Arsenal,Everton,2,0,H,0,0,D,25,9,7,3,8,3,11,12,0,0,0,0,1.37,4.56,8.83,1726.0421117603214,1543.2947303208762,182.74738143944523,Arsenal,2,0,25,9,1.0,0.0,7.0,11.0,2.0,1.0,11.2,8.6,Everton,0,2,9,25,2.0,0.0,14.0,5.0,1.6,1.2,13.4,11.4,0.7299270072992701,0.2192982456140351,0.11325028312570781,0.6870059427631545,0.2064031012248951,0.10659095601195036,2.2674209295143584,0.5261759692607462,0.5804149867512042,0.2064031012248951,6.445255474452554,3.328467153284671,0.5164212910532275,H,0,9,2
2025_26,2026-03-14,Chelsea,Newcastle,0,1,A,0,1,A,22,7,3,5,8,1,9,10,2,2,0,0,1.79,4.12,3.86,1606.0439131256646,1529.3570826718665,76.68683045379817,Chelsea,0,1,22,7,4.0,1.0,15.0,9.0,2.2,1.4,14.0,9.6,Newcastle,1,0,7,22,2.0,1.0,12.0,14.0,1.8,2.0,15.8,13.0,0.5586592178770949,0.24271844660194175,0.2590673575129534,0.5268158238205344,0.22888357394144576,0.24430060223801986,1.8093310454030487,0.9617853806555053,0.2825152215825145,0.22888357394144576,2.1564245810055866,2.3016759776536313,1.067357512953368,A,6,19,0
2025_26,2026-03-14,West Ham,Man City,1,1,D,1,1,D,1,24,1,6,1,15,14,5,2,2,0,0,4.43,4.15,1.69,1460.1958550691513,1687.507931630339,-227.31207656118772,West Ham,1,1,1,24,1.0,0.0,9.0,13.0,1.2,1.2,10.6,13.6,Man City,1,1,24,1,2.0,2.0,21.0,9.0,2.0,0.8,16.0,13.0,0.22573363431151244,0.24096385542168672,0.591715976331361,0.21327547461281388,0.22766514518910008,0.5590593801980861,0.8674915690275418,1.9048432857833584,-0.3457839055852722,0.22766514518910008,0.38148984198645597,0.9367945823927767,2.4556213017751483,D,25,17,1
2025_26,2026-03-15,Nott'm Forest,Fulham,0,0,D,0,0,D,11,5,2,0,5,4,8,10,2,3,0,0,2.19,3.4,3.24,1465.1086259492297,1511.2229703592407,-46.11434441001097,Nott'm Forest,0,0,11,5,2.0,2.0,9.0,21.0,0.8,1.6,18.2,13.2,Fulham,0,0,5,11,0.0,1.0,13.0,9.0,1.2,1.6,14.0,12.6,0.4566210045662101,0.29411764705882354,0.30864197530864196,0.43102638745422106,0.27763170250727764,0.29134191003850124,1.5707108648699408,1.1516574326227813,0.13968447741571982,0.27763170250727764,1.4794520547945207,1.552511415525114,1.0493827160493827,D,20,10,1
2025_26,2026-03-15,Liverpool,Tottenham,1,1,D,1,0,H,17,13,4,7,3,4,8,13,0,0,0,0,1.29,5.79,8.72,1609.7046047295055,1404.584289770348,205.12031495915744,Liverpool,1,1,17,13,1.0,2.0,19.0,4.0,1.8,1.2,17.0,12.2,Tottenham,1,1,13,17,1.0,3.0,12.0,9.0,0.8,2.6,10.8,18.2,0.7751937984496123,0.17271157167530224,0.1146788990825688,0.7295363021210374,0.16253917612023114,0.10792452175873145,2.351148082483343,0.48631274139642544,0.6216117803623059,0.16253917612023114,6.759689922480621,4.488372093023256,0.6639908256880733,D,15,24,1
2025_26,2026-03-15,Crystal Palace,Leeds,0,0,D,0,0,D,12,10,0,3,8,3,12,11,2,1,0,1,2.49,3.24,2.85,1507.8689679016168,1478.5461788070058,29.322789094610926,Crystal Palace,0,0,12,10,3.0,1.0,9.0,12.0,1.6,1.2,11.8,11.8,Leeds,0,0,10,12,0.0,1.0,18.0,3.0,1.2,1.2,12.8,13.6,0.4016064257028112,0.30864197530864196,0.3508771929824561,0.378472094138478,0.2908628130879044,0.3306650927736176,1.4262790955033382,1.282858091408757,0.04780700136486038,0.2908628130879044,1.144578313253012,1.3012048192771084,1.1368421052631579,D,8,13,1
2025_26,2026-03-15,Man United,Aston Villa,3,1,H,0,0,D,16,9,6,2,6,6,10,5,3,2,0,0,1.71,4.02,4.38,1592.3405376106311,1596.493502403621,-4.152964792989906,Man United,3,1,16,9,1.0,2.0,14.0,12.0,1.4,0.8,15.4,9.2,Aston Villa,1,3,9,16,1.0,4.0,9.0,15.0,0.8,1.6,12.2,13.4,0.5847953216374269,0.24875621890547267,0.22831050228310504,0.5507262695642382,0.23426415944150436,0.2150095709942574,1.8864429681342192,0.8792928724242766,0.33571669856998076,0.23426415944150436,2.56140350877193,2.350877192982456,0.9178082191780821,H,18,1,2
2025_26,2026-03-16,Brentford,Wolves,2,2,D,2,1,H,10,13,3,4,1,5,12,10,2,4,0,0,1.54,4.15,5.68,1561.7353435199602,1397.693646602531,164.04169691742914,Brentford,2,2,10,13,0.0,0.0,5.0,13.0,1.6,1.6,11.4,11.8,Wolves,2,2,13,10,2.0,1.0,4.0,19.0,1.2,0.8,7.4,18.4,0.6493506493506493,0.24096385542168672,0.17605633802816903,0.6089351127093117,0.22596628278851563,0.16509860450217256,2.0527716209164506,0.7212620962950334,0.4438365082071391,0.22596628278851563,3.688311688311688,2.6948051948051948,0.7306338028169015,D,3,26,1
2025_26,2026-03-20,Bournemouth,Man United,2,2,D,0,0,D,16,14,5,5,6,8,10,9,2,2,0,1,3.22,3.76,2.07,1543.1717533393905,1604.5312479058196,-61.35949456642902,Bournemouth,2,2,16,14,0.0,0.0,22.0,15.0,0.6,0.4,15.4,12.8,Man United,2,2,14,16,3.0,1.0,16.0,9.0,1.6,1.0,14.0,9.6,0.3105590062111801,0.26595744680851063,0.48309178743961356,0.2930885155032045,0.250996015936255,0.45591546856054044,1.1302615624458685,1.6187424216178763,-0.1628269530573359,0.250996015936255,0.6428571428571428,1.167701863354037,1.816425120772947,D,2,18,1
2025_26,2026-03-21,Brighton,Liverpool,2,1,H,1,1,D,16,12,7,5,4,8,11,11,5,5,0,0,3.02,3.55,2.22,1546.2785213388638,1599.8126839371544,-53.53416259829055,Brighton,2,1,16,12,1.0,0.0,12.0,14.0,1.0,0.6,11.4,12.4,Liverpool,1,2,12,16,1.0,1.0,17.0,13.0,1.8,1.0,17.4,11.4,0.33112582781456956,0.28169014084507044,0.4504504504504504,0.3114231972939652,0.26492902981064087,0.42364777289539407,1.1991986216925365,1.535872348496823,-0.11222457560142884,0.26492902981064087,0.7350993377483445,1.1754966887417218,1.599099099099099,H,4,15,2
2025_26,2026-03-21,Fulham,Burnley,3,1,H,0,0,D,22,9,6,5,6,6,6,9,2,2,0,1,1.53,4.09,6.22,1512.2525754261862,1374.7740179598902,137.47855746629602,Fulham,3,1,22,9,0.0,0.0,5.0,11.0,1.0,1.2,12.4,11.6,Burnley,1,3,9,22,0.0,0.0,15.0,22.0,1.4,1.8,10.4,17.0,0.6535947712418301,0.24449877750611249,0.1607717041800643,0.6172596271664309,0.23090641309648882,0.15183395973708025,2.0826852945957812,0.6864082923077296,0.46542566742935065,0.23090641309648882,4.065359477124183,2.673202614379085,0.657556270096463,H,10,5,2
2025_26,2026-03-21,Everton,Chelsea,3,0,H,1,0,H,10,12,9,4,3,9,6,7,0,2,0,0,3.38,3.5,2.08,1537.6174145739471,1585.0621974213466,-47.44478284739944,Everton,3,0,10,12,0.0,2.0,9.0,25.0,1.2,1.4,12.0,13.8,Chelsea,0,3,12,10,0.0,1.0,22.0,7.0,1.6,1.4,15.4,8.8,0.2958579881656805,0.2857142857142857,0.4807692307692307,0.2784961209468868,0.2689476825144221,0.452556196538691,1.1044360453550826,1.626616272130495,-0.1740600755918042,0.2689476825144221,0.6153846153846154,1.0355029585798816,1.6826923076923077,H,9,6,2
2025_26,2026-03-21,Leeds,Brentford,0,0,D,0,0,D,14,6,4,2,6,2,6,9,2,0,0,0,2.46,3.42,2.77,1482.721170923138,1552.9249419951789,-70.20377107204081,Leeds,0,0,14,6,0.0,0.0,10.0,12.0,0.6,1.0,12.0,12.8,Brentford,0,0,6,14,2.0,2.0,10.0,13.0,1.4,1.6,11.2,11.2,0.4065040650406504,0.29239766081871343,0.36101083032490977,0.38352603964244075,0.2758696074621065,0.3406043528954528,1.4264477263894288,1.297682666148465,0.04292168674698793,0.2758696074621065,1.1260162601626016,1.3902439024390243,1.2346570397111913,D,13,3,1
2025_26,2026-03-22,Newcastle,Sunderland,1,2,A,1,0,H,16,17,4,7,9,5,8,19,1,6,0,0,1.65,3.89,5.04,1550.3387983761845,1505.6552645958366,44.68353378034794,Newcastle,1,2,16,17,1.0,0.0,7.0,22.0,1.6,1.4,14.0,15.2,Sunderland,2,1,17,16,0.0,1.0,14.0,12.0,0.6,1.2,9.6,17.2,0.6060606060606061,0.2570694087403599,0.1984126984126984,0.5709243712161584,0.2421658643975993,0.18690976438624232,1.9549389780460742,0.8028951575563263,0.38401460682991606,0.2421658643975993,3.0545454545454547,2.357575757575758,0.7718253968253969,A,19,23,0
2025_26,2026-03-22,Aston Villa,West Ham,2,0,H,1,0,H,23,9,7,1,6,6,3,7,0,1,0,0,1.95,3.56,3.7,1584.3027921084326,1466.5585841579173,117.74420795051537,Aston Villa,2,0,23,9,1.0,3.0,9.0,16.0,0.8,2.0,12.6,12.6,West Ham,0,2,9,23,1.0,1.0,1.0,24.0,1.0,1.4,9.6,14.8,0.5128205128205129,0.2808988764044944,0.27027027027027023,0.4819788503055363,0.26400526912803246,0.2540158805664312,1.7099418200446412,1.026052910827326,0.22796296973910507,0.26400526912803246,1.8974358974358976,1.8256410256410258,0.9621621621621621,H,1,25,2
2025_26,2026-03-22,Tottenham,Nott'm Forest,0,3,A,0,1,A,14,8,3,7,13,3,13,13,1,2,0,0,2.24,3.39,3.11,1414.4762105626992,1464.079020882284,-49.60281031958493,Tottenham,0,3,14,8,1.0,1.0,13.0,17.0,1.0,2.4,12.0,17.0,Nott'm Forest,3,0,8,14,0.0,0.0,11.0,5.0,0.6,1.0,17.2,11.4,0.4464285714285714,0.2949852507374631,0.3215434083601286,0.41998733214090805,0.2775137533910425,0.30249891446804955,1.5374757498137668,1.185010496795191,0.1174884176728585,0.2775137533910425,1.388392857142857,1.513392857142857,1.090032154340836,A,24,20,0
2025_26,2026-04-10,West Ham,Wolves,4,0,H,1,0,H,18,14,7,3,5,2,11,7,2,2,0,0,1.78,3.74,4.34,1458.957618429497,1406.5040481273124,52.45357030218452,West Ham,4,0,18,14,0.0,2.0,9.0,23.0,0.8,1.6,10.0,17.6,Wolves,0,4,14,18,2.0,2.0,13.0,10.0,1.6,1.2,8.6,13.4,0.5617977528089888,0.267379679144385,0.2304147465437788,0.5302018684262103,0.2523420657215653,0.2174560658522245,1.8429476710001962,0.9047102632782389,0.3127458025739858,0.2523420657215653,2.438202247191011,2.101123595505618,0.8617511520737328,H,25,26,2
2025_26,2026-04-11,Liverpool,Fulham,2,0,H,2,0,H,18,19,5,4,6,9,10,4,0,0,0,0,1.62,4.18,4.83,1585.5230395310489,1519.2270704641157,66.29596906693314,Liverpool,2,0,18,19,1.0,2.0,12.0,16.0,1.8,1.4,15.2,12.4,Fulham,0,2,19,18,3.0,1.0,22.0,9.0,1.6,0.8,14.0,10.8,0.6172839506172839,0.23923444976076558,0.20703933747412007,0.5803953360011039,0.2249379053401408,0.19466675865875535,1.9661239133434525,0.8089381813164068,0.38572857734234856,0.2249379053401408,2.9814814814814814,2.5802469135802464,0.8654244306418218,H,15,10,2
2025_26,2026-04-11,Burnley,Brighton,0,2,A,0,1,A,10,13,5,6,8,2,7,11,2,1,0,0,4.48,3.93,1.72,1367.7995229219607,1560.5681657449693,-192.76864282300858,Burnley,0,2,10,13,1.0,3.0,9.0,22.0,1.0,2.0,10.6,17.2,Brighton,2,0,13,10,2.0,1.0,16.0,12.0,1.4,0.6,12.8,11.8,0.2232142857142857,0.2544529262086514,0.5813953488372093,0.21076591127352545,0.24026241285124533,0.5489716758752292,0.8725601466718218,1.887177440476933,-0.33820576460170376,0.24026241285124533,0.3839285714285714,0.8772321428571428,2.2848837209302326,A,5,4,0
2025_26,2026-04-11,Arsenal,Bournemouth,1,2,A,1,1,D,15,8,3,3,10,1,12,18,1,3,0,0,1.43,4.55,7.06,1731.7194275072504,1542.7987896207492,188.92063788650125,Arsenal,1,2,15,8,2.0,0.0,25.0,9.0,2.2,0.8,14.8,8.0,Bournemouth,2,1,8,15,2.0,2.0,16.0,14.0,0.6,0.6,16.4,12.4,0.6993006993006994,0.21978021978021978,0.141643059490085,0.659267362130146,0.20719831381233159,0.13353432405752247,2.1850004002027696,0.607801285984899,0.5257330380726235,0.20719831381233159,4.937062937062937,3.1818181818181817,0.6444759206798867,A,0,2,0
2025_26,2026-04-11,Brentford,Everton,2,2,D,1,1,D,17,14,4,7,2,3,6,7,0,2,0,0,2.13,3.31,3.45,1552.9161444918213,1551.6449932759347,1.2711512158866753,Brentford,2,2,17,14,0.0,0.0,6.0,14.0,1.2,1.4,10.0,12.6,Everton,2,2,14,17,3.0,0.0,10.0,12.0,1.6,1.0,10.8,14.0,0.4694835680751174,0.3021148036253776,0.2898550724637681,0.44230255284042713,0.28462369714504826,0.2730737500145246,1.6115313556663295,1.103844947188622,0.16922880282590252,0.28462369714504826,1.619718309859155,1.5539906103286385,0.9594202898550724,D,3,9,1
2025_26,2026-04-12,Crystal Palace,Newcastle,2,1,H,0,1,A,11,7,5,3,2,4,17,12,0,3,0,0,3.07,3.5,2.22,1503.6939757854846,1530.5598310806026,-26.86585529511808,Crystal Palace,2,1,11,7,0.0,0.0,12.0,10.0,1.4,1.2,12.8,12.4,Newcastle,1,2,7,11,1.0,2.0,16.0,17.0,1.4,1.6,13.0,15.4,0.32573289902280134,0.2857142857142857,0.4504504504504504,0.3067460442788113,0.2690601016959859,0.42419385402520293,1.18929823453242,1.5416416637715948,-0.11744780974639163,0.2690601016959859,0.723127035830619,1.1400651465798046,1.5765765765765765,H,8,19,2
2025_26,2026-04-12,Nott'm Forest,Aston Villa,1,1,D,1,1,D,15,12,4,5,7,3,15,10,2,2,0,0,2.61,3.33,2.65,1479.9586280271326,1591.903757836853,-111.94512980972036,Nott'm Forest,1,1,15,12,3.0,0.0,8.0,14.0,1.2,1.0,11.8,12.8,Aston Villa,1,1,12,15,2.0,0.0,23.0,9.0,1.0,2.0,14.2,12.6,0.3831417624521073,0.3003003003003003,0.37735849056603776,0.361181714369912,0.2830883707223634,0.35572991490772465,1.3666335138320995,1.3502781154455374,0.005451799462187323,0.2830883707223634,1.0153256704980842,1.2758620689655173,1.2566037735849058,D,20,1,1
2025_26,2026-04-12,Sunderland,Tottenham,1,0,H,0,0,D,13,11,2,7,2,6,14,15,3,3,0,0,2.62,3.34,2.63,1525.4342318914184,1398.5966034178507,126.83762847356775,Sunderland,1,0,13,11,2.0,1.0,17.0,16.0,1.0,1.2,10.8,15.8,Tottenham,0,1,11,13,0.0,3.0,14.0,8.0,0.8,2.6,11.6,14.4,0.38167938931297707,0.29940119760479045,0.3802281368821293,0.3596308790776889,0.282105659635792,0.3582634612865191,1.3609982968688588,1.3568960434953492,0.0013674177911698338,0.282105659635792,1.0038167938931297,1.2748091603053433,1.2699619771863118,H,23,24,2
2025_26,2026-04-12,Chelsea,Man City,0,3,A,0,0,D,12,18,3,8,4,12,10,14,3,1,0,0,3.08,3.8,2.1,1571.034618719359,1681.145202541573,-110.11058382221404,Chelsea,0,3,12,18,0.0,3.0,12.0,10.0,1.2,1.6,14.0,10.0,Man City,3,0,18,12,1.0,1.0,24.0,1.0,1.8,0.8,17.4,10.2,0.3246753246753247,0.2631578947368421,0.47619047619047616,0.3051391862955033,0.2473233404710921,0.44753747323340476,1.162740899357602,1.5899357601713064,-0.14239828693790146,0.2473233404710921,0.6818181818181819,1.2337662337662336,1.8095238095238093,A,6,17,0
2025_26,2026-04-13,Man United,Leeds,1,2,A,0,2,A,20,15,9,6,11,4,12,15,3,2,1,0,1.59,4.07,5.3,1604.904211624461,1482.7299684264956,122.17424319796532,Man United,1,2,20,15,2.0,2.0,14.0,16.0,1.8,1.2,15.0,11.4,Leeds,2,1,15,20,0.0,0.0,14.0,6.0,0.2,0.6,14.0,10.2,0.6289308176100629,0.24570024570024568,0.18867924528301888,0.5914837959598896,0.2310710652521436,0.17744513878796692,2.0055224531318125,0.7634064816160443,0.41403865717192273,0.2310710652521436,3.333333333333333,2.559748427672956,0.7679245283018868,A,18,13,0
2025_26,2026-04-18,Tottenham,Brighton,2,2,D,1,1,D,13,10,6,3,7,5,14,14,3,1,0,0,2.68,3.65,2.41,1391.288855877659,1570.477931570208,-179.18907569254907,Tottenham,2,2,13,10,0.0,1.0,11.0,13.0,0.6,2.0,12.6,13.0,Brighton,2,2,10,13,2.0,0.0,13.0,10.0,1.4,0.6,13.2,11.2,0.3731343283582089,0.273972602739726,0.41493775933609955,0.35133580697599176,0.2579671130673036,0.39069707995670455,1.3119745339952789,1.4300583529374171,-0.03936127298071279,0.2579671130673036,0.8992537313432836,1.3619402985074627,1.5145228215767634,D,24,4,1
2025_26,2026-04-18,Leeds,Wolves,3,0,H,2,0,H,17,7,6,2,5,6,9,17,2,1,0,0,1.6,3.93,5.5,1505.2728141134714,1396.5822422902863,108.69057182318511,Leeds,3,0,17,7,2.0,1.0,15.0,20.0,0.4,0.6,14.2,11.0,Wolves,0,3,7,17,0.0,4.0,14.0,18.0,1.2,1.6,10.4,15.0,0.625,0.2544529262086514,0.18181818181818182,0.5889164373484456,0.23976241724109743,0.1713211454104569,2.006511729286434,0.7537258534724682,0.41759529193798867,0.23976241724109743,3.4375,2.45625,0.7145454545454546,H,13,26,2
2025_26,2026-04-18,Newcastle,Bournemouth,1,2,A,0,1,A,12,12,3,3,2,3,11,12,2,4,0,0,1.96,3.81,3.48,1517.4125726576488,1567.2832403240766,-49.870667666427835,Newcastle,1,2,12,12,1.0,2.0,7.0,11.0,1.4,1.6,11.8,14.6,Bournemouth,2,1,12,12,2.0,1.0,8.0,15.0,1.0,0.8,16.0,11.4,0.5102040816326531,0.26246719160104987,0.28735632183908044,0.4813120752744381,0.24760411221467155,0.2710838125108904,1.6915403380379856,1.0608555497473429,0.21022826276354767,0.24760411221467155,1.7755102040816326,1.9438775510204083,1.0948275862068966,A,19,2,0
2025_26,2026-04-18,Brentford,Fulham,0,0,D,0,0,D,13,11,4,0,9,3,8,13,0,1,0,0,2.09,3.63,3.26,1549.8815679231304,1509.827078726101,40.0544891970294,Brentford,0,0,13,11,2.0,2.0,17.0,14.0,1.6,1.4,10.8,13.2,Fulham,0,0,11,13,0.0,2.0,19.0,18.0,1.0,1.0,15.4,12.0,0.47846889952153115,0.27548209366391185,0.3067484662576687,0.4510880959369366,0.25971738856975135,0.2891945154933121,1.6129816763805613,1.1273009350496876,0.1618935804436245,0.25971738856975135,1.5598086124401913,1.736842105263158,1.1134969325153374,D,3,10,1
2025_26,2026-04-18,Chelsea,Man United,0,1,A,0,1,A,21,4,3,1,7,1,12,13,1,3,0,0,2.21,3.54,3.07,1557.7586791206252,1582.361365937485,-24.602686816859887,Chelsea,0,1,21,4,0.0,3.0,12.0,18.0,1.0,2.0,14.0,11.2,Man United,1,0,4,21,1.0,2.0,20.0,15.0,1.8,1.6,16.8,12.0,0.45248868778280543,0.2824858757062147,0.32573289902280134,0.4265914059954702,0.26631836362994044,0.3070902303745893,1.5460925816163509,1.1875890547537085,0.11950117562088086,0.26631836362994044,1.3891402714932126,1.6018099547511313,1.1530944625407167,A,6,18,0
2025_26,2026-04-19,Aston Villa,Sunderland,4,3,H,2,1,H,15,10,7,7,4,5,11,11,1,3,0,0,1.65,3.78,5.25,1590.101588177146,1532.7419794316102,57.35960874553575,Aston Villa,4,3,15,10,1.0,1.0,12.0,15.0,1.0,2.0,13.4,12.8,Sunderland,3,4,10,15,1.0,0.0,13.0,11.0,1.0,0.6,11.0,15.6,0.6060606060606061,0.2645502645502646,0.19047619047619047,0.57116953762466,0.2493200362647326,0.1795104261106074,1.9628286491387126,0.7878513145965549,0.39165911151405264,0.2493200362647326,3.181818181818182,2.290909090909091,0.72,H,1,23,2
2025_26,2026-04-19,Everton,Liverpool,1,2,A,0,1,A,10,14,4,6,1,6,8,12,2,0,0,0,3.11,3.36,2.25,1554.6795698446256,1594.9230312690636,-40.24346142443801,Everton,1,2,10,14,2.0,2.0,14.0,17.0,2.0,1.2,11.2,15.2,Liverpool,2,1,14,10,2.0,0.0,18.0,19.0,2.0,1.4,16.8,12.6,0.3215434083601286,0.2976190476190476,0.4444444444444444,0.30231414278344954,0.2798205309692048,0.41786532624734574,1.1867629593195534,1.533416509711242,-0.1155511834638962,0.2798205309692048,0.7234726688102894,1.0803858520900322,1.4933333333333332,A,9,15,0
2025_26,2026-04-19,Nott'm Forest,Burnley,4,1,H,0,1,A,10,4,4,3,4,4,8,12,0,2,0,0,1.49,4.25,6.32,1481.7607976868396,1357.889757096722,123.87104059011767,Nott'm Forest,4,1,10,4,1.0,1.0,15.0,12.0,1.4,1.0,11.2,13.2,Burnley,1,4,4,10,0.0,2.0,10.0,13.0,0.8,2.2,10.2,17.4,0.6711409395973155,0.23529411764705882,0.1582278481012658,0.6303788140147809,0.2210033959722408,0.14861779001297837,2.1121398380165837,0.6668567660111759,0.48176102400180254,0.2210033959722408,4.241610738255034,2.8523489932885906,0.6724683544303797,H,20,5,2
2025_26,2026-04-19,Man City,Arsenal,2,1,H,1,1,D,15,9,5,3,8,5,5,12,2,2,0,0,1.82,3.6,4.25,1694.421142140307,1707.234976803923,-12.813834663616035,Man City,2,1,15,9,3.0,0.0,18.0,12.0,1.8,0.8,18.4,9.8,Arsenal,1,2,9,15,1.0,2.0,15.0,8.0,2.0,0.8,15.8,8.6,0.5494505494505494,0.2777777777777778,0.23529411764705882,0.5171190049683982,0.2614323858451347,0.22144860918646703,1.8127894007503293,0.9257782134045358,0.2956703957819312,0.2614323858451347,2.3351648351648353,1.978021978021978,0.8470588235294118,H,17,0,2
2025_26,2026-04-20,Crystal Palace,West Ham,0,0,D,0,0,D,9,9,1,4,4,6,13,12,2,1,0,0,2.31,3.21,3.11,1516.8412342084384,1468.879424266523,47.96180994191536,Crystal Palace,0,0,9,9,2.0,1.0,11.0,7.0,1.4,0.8,10.8,12.2,West Ham,0,0,9,9,4.0,0.0,18.0,14.0,1.6,1.6,9.6,18.4,0.4329004329004329,0.3115264797507788,0.3215434083601286,0.4061092737457439,0.29224686054600263,0.3016438657082535,1.5105746817832344,1.1971784576707631,0.10446540803749038,0.29224686054600263,1.3463203463203461,1.3896103896103895,1.032154340836013,D,8,25,1
2025_26,2026-04-21,Brighton,Chelsea,3,0,H,1,0,H,15,6,9,0,6,5,15,6,1,1,0,0,2.44,3.62,2.66,1565.9131620696905,1540.8097980854932,25.103363984197358,Brighton,3,0,15,6,2.0,2.0,10.0,13.0,1.4,0.8,12.4,11.2,Chelsea,0,3,6,15,0.0,1.0,21.0,4.0,0.8,1.8,16.4,9.6,0.4098360655737705,0.27624309392265195,0.37593984962406013,0.3859027588528559,0.26011125182347195,0.3539859893236723,1.4178195283820396,1.3220692197944888,0.0319167695291836,0.26011125182347195,1.0901639344262295,1.4836065573770492,1.3609022556390977,H,4,6,2
2025_26,2026-04-22,Bournemouth,Leeds,2,2,D,0,0,D,17,10,7,3,12,1,6,10,3,0,0,0,2.02,3.51,3.57,1583.1513223852373,1513.173333423212,69.97798896202539,Bournemouth,2,2,17,10,2.0,1.0,12.0,12.0,1.2,0.8,14.2,12.2,Leeds,2,2,10,17,3.0,0.0,17.0,7.0,1.0,0.4,14.8,9.6,0.49504950495049505,0.2849002849002849,0.2801120448179272,0.46700059256940324,0.26875817578068223,0.2642412316499145,1.669759953488892,1.0614818707304257,0.20275936091948876,0.26875817578068223,1.7673267326732673,1.7376237623762376,0.9831932773109243,D,2,13,1
2025_26,2026-04-22,Burnley,Man City,0,1,A,0,1,A,9,28,1,9,3,11,10,12,0,0,0,0,16.53,8.3,1.14,1350.4872008932261,1706.9742735747463,-356.4870726815202,Burnley,0,1,9,28,1.0,4.0,4.0,10.0,0.4,2.2,8.6,16.2,Man City,1,0,28,9,2.0,1.0,15.0,9.0,1.8,0.8,18.4,9.0,0.060496067755595885,0.12048192771084336,0.8771929824561404,0.05717040914726546,0.11385865821738529,0.8289709326353493,0.2853698856591817,2.600771456123433,-0.7718005234880838,0.11385865821738529,0.0689655172413793,0.5021173623714459,7.280701754385966,A,5,17,0
2025_26,2026-04-24,Sunderland,Nott'm Forest,0,5,A,0,4,A,14,10,4,6,3,6,13,15,2,5,0,0,2.67,3.18,2.66,1523.0068033264363,1489.1633538903354,33.843449436100855,Sunderland,0,5,14,10,3.0,4.0,10.0,15.0,1.4,1.2,11.4,14.4,Nott'm Forest,5,0,10,14,4.0,1.0,10.0,4.0,2.0,0.8,10.6,11.2,0.37453183520599254,0.31446540880503143,0.37593984962406013,0.35169385820485954,0.29529012622860845,0.35301601556653195,1.350371700843187,1.3543381729282045,-0.0013221573616724047,0.29529012622860845,0.9962546816479402,1.1910112359550562,1.1954887218045114,A,23,20,0
2025_26,2026-04-25,Fulham,Aston Villa,1,0,H,1,0,H,13,10,6,1,2,5,14,12,2,2,0,0,2.67,3.5,2.47,1514.4257252246464,1599.8367642823198,-85.4110390576734,Fulham,1,0,13,10,0.0,0.0,11.0,13.0,0.6,0.8,14.0,12.0,Aston Villa,0,1,10,13,4.0,3.0,15.0,10.0,1.8,2.2,13.6,13.0,0.37453183520599254,0.2857142857142857,0.4048582995951417,0.35163860743789893,0.26825002338834,0.38011136917376115,1.3231658457020368,1.4085841309096234,-0.028472761735862218,0.26825002338834,0.9250936329588016,1.3108614232209739,1.4170040485829958,H,10,1,2
2025_26,2026-04-25,Wolves,Tottenham,0,1,A,0,0,D,11,11,2,2,5,5,8,14,3,4,0,0,4.48,3.99,1.7,1388.6817229805458,1395.8536253781765,-7.171902397630674,Wolves,0,1,11,11,0.0,3.0,7.0,17.0,1.2,2.0,9.4,15.6,Tottenham,1,0,11,11,2.0,2.0,13.0,10.0,0.8,2.0,12.6,11.4,0.2232142857142857,0.2506265664160401,0.5882352941176471,0.21016787402941048,0.23597796382249597,0.5538541621480936,0.8664815859107273,1.8975404502667768,-0.34368628811868307,0.23597796382249597,0.37946428571428564,0.890625,2.347058823529412,A,26,24,0
2025_26,2026-04-25,West Ham,Everton,2,1,H,0,0,D,10,11,3,3,3,4,9,11,3,4,0,0,2.38,3.34,2.9,1473.7851748215644,1538.3980088061044,-64.61283398453998,West Ham,2,1,10,11,0.0,0.0,9.0,9.0,1.2,0.6,9.2,16.6,Everton,1,2,11,10,1.0,2.0,10.0,14.0,1.6,1.2,11.4,14.6,0.42016806722689076,0.29940119760479045,0.3448275862068966,0.3947475669595553,0.281287188432258,0.32396524460818676,1.465529889310924,1.2531829222568183,0.07078232235136855,0.281287188432258,1.2184873949579833,1.403361344537815,1.1517241379310346,H,25,9,2
2025_26,2026-04-25,Liverpool,Crystal Palace,3,1,H,2,0,H,9,14,3,7,5,8,10,10,1,3,0,0,1.44,4.76,6.31,1611.2045923075848,1511.9354836533971,99.26910865418768,Liverpool,3,1,9,14,2.0,1.0,14.0,10.0,1.4,1.2,16.0,12.4,Crystal Palace,1,3,14,9,0.0,0.0,9.0,9.0,1.2,0.8,9.8,11.6,0.6944444444444444,0.21008403361344538,0.1584786053882726,0.6532829886637491,0.1976318285033191,0.14908518283293168,2.1574807944945666,0.6448873770021141,0.5041978058308174,0.1976318285033191,4.381944444444445,3.3055555555555554,0.7543581616481775,H,15,8,2
2025_26,2026-04-25,Arsenal,Newcastle,1,0,H,1,0,H,11,13,4,3,7,2,13,10,2,2,0,0,1.45,4.66,6.22,1694.6818453694837,1501.544490596488,193.13735477299565,Arsenal,1,0,11,13,1.0,2.0,9.0,15.0,1.4,1.0,13.6,10.4,Newcastle,0,1,13,11,1.0,2.0,12.0,12.0,1.2,1.4,10.8,15.2,0.6896551724137931,0.2145922746781116,0.1607717041800643,0.6475518976256222,0.20149147029123435,0.15095663208314342,2.1441471631681006,0.6543613665406646,0.49659526554247874,0.20149147029123435,4.289655172413793,3.213793103448276,0.7491961414790997,H,0,19,2
2025_26,2026-04-27,Man United,Brentford,2,1,H,2,0,H,11,12,6,4,7,8,6,9,2,4,0,0,1.84,3.82,3.84,1599.310246972617,1545.282921424585,54.02732554803197,Man United,2,1,11,12,1.0,0.0,4.0,21.0,1.6,1.4,13.6,14.6,Brentford,1,2,12,11,0.0,0.0,13.0,11.0,0.8,0.8,10.2,13.0,0.5434782608695652,0.2617801047120419,0.2604166666666667,0.5099849808088113,0.24564721588696667,0.2443678033042221,1.7756021583134005,0.978750625799633,0.2656171775045892,0.24564721588696667,2.0869565217391304,2.076086956521739,0.9947916666666666,H,18,3,2
2025_26,2026-05-01,Leeds,Burnley,3,1,H,1,0,H,18,9,8,3,5,0,12,11,4,3,0,0,1.34,5.09,8.57,1518.9096066967566,1345.6504937669702,173.2591129297864,Leeds,3,1,18,9,2.0,2.0,10.0,17.0,1.4,0.6,13.2,12.4,Burnley,1,3,9,18,0.0,1.0,9.0,28.0,0.4,2.0,9.4,19.0,0.7462686567164178,0.19646365422396858,0.11668611435239207,0.7044135149057661,0.18544481531900328,0.11014166977523064,2.2986853600363015,0.5158698246446952,0.5942718451305354,0.18544481531900328,6.395522388059701,3.7985074626865667,0.5939323220536755,H,13,5,2
2025_26,2026-05-02,Brentford,West Ham,3,0,H,1,0,H,14,13,6,4,2,6,8,12,1,3,0,0,1.91,3.77,3.62,1535.4211801842457,1488.5526108059987,46.868569378247,Brentford,3,0,14,13,1.0,2.0,12.0,11.0,1.0,1.2,11.6,12.6,West Ham,0,3,13,14,2.0,1.0,10.0,11.0,1.4,0.8,9.4,16.2,0.5235602094240838,0.26525198938992045,0.27624309392265195,0.4915803085479229,0.24904997064364268,0.25936972080843446,1.7237908962874113,1.027159133068946,0.23221058773948844,0.24904997064364268,1.8952879581151834,1.9738219895287958,1.0414364640883977,H,3,25,2
2025_26,2026-05-02,Newcastle,Brighton,3,1,H,2,0,H,13,13,6,4,2,10,10,12,3,3,0,0,2.5,3.6,2.6,1496.137370639622,1576.906786507997,-80.76941586837484,Newcastle,3,1,13,13,0.0,1.0,13.0,11.0,0.8,1.4,11.0,14.6,Brighton,1,3,13,13,3.0,0.0,15.0,6.0,2.0,0.6,13.2,11.0,0.4,0.2777777777777778,0.3846153846153846,0.3765084473049075,0.2614641995172969,0.3620273531777956,1.3909895414320192,1.3475462590506837,0.014481094127111904,0.2614641995172969,1.04,1.44,1.3846153846153846,H,19,4,2
2025_26,2026-05-02,Wolves,Sunderland,1,1,D,0,1,A,20,10,7,2,6,3,11,11,0,4,0,1,3.24,3.35,2.18,1370.9984013740218,1503.6524182702474,-132.65401689622558,Wolves,1,1,20,10,0.0,1.0,11.0,11.0,0.8,2.2,9.8,15.0,Sunderland,1,1,10,20,0.0,5.0,14.0,10.0,1.2,2.2,13.6,12.8,0.30864197530864196,0.29850746268656714,0.4587155963302752,0.28956947208983275,0.28006122076748,0.43036930714268723,1.1487696370369782,1.5711691421955416,-0.14079983505285448,0.28006122076748,0.6728395061728395,1.0339506172839505,1.536697247706422,D,26,23,1
2025_26,2026-05-02,Arsenal,Fulham,3,0,H,3,0,H,18,10,9,1,3,4,7,12,0,1,0,0,1.44,4.39,7.0,1700.0889653263496,1530.09063724989,169.99832807645953,Arsenal,3,0,18,10,1.0,0.0,11.0,13.0,1.2,0.8,13.4,11.2,Fulham,0,3,10,18,1.0,0.0,13.0,10.0,0.8,0.6,14.0,12.2,0.6944444444444444,0.22779043280182235,0.14285714285714285,0.6520041755425235,0.2138692512030146,0.13412657325446198,2.1698817778305854,0.6162489709664005,0.5178776022880616,0.2138692512030146,4.861111111111112,3.048611111111111,0.6271428571428571,H,0,10,2
2025_26,2026-05-03,Aston Villa,Tottenham,1,2,A,0,2,A,5,10,1,5,5,5,12,12,2,5,0,0,2.1,3.59,3.21,1584.1718522570761,1413.5369469847005,170.6349052723756,Aston Villa,1,2,5,10,0.0,1.0,10.0,13.0,1.6,1.6,13.8,12.6,Tottenham,2,1,10,5,1.0,0.0,11.0,11.0,0.8,1.4,12.4,11.8,0.47619047619047616,0.2785515320334262,0.3115264797507788,0.4465952821085185,0.2612395800634788,0.29216513782800274,1.6010254263890342,1.137734993547487,0.15443014428051577,0.2612395800634788,1.5285714285714285,1.7095238095238094,1.118380062305296,A,1,24,0
2025_26,2026-05-03,Man United,Liverpool,3,2,H,2,0,H,18,13,6,5,3,2,12,11,2,2,0,0,2.29,3.73,2.76,1609.1719882129564,1619.424774877562,-10.252786664605537,Man United,3,2,18,13,2.0,1.0,11.0,12.0,1.8,1.2,13.0,14.6,Liverpool,2,3,13,18,3.0,1.0,9.0,14.0,1.8,1.0,14.0,14.4,0.4366812227074236,0.2680965147453083,0.3623188405797102,0.4092237119835909,0.2512392226387194,0.33953706537768963,1.4789103585894923,1.2698504187717883,0.06968664660590129,0.2512392226387194,1.205240174672489,1.6288209606986899,1.3514492753623188,H,18,15,2
2025_26,2026-05-03,Bournemouth,Crystal Palace,3,0,H,2,0,H,16,7,5,1,7,1,10,11,0,2,0,0,1.58,4.16,5.2,1577.4150491116927,1503.71530108342,73.69974802827278,Bournemouth,3,0,16,7,2.0,2.0,17.0,10.0,1.6,1.2,15.0,13.2,Crystal Palace,0,3,7,16,1.0,3.0,14.0,9.0,1.2,1.0,11.0,9.4,0.6329113924050632,0.24038461538461536,0.1923076923076923,0.593946316390634,0.22558537978298115,0.18046830382638493,2.007424328954883,0.766990291262136,0.4134780125642491,0.22558537978298115,3.291139240506329,2.632911392405063,0.8,H,2,8,2
2025_26,2026-05-04,Chelsea,Nott'm Forest,1,3,A,0,2,A,21,6,5,4,10,1,12,10,3,1,0,0,1.68,3.93,4.65,1529.8161736471868,1508.5177389465243,21.298434700662483,Chelsea,1,3,21,6,0.0,3.0,6.0,15.0,0.0,2.2,14.6,10.8,Nott'm Forest,3,1,6,21,5.0,0.0,10.0,14.0,2.6,0.4,10.8,9.8,0.5952380952380952,0.2544529262086514,0.2150537634408602,0.5590429778915779,0.23898020428952949,0.20197681781889262,1.9161091379642632,0.8449106577462073,0.3570661600726852,0.23898020428952949,2.7678571428571432,2.3392857142857144,0.8451612903225806,A,6,20,0
2025_26,2026-05-04,Everton,Man City,3,3,D,0,1,A,14,21,6,4,5,9,15,5,4,1,0,0,6.38,4.63,1.44,1523.63057282167,1711.8109807010023,-188.18040787933228,Everton,3,3,14,21,1.0,2.0,11.0,10.0,1.4,1.6,10.8,15.6,Man City,3,3,21,14,1.0,0.0,28.0,9.0,1.8,0.8,21.2,8.0,0.15673981191222572,0.2159827213822894,0.6944444444444444,0.14687468332679796,0.20238887248919457,0.6507364441840076,0.6430129224695884,2.1545982050412174,-0.5038617608572096,0.20238887248919457,0.225705329153605,0.725705329153605,3.2152777777777777,D,9,17,1
2025_26,2026-05-09,Brighton,Wolves,3,0,H,2,0,H,14,5,6,1,7,1,9,11,1,2,0,0,1.27,5.88,9.98,1561.4419823024562,1373.6744471693466,187.7675351331095,Brighton,3,0,14,5,1.0,3.0,13.0,13.0,2.0,1.2,13.4,10.8,Wolves,0,3,5,14,1.0,1.0,20.0,10.0,0.6,2.2,13.0,13.2,0.7874015748031495,0.17006802721088435,0.1002004008016032,0.7444680975228546,0.16079498024728323,0.09473692222986226,2.3941992728158468,0.44500574693687,0.6497311752929923,0.16079498024728323,7.858267716535433,4.6299212598425195,0.5891783567134268,H,4,26,2
2025_26,2026-05-09,Fulham,Bournemouth,0,1,A,0,0,D,14,10,2,5,11,2,12,21,4,2,1,1,2.68,3.66,2.39,1524.0677906539129,1586.5421580827945,-62.47436742888158,Fulham,0,1,14,10,0.0,3.0,10.0,18.0,0.8,1.2,15.0,13.6,Bournemouth,1,0,10,14,3.0,0.0,16.0,7.0,2.2,1.2,13.8,11.6,0.3731343283582089,0.27322404371584696,0.41841004184100417,0.35043707484355846,0.2566041968799827,0.3929587282764589,1.3079154214106583,1.4354803817093593,-0.04252165343290043,0.2566041968799827,0.8917910447761194,1.3656716417910448,1.5313807531380752,A,10,2,0
2025_26,2026-05-09,Sunderland,Man United,0,0,D,0,0,D,15,11,4,1,7,8,12,12,0,3,0,0,3.93,3.7,1.86,1500.9763724749225,1621.61762372983,-120.6412512549075,Sunderland,0,0,15,11,1.0,1.0,10.0,20.0,1.4,2.2,12.8,14.4,Man United,0,0,11,15,3.0,2.0,18.0,13.0,1.8,1.4,13.4,15.4,0.2544529262086514,0.27027027027027023,0.5376344086021505,0.2395172068159038,0.2544061142666221,0.5060766789174741,0.9729577347143334,1.7726361510190445,-0.26655947210157027,0.2544061142666221,0.4732824427480916,0.9414758269720102,1.989247311827957,D,23,18,1
2025_26,2026-05-09,Man City,Brentford,3,0,H,0,0,D,25,4,10,2,10,2,8,14,4,2,0,0,1.35,5.51,7.23,1706.8968037147663,1545.5576234152138,161.33918029955248,Man City,3,0,25,4,3.0,3.0,21.0,14.0,2.0,1.0,21.2,9.0,Brentford,0,3,4,25,3.0,0.0,14.0,13.0,1.2,0.8,12.4,12.6,0.7407407407407407,0.18148820326678766,0.1383125864453665,0.6984551943236149,0.17112786067819968,0.13041694499818535,2.2664934436490443,0.5623786956727557,0.5680382493254296,0.17112786067819968,5.355555555555555,4.0814814814814815,0.7621023513139695,H,17,3,2
2025_26,2026-05-09,Liverpool,Chelsea,1,1,D,1,1,D,8,6,3,3,5,2,17,17,2,4,0,0,1.82,3.95,3.81,1606.9791393606884,1510.962792654847,96.01634670584144,Liverpool,1,1,8,6,2.0,3.0,13.0,18.0,2.0,1.4,13.2,15.4,Chelsea,1,1,6,8,1.0,3.0,21.0,6.0,0.2,2.6,14.4,10.6,0.5494505494505494,0.2531645569620253,0.26246719160104987,0.5158761444775424,0.23769483112636128,0.24642902439609637,1.7853232645589885,0.9769819043146504,0.269447120081446,0.23769483112636128,2.0934065934065935,2.17032967032967,1.036745406824147,D,15,6,1
2025_26,2026-05-10,Nott'm Forest,Newcastle,1,1,D,0,0,D,17,16,6,6,2,1,16,11,2,0,0,0,2.58,3.48,2.56,1527.3711199388642,1511.6021748451628,15.768945093701404,Nott'm Forest,1,1,17,16,3.0,1.0,6.0,21.0,3.2,0.6,9.8,13.0,Newcastle,1,1,16,17,3.0,1.0,13.0,13.0,1.2,1.6,12.2,12.8,0.38759689922480617,0.28735632183908044,0.390625,0.3637432631063204,0.269671729544341,0.3665850073493386,1.360901518863302,1.3694267515923566,-0.002841744243018196,0.269671729544341,0.9922480620155039,1.3488372093023255,1.359375,D,20,19,1
2025_26,2026-05-10,West Ham,Arsenal,0,1,A,0,0,D,9,15,3,4,4,3,14,12,3,4,0,0,5.29,4.09,1.58,1478.4161675750306,1706.1118119223268,-227.69564434729614,West Ham,0,1,9,15,0.0,3.0,13.0,14.0,1.2,1.2,11.8,14.2,Arsenal,1,0,15,9,3.0,0.0,18.0,10.0,1.6,0.8,15.6,11.0,0.1890359168241966,0.24449877750611249,0.6329113924050632,0.1772578278221991,0.22926501446929906,0.593477157708502,0.7610384979358963,2.009696487594805,-0.41621932988630284,0.22926501446929906,0.29867674858223064,0.773156899810964,2.5886075949367084,A,25,0,0
2025_26,2026-05-10,Burnley,Aston Villa,2,2,D,1,1,D,15,18,6,7,2,8,18,8,1,1,0,0,5.34,4.09,1.58,1339.7174956596161,1560.1770787478306,-220.45958308821446,Burnley,2,2,15,18,1.0,3.0,9.0,18.0,0.6,2.6,8.2,18.2,Aston Villa,2,2,18,15,1.0,2.0,5.0,10.0,1.6,1.4,13.0,11.4,0.18726591760299627,0.24449877750611249,0.6329113924050632,0.175890038105607,0.22964616222101256,0.5944637996733805,0.7573162765378335,2.0130375612411537,-0.4185737615677735,0.22964616222101256,0.2958801498127341,0.7659176029962547,2.5886075949367084,D,5,1,1
2025_26,2026-05-10,Crystal Palace,Everton,2,2,D,1,1,D,21,13,8,6,5,10,5,13,0,2,0,0,2.71,3.26,2.56,1494.5881921123182,1528.544749807906,-33.95655769558789,Crystal Palace,2,2,21,13,0.0,3.0,7.0,16.0,0.6,1.4,10.6,10.2,Everton,2,2,13,21,3.0,3.0,14.0,21.0,2.0,1.8,11.8,14.8,0.36900369003690037,0.3067484662576687,0.390625,0.3460348788032076,0.2876547612137094,0.3663103599830831,1.3257593976233324,1.3865858411629588,-0.020275481179875487,0.2876547612137094,0.944649446494465,1.2029520295202951,1.2734375,D,8,9,1
2025_26,2026-05-11,Tottenham,Leeds,1,1,D,0,0,D,16,11,3,4,14,2,12,7,3,1,0,0,1.82,3.82,3.92,1437.531720493946,1524.8426048041106,-87.31088431016451,Tottenham,1,1,16,11,2.0,1.0,10.0,5.0,1.0,1.4,11.8,9.4,Leeds,1,1,11,16,3.0,1.0,18.0,9.0,2.0,0.8,14.8,11.8,0.5494505494505494,0.2617801047120419,0.25510204081632654,0.5152712207341748,0.24549571249638694,0.2392330667694383,1.7913093746989113,0.9631949128047018,0.2760381539647364,0.24549571249638694,2.1538461538461537,2.0989010989010985,0.9744897959183674,D,24,13,1
2025_26,2026-05-13,Man City,Crystal Palace,3,0,H,2,0,H,15,6,4,2,9,4,10,7,0,2,0,0,1.19,7.03,12.75,1713.1631757973546,1493.0376301552524,220.12554564210222,Man City,3,0,15,6,3.0,0.0,25.0,4.0,2.4,0.8,21.4,9.6,Crystal Palace,0,3,6,15,2.0,2.0,21.0,13.0,1.0,1.8,12.4,10.8,0.8403361344537815,0.14224751066856328,0.0784313725490196,0.7920115365549564,0.13406738669991436,0.07392107674512927,2.5101019963647833,0.35583061693530216,0.7180904598098271,0.13406738669991436,10.714285714285715,5.907563025210084,0.5513725490196079,H,17,8,2
2025_26,2026-05-15,Aston Villa,Liverpool,4,2,H,1,0,H,14,16,9,5,4,9,12,9,3,1,0,0,2.76,3.44,2.43,1554.0589788215855,1600.3115370407077,-46.25255821912219,Aston Villa,4,2,14,16,2.0,2.0,18.0,15.0,1.6,1.8,12.0,12.6,Liverpool,2,4,16,14,1.0,1.0,8.0,6.0,2.0,1.2,12.4,13.4,0.3623188405797102,0.29069767441860467,0.4115226337448559,0.34035276298431627,0.2730737284409049,0.38657350857477885,1.2941320173938535,1.4327942541652414,-0.046220745590462575,0.2730737284409049,0.8804347826086958,1.2463768115942029,1.4156378600823045,H,1,15,2
2025_26,2026-05-17,Man United,Nott'm Forest,3,2,H,1,0,H,29,11,8,4,7,6,11,5,2,1,0,0,1.58,4.23,4.94,1619.4466178958232,1523.7416081303377,95.70500976548556,Man United,3,2,29,11,0.0,0.0,11.0,15.0,1.4,1.0,12.8,15.2,Nott'm Forest,2,3,11,29,1.0,1.0,17.0,16.0,2.8,0.8,11.6,13.4,0.6329113924050632,0.23640661938534277,0.20242914979757085,0.5905417015215573,0.2205805882751916,0.18887771020325114,1.9922056928398635,0.7872137188849451,0.4016639913183061,0.2205805882751916,3.126582278481013,2.6772151898734178,0.8562753036437247,H,18,20,2
2025_26,2026-05-17,Brentford,Crystal Palace,2,2,D,1,1,D,14,16,3,5,9,4,7,5,1,3,0,0,1.71,4.09,4.17,1539.2912513326255,1488.2852923205635,51.00595901206202,Brentford,2,2,14,16,0.0,3.0,4.0,25.0,1.2,1.4,12.0,14.8,Crystal Palace,2,2,16,14,0.0,3.0,6.0,15.0,0.6,2.2,11.4,12.4,0.5847953216374269,0.24449877750611249,0.23980815347721823,0.5469966228243195,0.22869540954268616,0.22430796763299432,1.8696852780156445,0.9016193124416692,0.32268865519132517,0.22869540954268616,2.43859649122807,2.391812865497076,0.9808153477218226,D,3,8,1
2025_26,2026-05-17,Everton,Sunderland,1,3,A,1,0,H,10,7,4,3,3,2,14,9,3,0,0,0,1.81,3.63,4.18,1530.095311764972,1503.1473783089293,26.94793345604262,Everton,1,3,10,7,2.0,2.0,13.0,21.0,1.8,2.2,12.4,16.6,Sunderland,3,1,7,10,0.0,0.0,15.0,11.0,1.0,2.0,12.4,13.4,0.5524861878453039,0.27548209366391185,0.23923444976076558,0.5176956276975042,0.2581347344717583,0.22416963783073746,1.811221617564271,0.9306436479639707,0.29352598986676676,0.2581347344717583,2.30939226519337,2.005524861878453,0.868421052631579,A,9,23,0
2025_26,2026-05-17,Leeds,Brighton,1,0,H,0,0,D,7,19,1,8,7,8,9,7,1,0,0,0,3.09,3.57,2.14,1524.0958516880164,1566.9874743933842,-42.89162270536781,Leeds,1,0,7,19,1.0,1.0,11.0,16.0,2.2,1.0,14.2,13.8,Brighton,0,1,19,7,3.0,0.0,14.0,5.0,2.2,1.0,13.0,9.4,0.3236245954692557,0.2801120448179272,0.4672897196261682,0.30216305366698704,0.26153608846806436,0.43630085786494854,1.1680252494690255,1.57043866206291,-0.1341378041979615,0.26153608846806436,0.6925566343042072,1.1553398058252426,1.6682242990654204,H,13,4,2
2025_26,2026-05-17,Wolves,Fulham,1,1,D,1,1,D,11,13,3,5,3,6,20,8,1,0,0,0,3.68,3.78,1.87,1368.1289550784186,1508.7429337817762,-140.6139787033576,Wolves,1,1,11,13,0.0,3.0,5.0,14.0,0.2,2.4,11.4,14.0,Fulham,1,1,13,11,0.0,1.0,14.0,10.0,0.2,1.2,13.4,13.8,0.2717391304347826,0.2645502645502646,0.53475935828877,0.2537131289347681,0.24700114139681134,0.4992857296684206,1.0081405282011158,1.7448583304020733,-0.2455726007336525,0.24700114139681134,0.5081521739130435,1.0271739130434783,2.0213903743315504,D,26,10,1
2025_26,2026-05-17,Newcastle,West Ham,3,1,H,2,0,H,15,15,7,8,9,1,8,11,1,3,0,0,2.05,3.78,3.15,1515.2316866536894,1469.7924706166446,45.439216037044844,Newcastle,3,1,15,15,1.0,1.0,16.0,17.0,1.2,1.4,12.2,12.8,West Ham,1,3,15,15,0.0,1.0,9.0,15.0,1.2,1.0,11.8,12.6,0.48780487804878053,0.2645502645502646,0.31746031746031744,0.4559710494571773,0.24728588661037396,0.2967430639324487,1.6151990349819059,1.1375150784077201,0.1592279855247286,0.24728588661037396,1.5365853658536586,1.8439024390243903,1.2,H,19,25,2
2025_26,2026-05-18,Arsenal,Burnley,1,0,H,1,0,H,13,5,3,0,3,3,7,16,1,3,0,0,1.08,10.12,22.13,1714.7355088807128,1345.8355955858613,368.89991329485156,Arsenal,1,0,13,5,1.0,0.0,15.0,9.0,1.4,0.8,13.6,11.0,Burnley,0,1,5,13,2.0,2.0,15.0,18.0,0.8,2.4,9.4,17.4,0.9259259259259258,0.09881422924901187,0.045187528242205156,0.8654098218757148,0.09235598889582729,0.04223418922845785,2.688585454522972,0.21905855658120083,0.8231756326472569,0.09235598889582729,20.490740740740737,9.370370370370368,0.45729778581111613,H,0,5,2
2025_26,2026-05-19,Bournemouth,Man City,1,1,D,1,0,H,10,14,2,5,7,6,16,7,4,2,0,0,4.42,4.27,1.66,1601.8670149549312,1717.9155136320435,-116.04849867711232,Bournemouth,1,1,10,14,1.0,0.0,10.0,14.0,2.0,0.8,12.6,11.6,Man City,1,1,14,10,3.0,0.0,15.0,6.0,2.4,0.8,20.8,8.4,0.22624434389140272,0.234192037470726,0.6024096385542169,0.2128665297247949,0.22034427667063078,0.5667891936045744,0.8589438658450155,1.9207118574843538,-0.35392266387977944,0.22034427667063078,0.3755656108597285,0.9660633484162895,2.572289156626506,D,2,17,1
2025_26,2026-05-19,Chelsea,Tottenham,2,1,H,1,0,H,9,9,4,3,3,4,11,18,4,3,0,0,1.9,3.64,3.76,1517.6303949748276,1438.2784736100402,79.35192136478736,Chelsea,2,1,9,9,1.0,1.0,6.0,8.0,0.4,2.2,13.2,10.2,Tottenham,1,2,9,9,1.0,1.0,16.0,11.0,1.2,1.0,12.2,10.0,0.5263157894736842,0.2747252747252747,0.26595744680851063,0.49326759507539714,0.2574748435833117,0.24925756134129112,1.737277628809503,1.005247527607185,0.244010033734106,0.2574748435833117,1.9789473684210526,1.9157894736842107,0.9680851063829788,H,6,24,2
2025_26,2026-05-24,Man City,Aston Villa,1,2,A,1,0,H,16,12,3,5,9,4,8,4,1,0,0,0,1.28,5.93,8.39,1715.9390000009137,1568.0353129720152,147.9036870288985,Man City,1,2,16,12,1.0,1.0,14.0,10.0,2.2,0.8,20.6,8.6,Aston Villa,2,1,12,16,4.0,2.0,14.0,16.0,2.2,2.0,12.4,12.8,0.78125,0.16863406408094436,0.11918951132300357,0.730772902795587,0.15773850178387042,0.11148859542054247,2.3500572101706316,0.4922042880454979,0.6192843073750446,0.15773850178387042,6.5546875,4.6328125,0.7067938021454111,A,17,1,0
2025_26,2026-05-24,West Ham,Leeds,3,0,H,0,0,D,16,13,9,3,6,4,11,14,0,3,0,0,1.82,3.9,3.75,1459.600731362655,1537.9278581591834,-78.32712679652832,West Ham,3,0,16,13,1.0,3.0,15.0,15.0,0.6,1.6,11.2,12.8,Leeds,0,3,13,16,1.0,0.0,7.0,19.0,2.0,0.8,12.6,13.6,0.5494505494505494,0.25641025641025644,0.26666666666666666,0.5122950819672131,0.23907103825136616,0.24863387978142076,1.7759562841530054,0.9849726775956285,0.2636612021857923,0.23907103825136616,2.0604395604395602,2.142857142857143,1.04,H,25,13,2
2025_26,2026-05-24,Sunderland,Chelsea,2,1,H,1,0,H,20,10,2,1,7,7,15,18,3,2,0,0,3.47,3.59,1.99,1522.2276038175619,1526.5522127881761,-4.324608970614236,Sunderland,2,1,20,10,3.0,1.0,7.0,10.0,1.4,2.2,11.2,13.2,Chelsea,1,2,10,20,2.0,1.0,9.0,9.0,0.8,1.8,12.6,8.4,0.2881844380403458,0.2785515320334262,0.5025125628140703,0.26952053631723305,0.26051149332055673,0.46996797036221033,1.069073102272256,1.6704154044071877,-0.20044743404497728,0.26051149332055673,0.5734870317002881,1.0345821325648414,1.8040201005025125,H,23,6,2
2025_26,2026-05-24,Nott'm Forest,Bournemouth,1,1,D,1,0,H,15,17,5,4,6,3,11,7,1,1,0,0,3.19,3.72,2.05,1515.398420514818,1603.843528586061,-88.44510807124288,Nott'm Forest,1,1,15,17,2.0,3.0,11.0,29.0,3.0,1.2,10.8,16.8,Bournemouth,1,1,17,15,1.0,1.0,10.0,14.0,1.8,0.8,13.0,11.4,0.31347962382445144,0.26881720430107525,0.48780487804878053,0.2929437660137598,0.25120715418921874,0.4558490797970214,1.1300384522304983,1.6187543935802828,-0.16290531378326156,0.25120715418921874,0.6426332288401253,1.1661442006269593,1.8146341463414637,D,20,2,1
2025_26,2026-05-24,Tottenham,Everton,1,0,H,1,0,H,21,8,6,3,6,2,15,12,5,3,0,1,1.89,3.63,3.78,1429.3566557966917,1511.0150862563394,-81.65843045964766,Tottenham,1,0,21,8,1.0,2.0,9.0,9.0,1.4,1.2,11.8,9.2,Everton,0,1,8,21,1.0,3.0,10.0,7.0,1.6,2.4,11.6,14.6,0.5291005291005292,0.27548209366391185,0.2645502645502646,0.4948875255623722,0.2576687116564417,0.2474437627811861,1.7423312883435584,1.0,0.2474437627811861,0.2576687116564417,2.0,1.9206349206349207,0.9603174603174603,H,24,9,2
2025_26,2026-05-24,Brighton,Man United,0,3,A,0,2,A,13,11,2,7,0,3,11,8,0,1,0,0,1.86,3.98,3.58,1553.1554679222172,1627.7898055113428,-74.63433758912561,Brighton,0,3,13,11,0.0,1.0,19.0,7.0,1.8,1.2,14.2,8.8,Man United,3,0,11,13,3.0,2.0,29.0,11.0,1.8,1.0,14.6,14.4,0.5376344086021505,0.25125628140703515,0.27932960893854747,0.503299187566231,0.23521017308371597,0.26149063935005296,1.745107735782409,1.0196820911338749,0.2418085482161781,0.23521017308371597,1.9247311827956988,2.139784946236559,1.1117318435754189,A,4,18,0
2025_26,2026-05-24,Fulham,Newcastle,2,0,H,1,0,H,21,7,6,2,6,6,13,6,2,2,0,0,2.82,3.66,2.27,1505.7355788072516,1525.4234259076788,-19.687847100427234,Fulham,2,0,21,7,1.0,1.0,13.0,11.0,0.4,1.0,12.2,12.4,Newcastle,0,2,7,21,3.0,1.0,15.0,15.0,1.6,1.2,13.8,13.6,0.3546099290780142,0.27322404371584696,0.44052863436123346,0.3319190756987392,0.255740927177717,0.41233999712354374,1.2514981542739347,1.4927609185483481,-0.08042092142480456,0.255740927177717,0.8049645390070923,1.2978723404255321,1.6123348017621146,H,10,19,2
2025_26,2026-05-24,Crystal Palace,Arsenal,1,2,A,0,1,A,8,17,3,7,3,4,9,12,0,1,0,0,4.13,3.86,1.76,1493.3080734025325,1716.9561218658682,-223.64804846333573,Crystal Palace,1,2,8,17,2.0,2.0,16.0,14.0,1.0,2.6,12.8,13.4,Arsenal,2,1,17,8,1.0,0.0,13.0,5.0,1.4,0.4,13.2,10.4,0.24213075060532688,0.2590673575129534,0.5681818181818182,0.2264216343045307,0.24225941701495127,0.5313189486805181,0.9215243199285433,1.8362162630565055,-0.30489731437598744,0.24225941701495127,0.4261501210653753,0.9346246973365617,2.193181818181818,A,8,0,0
2025_26,2026-05-24,Liverpool,Brentford,1,1,D,0,0,D,24,11,8,2,14,2,9,9,2,3,0,0,1.8,4.09,3.73,1586.335202890278,1534.2684702506565,52.06673263962148,Liverpool,1,1,24,11,2.0,4.0,16.0,14.0,2.0,2.0,12.0,12.4,Brentford,1,1,11,24,2.0,2.0,14.0,16.0,1.2,1.4,11.4,15.2,0.5555555555555556,0.24449877750611249,0.2680965147453083,0.5201096424687284,0.2288991091549416,0.2509912483763301,1.7892280365611266,0.9818728542839318,0.2691183940923983,0.2288991091549416,2.072222222222222,2.272222222222222,1.096514745308311,D,15,3,1
2025_26,2026-05-24,Burnley,Wolves,1,1,D,0,1,A,16,16,8,4,7,7,10,11,2,2,0,0,2.36,3.5,2.77,1343.6149826007058,1371.1363100529431,-27.5213274522373,Burnley,1,1,16,16,0.0,1.0,5.0,13.0,0.8,2.2,8.4,17.4,Wolves,1,1,16,16,1.0,1.0,11.0,13.0,0.4,1.8,10.8,13.0,0.42372881355932207,0.2857142857142857,0.36101083032490977,0.39584030834306433,0.26690946505418045,0.33725022660275517,1.4544303900833735,1.278660144862446,0.05859008174030916,0.26690946505418045,1.173728813559322,1.4830508474576272,1.263537906137184,D,5,26,1
2026_27,2026-08-21,Arsenal,Coventry,3,0,H,2,0,H,20,4,6,1,8,2,10,13,1,1,0,0,1.19,6.77,14.19,1725.7236966929363,1500.0,225.7236966929363,Arsenal,3,0,20,4,2.0,1.0,17.0,8.0,1.6,0.2,14.8,9.0,Coventry,0,3,4,20,,,,,1.4,1.4,12.8,12.6,0.8403361344537815,0.14771048744460857,0.07047216349541931,0.793879283059813,0.13954451208880023,0.06657620485138671,2.5211823612682394,0.3392731266429604,0.7273030782084263,0.13954451208880023,11.92436974789916,5.689075630252101,0.4770965468639887,H,0,7,2
2026_27,2026-08-22,Hull,Man United,2,0,H,2,0,H,8,21,4,5,1,6,10,9,2,1,0,0,8.37,4.93,1.36,1500.0,1642.5897369394943,-142.5897369394943,Hull,2,0,8,21,,,,,1.4,1.4,12.6,12.8,Man United,0,2,21,8,3.0,0.0,11.0,13.0,2.2,1.0,16.0,12.8,0.11947431302270013,0.20283975659229211,0.7352941176470588,0.1129665167702575,0.1917910234010254,0.695242459828717,0.530690573711798,2.2775184028871767,-0.5822759430584595,0.1917910234010254,0.16248506571087218,0.5890083632019116,3.6249999999999996,H,11,18,2
2026_27,2026-08-22,Nott'm Forest,Leeds,0,1,A,0,0,D,12,11,2,3,3,2,15,14,2,1,0,0,2.27,3.35,3.1,1516.1940125328658,1522.56841601902,-6.374403486154279,Nott'm Forest,0,1,12,11,1.0,1.0,15.0,17.0,2.4,1.2,11.8,19.4,Leeds,1,0,11,12,0.0,3.0,13.0,16.0,1.4,1.4,11.8,15.4,0.44052863436123346,0.29850746268656714,0.3225806451612903,0.4149601422492158,0.2811819471360358,0.30385791061474837,1.5260623738836832,1.192755678980281,0.11110223163446742,0.2811819471360358,1.3656387665198237,1.475770925110132,1.0806451612903225,A,20,13,0
2026_27,2026-08-22,Ipswich,Sunderland,2,1,H,1,1,D,10,11,3,4,3,5,12,14,0,3,0,0,2.69,3.29,2.6,1370.1254276298982,1534.4254653185733,-164.30003768867505,Ipswich,2,1,10,11,1.0,3.0,14.0,10.0,0.6,2.2,12.2,13.4,Sunderland,1,2,11,10,2.0,1.0,20.0,10.0,1.2,1.6,13.2,12.2,0.3717472118959108,0.303951367781155,0.3846153846153846,0.35060107139490376,0.28666166627729206,0.3627372623278042,1.3384648804620034,1.3748734532607045,-0.012136190932900415,0.28666166627729206,0.966542750929368,1.2230483271375465,1.2653846153846153,H,12,23,2
2026_27,2026-08-22,Everton,Crystal Palace,2,0,H,1,0,H,16,11,5,4,4,0,5,15,0,1,0,0,2.23,3.4,3.24,1495.5119401832433,1484.5404985754644,10.971441607778843,Everton,2,0,16,11,0.0,1.0,8.0,21.0,1.4,2.2,11.2,16.0,Crystal Palace,0,2,11,16,1.0,2.0,8.0,17.0,1.0,2.4,11.6,15.0,0.4484304932735426,0.29411764705882354,0.30864197530864196,0.42659314105145757,0.2797949131013972,0.2936119458471452,1.55957433625577,1.1606307506428328,0.1329811952043124,0.2797949131013972,1.4529147982062782,1.5246636771300448,1.0493827160493827,H,9,8,2
2026_27,2026-08-22,Brentford,Tottenham,3,0,H,2,0,H,26,9,8,4,7,3,17,14,1,1,0,0,2.48,3.58,2.69,1539.3318718951298,1444.8598018697878,94.47207002534196,Brentford,3,0,26,9,1.0,1.0,11.0,24.0,1.4,1.6,11.0,17.8,Tottenham,0,3,9,26,1.0,0.0,21.0,8.0,1.2,0.8,13.4,8.8,0.40322580645161293,0.27932960893854747,0.3717472118959108,0.3824573666192742,0.26494253330050277,0.3526001000802231,1.4123146331583256,1.322742833541172,0.02985726653905113,0.26494253330050277,1.0846774193548387,1.4435483870967742,1.3308550185873607,H,3,24,2
2026_27,2026-08-23,Brighton,Aston Villa,4,0,H,4,0,H,21,6,6,0,5,2,12,11,2,3,0,1,2.19,3.54,3.08,1538.3555364940657,1591.37689480238,-53.02135830831435,Brighton,4,0,21,6,0.0,3.0,13.0,11.0,1.4,1.4,14.8,8.4,Aston Villa,0,4,6,21,2.0,1.0,12.0,16.0,1.8,1.6,11.8,14.0,0.4566210045662101,0.2824858757062147,0.3246753246753247,0.429242943191213,0.26554860044880124,0.30520845635998584,1.5532774300224401,1.1811739695287589,0.12403448683122714,0.26554860044880124,1.406392694063927,1.6164383561643836,1.1493506493506493,H,4,1,2
2026_27,2026-08-23,Man City,Bournemouth,2,1,H,0,1,A,13,5,6,4,8,3,11,11,1,2,0,0,1.45,4.72,5.93,1692.5974181705487,1603.0479365680133,89.54948160253548,Man City,2,1,13,5,1.0,2.0,16.0,12.0,2.2,1.2,18.2,9.2,Bournemouth,1,2,5,13,1.0,1.0,17.0,15.0,1.6,0.8,14.0,12.0,0.6896551724137931,0.21186440677966104,0.16863406408094436,0.6444450072642124,0.1979756907909127,0.15757930194487488,2.1313107125835495,0.6707135966255373,0.4868657053193375,0.1979756907909127,4.089655172413793,3.2551724137931033,0.7959527824620574,H,17,2,2
2026_27,2026-08-23,Newcastle,Liverpool,2,2,D,1,0,H,13,27,4,7,2,6,16,15,5,3,0,0,3.57,3.85,1.92,1512.580519154091,1581.2718012458047,-68.69128209171367,Newcastle,2,2,13,27,0.0,2.0,7.0,21.0,1.4,1.2,12.8,15.4,Liverpool,2,2,27,13,1.0,1.0,24.0,11.0,1.8,2.0,14.0,12.6,0.2801120448179272,0.2597402597402597,0.5208333333333334,0.26408582789406554,0.2448795858654062,0.49103458624052815,1.0371370695476028,1.7179833445869908,-0.2269487583464626,0.2448795858654062,0.5378151260504201,1.0784313725490198,2.0052083333333335,D,19,15,1
2026_27,2026-08-24,Fulham,Chelsea,2,3,A,1,2,A,14,18,6,6,6,4,12,7,2,3,0,0,3.66,3.76,1.89,1518.5784855608395,1514.3543512871647,4.224134273674736,Fulham,2,3,14,18,2.0,0.0,21.0,7.0,0.8,1.0,14.2,11.2,Chelsea,3,2,18,14,1.0,2.0,10.0,20.0,1.0,2.0,10.4,11.6,0.27322404371584696,0.26595744680851063,0.5291005291005292,0.25576021939579774,0.2489580859012287,0.49528169470297356,1.0162387440886218,1.7348031700101494,-0.23952147530717582,0.2489580859012287,0.5163934426229507,1.0273224043715845,1.9894179894179893,A,10,6,0
2026_27,2026-08-28,Crystal Palace,Man City,1,4,A,0,1,A,9,18,1,9,2,6,8,11,1,2,0,0,4.83,3.95,1.67,1472.9743710782775,1701.1556900758667,-228.1813189975892,Crystal Palace,1,4,9,18,0.0,2.0,11.0,16.0,1.0,2.2,12.4,15.0,Man City,4,1,18,9,2.0,1.0,13.0,5.0,2.0,0.8,16.6,7.4,0.20703933747412007,0.2531645569620253,0.5988023952095809,0.1955034068243181,0.23905859619277378,0.5654379969829082,0.8255688166657281,1.9353725871414984,-0.3699345901585901,0.23905859619277378,0.34575569358178054,0.8178053830227744,2.3652694610778444,A,8,17,0
2026_27,2026-08-29,Tottenham,Newcastle,0,2,A,0,0,D,17,11,6,2,9,7,15,9,1,2,0,0,2.25,3.65,2.88,1436.4738002838255,1512.5240175273216,-76.05021724349604,Tottenham,0,2,17,11,0.0,3.0,9.0,26.0,1.0,1.4,13.0,11.8,Newcastle,2,0,11,17,2.0,2.0,13.0,27.0,1.8,1.4,12.8,18.6,0.4444444444444444,0.273972602739726,0.3472222222222222,0.41706838064631313,0.2570969469737547,0.32583467237993213,1.5083020889126941,1.2346009641135511,0.091233708266381,0.2570969469737547,1.28,1.6222222222222222,1.2673611111111112,A,24,19,0
2026_27,2026-08-29,Coventry,Hull,0,1,A,0,0,D,11,6,3,2,6,2,11,8,1,4,0,0,1.87,3.53,4.19,1495.3751344637976,1518.0891324320073,-22.713997968209696,Coventry,0,1,11,6,0.0,3.0,4.0,20.0,1.4,1.4,12.6,12.8,Hull,1,0,6,11,2.0,0.0,8.0,21.0,1.4,1.4,12.8,12.6,0.53475935828877,0.28328611898017,0.2386634844868735,0.5060611555713704,0.26808338836217077,0.22585545606645888,1.7862668550762821,0.9456497565615474,0.2802056995049116,0.26808338836217077,2.2406417112299466,1.887700534759358,0.8424821002386633,A,7,11,0
2026_27,2026-08-29,Liverpool,Nott'm Forest,2,2,D,0,1,A,13,12,4,3,3,5,13,10,4,2,0,0,1.57,4.39,5.53,1581.328302872574,1498.477375687283,82.85092718529108,Liverpool,2,2,13,12,2.0,2.0,27.0,13.0,1.6,2.2,17.6,12.4,Nott'm Forest,2,2,12,13,0.0,1.0,12.0,11.0,1.4,1.4,12.2,18.8,0.6369426751592356,0.22779043280182235,0.18083182640144665,0.6091851918767612,0.21786349686708775,0.172951311256151,2.0454190724973715,0.7367174306355407,0.4362338806206102,0.21786349686708775,3.522292993630573,2.796178343949044,0.7938517179023508,D,15,20,1
2026_27,2026-08-29,Bournemouth,Everton,1,1,D,1,0,H,17,13,5,7,10,7,11,14,3,2,0,0,2.1,3.5,3.41,1594.4896646626953,1507.0780676804302,87.41159698226511,Bournemouth,1,1,17,13,1.0,2.0,5.0,13.0,1.4,0.8,11.6,12.6,Everton,1,1,13,17,2.0,0.0,16.0,11.0,1.6,1.8,12.2,16.2,0.47619047619047616,0.2857142857142857,0.29325513196480935,0.4512969825304394,0.27077818951826366,0.27792482795129697,1.6246691371095818,1.1045526733721547,0.1733721545791424,0.27077818951826366,1.6238095238095238,1.6666666666666665,1.0263929618768328,D,2,9,1
2026_27,2026-08-30,Chelsea,Brighton,4,3,H,3,1,H,17,15,6,6,4,7,6,12,1,3,0,0,1.82,3.85,3.93,1532.510987715781,1552.6230925713578,-20.112104855576717,Chelsea,4,3,17,15,3.0,2.0,18.0,14.0,1.6,1.8,12.8,11.4,Brighton,3,4,15,17,4.0,0.0,21.0,6.0,1.6,1.4,16.0,8.4,0.5494505494505494,0.2597402597402597,0.2544529262086514,0.5165738594269053,0.2441985517290825,0.23922758884401216,1.7939201300097982,0.961881318261119,0.2773462705828931,0.2441985517290825,2.159340659340659,2.1153846153846154,0.9796437659033078,H,6,4,2
2026_27,2026-08-30,Leeds,Brentford,1,1,D,0,1,A,12,22,2,5,5,6,5,13,0,4,0,0,2.58,3.36,2.67,1540.285052864603,1547.717873481092,-7.432820616489153,Leeds,1,1,12,22,1.0,0.0,11.0,12.0,1.2,1.0,12.0,14.4,Brentford,1,1,22,12,3.0,0.0,26.0,9.0,1.8,1.2,13.8,17.4,0.38759689922480617,0.2976190476190476,0.37453183520599254,0.3657444778748073,0.28083950979672706,0.35341601232846553,1.378072943421149,1.3410875467821237,0.01232846554634176,0.28083950979672706,1.0348837209302324,1.3023255813953487,1.2584269662921348,D,13,3,1
2026_27,2026-08-30,Sunderland,Fulham,1,0,H,0,0,D,12,11,4,0,3,4,10,15,0,2,0,0,2.39,3.24,2.96,1515.451317815106,1500.421849132223,15.029468682882907,Sunderland,1,0,12,11,1.0,2.0,11.0,10.0,1.4,1.0,12.6,12.2,Fulham,0,1,11,12,2.0,3.0,14.0,18.0,1.0,1.6,14.4,12.8,0.41841004184100417,0.30864197530864196,0.33783783783783783,0.392913914881762,0.28983464708870715,0.3172514380295308,1.4685763917339933,1.2415889611772997,0.07566247685223121,0.28983464708870715,1.2384937238493723,1.3556485355648535,1.0945945945945947,H,23,10,2
2026_27,2026-08-30,Man United,Ipswich,5,2,H,1,1,D,33,9,11,5,8,4,7,12,1,3,0,0,1.4,4.82,6.94,1624.500604507487,1389.0995751333655,235.40102937412144,Man United,5,2,33,9,0.0,2.0,21.0,8.0,1.8,1.2,18.0,12.0,Ipswich,2,5,9,33,2.0,1.0,10.0,11.0,1.0,1.8,13.4,10.6,0.7142857142857143,0.20746887966804978,0.1440922190201729,0.6701579491453435,0.19465168647375122,0.13519036438090504,2.205125533909782,0.6002227796164663,0.5349675847644385,0.19465168647375122,4.957142857142857,3.442857142857143,0.6945244956772334,H,18,12,2
2026_27,2026-08-31,Aston Villa,Arsenal,0,1,A,0,0,D,7,7,0,2,2,4,17,6,3,1,0,0,5.99,4.11,1.52,1577.109338725088,1730.3485622291387,-153.23922350405064,Aston Villa,0,1,7,7,0.0,4.0,6.0,21.0,1.8,2.2,11.0,15.6,Arsenal,1,0,7,7,3.0,0.0,20.0,4.0,2.0,0.2,16.6,7.2,0.1669449081803005,0.24330900243309,0.6578947368421053,0.1562937036694195,0.22778571410701284,0.6159205822235677,0.6966668251152713,2.0755474607777162,-0.4596268785541482,0.22778571410701284,0.25375626043405675,0.6861435726210351,2.7039473684210527,A,1,0,0
2026_27,2026-09-04,Ipswich,Liverpool,0,2,A,0,2,A,14,10,5,7,4,3,6,13,1,3,0,0,5.48,4.8,1.5,1384.688456590987,1575.124378126377,-190.43592153538998,Ipswich,0,2,14,10,2.0,5.0,9.0,33.0,1.0,2.4,12.8,15.6,Liverpool,2,0,10,14,2.0,2.0,13.0,12.0,1.6,2.0,17.6,11.2,0.18248175182481752,0.20833333333333334,0.6666666666666666,0.17256255392579808,0.1970089157319528,0.630428530342249,0.714696577509347,2.0882945067586998,-0.4578659764164509,0.1970089157319528,0.2737226277372263,0.875912408759124,3.1999999999999997,A,12,15,0
2026_27,2026-09-05,Man City,Coventry,1,0,H,1,0,H,15,12,4,3,4,5,7,17,1,2,0,0,1.17,7.64,13.85,1709.762217927945,1478.3461460102578,231.41607191768708,Man City,1,0,15,12,4.0,1.0,18.0,9.0,2.2,1.0,15.2,8.4,Coventry,0,1,12,15,0.0,1.0,11.0,6.0,1.4,1.4,12.8,12.6,0.8547008547008548,0.13089005235602094,0.07220216606498195,0.8080038302561217,0.12373880646592438,0.06825736327795395,2.547750297234289,0.32851089629978625,0.7397464669781677,0.12373880646592438,11.837606837606838,6.52991452991453,0.551624548736462,H,17,7,2
2026_27,2026-09-05,Fulham,Crystal Palace,2,3,A,2,1,H,25,10,6,5,7,1,6,7,0,0,0,0,2.32,3.37,3.03,1489.0212889335942,1464.3678432261993,24.653445707394894,Fulham,2,3,25,10,0.0,1.0,11.0,12.0,1.0,1.2,14.6,11.6,Crystal Palace,3,2,10,25,1.0,4.0,9.0,18.0,0.8,2.6,10.0,16.0,0.4310344827586207,0.29673590504451036,0.33003300330033003,0.4074807155883492,0.28052084871364097,0.31199843569800995,1.5029629954786887,1.216516155807671,0.09548227989033925,0.28052084871364097,1.3060344827586208,1.4525862068965518,1.1122112211221122,A,10,8,0
2026_27,2026-09-05,Nott'm Forest,Tottenham,0,0,D,0,0,D,12,11,2,0,2,10,22,14,2,2,0,0,2.4,3.36,2.86,1504.6813004334801,1421.7349827592602,82.94631767421993,Nott'm Forest,0,0,12,11,2.0,2.0,12.0,13.0,1.2,1.6,13.4,17.2,Tottenham,0,0,11,12,0.0,2.0,17.0,11.0,0.6,1.6,14.4,13.0,0.4166666666666667,0.2976190476190476,0.3496503496503497,0.39162754303599373,0.2797339593114241,0.3286384976525822,1.4546165884194053,1.2656494522691706,0.06298904538341155,0.2797339593114241,1.1916666666666667,1.4,1.1748251748251748,D,20,24,1
2026_27,2026-09-05,Brentford,Sunderland,1,1,D,0,0,D,12,14,2,5,4,3,19,9,3,2,0,0,1.62,3.9,5.29,1550.3902893621441,1526.851878013735,23.538411348409227,Brentford,1,1,12,14,1.0,1.0,22.0,12.0,1.4,1.4,15.4,17.2,Sunderland,1,1,14,12,1.0,0.0,12.0,11.0,1.4,0.8,13.0,10.4,0.6172839506172839,0.25641025641025644,0.1890359168241966,0.580847325923173,0.2412750430757796,0.1778776310010473,1.9838170208452985,0.7749079360789216,0.4029696949221257,0.2412750430757796,3.265432098765432,2.407407407407407,0.7372400756143667,D,3,23,1
2026_27,2026-09-05,Newcastle,Bournemouth,2,2,D,1,2,A,8,17,2,5,4,3,19,17,2,3,0,0,2.1,3.64,3.19,1527.262835051887,1588.1234124562882,-60.86057740440128,Newcastle,2,2,8,17,2.0,0.0,11.0,17.0,1.6,1.2,12.4,19.4,Bournemouth,2,2,17,8,1.0,1.0,17.0,13.0,1.0,1.0,11.8,13.8,0.47619047619047616,0.2747252747252747,0.31347962382445144,0.4473811963967851,0.2581045363827606,0.2945142672204542,1.6002481255731158,1.1416473380441232,0.15286692917633088,0.2581045363827606,1.519047619047619,1.7333333333333334,1.141065830721003,D,19,2,1
2026_27,2026-09-05,Brighton,Leeds,1,1,D,0,1,A,20,10,5,5,7,6,13,16,3,3,0,0,1.98,3.52,3.68,1539.7622447896163,1537.6126369835508,2.1496078060654327,Brighton,1,1,20,10,3.0,4.0,15.0,17.0,2.0,1.6,16.4,9.2,Leeds,1,1,10,20,1.0,1.0,12.0,22.0,0.8,1.0,10.8,17.0,0.5050505050505051,0.2840909090909091,0.2717391304347826,0.4760672703751618,0.26778783958602853,0.25614489003880986,1.6959896507115138,1.036222509702458,0.21992238033635192,0.26778783958602853,1.8585858585858588,1.777777777777778,0.9565217391304347,D,4,13,1
2026_27,2026-09-05,Hull,Aston Villa,0,0,D,0,0,D,11,13,4,1,3,4,10,5,2,0,0,0,4.04,3.62,1.86,1535.1181208855471,1565.6358484808147,-30.517727595267615,Hull,0,0,11,13,1.0,0.0,6.0,11.0,1.4,1.4,12.6,12.8,Aston Villa,0,0,13,11,0.0,1.0,7.0,7.0,1.6,2.0,11.4,15.0,0.24752475247524752,0.27624309392265195,0.5376344086021505,0.23320541416716312,0.2602623959213644,0.5065321899114725,0.9598786384228537,1.779858965655782,-0.2733267757443094,0.2602623959213644,0.4603960396039604,0.8960396039603961,1.946236559139785,D,11,1,1
2026_27,2026-09-06,Everton,Man United,2,2,D,0,0,D,18,14,6,3,4,3,7,11,3,3,0,0,3.21,3.54,2.12,1513.4443198868373,1628.9117230498655,-115.46740316302817,Everton,2,2,18,14,1.0,1.0,13.0,17.0,1.2,1.4,12.0,15.4,Man United,2,2,14,18,5.0,2.0,33.0,9.0,2.2,1.2,21.0,11.2,0.3115264797507788,0.2824858757062147,0.4716981132075471,0.29231811914277034,0.26506812498539345,0.44261375587183616,1.1420224824137044,1.592909392600902,-0.15029563672906582,0.26506812498539345,0.6604361370716512,1.1028037383177571,1.669811320754717,D,9,18,1
2026_27,2026-09-06,Arsenal,Chelsea,2,1,H,1,1,D,16,13,9,5,5,3,13,16,2,4,0,0,1.69,3.8,4.82,1741.822052473412,1545.3718354975226,196.45021697588936,Arsenal,2,1,16,13,1.0,0.0,7.0,7.0,1.6,0.2,14.4,6.6,Chelsea,1,2,13,16,4.0,3.0,17.0,15.0,2.2,1.8,12.0,13.2,0.591715976331361,0.2631578947368421,0.20746887966804978,0.5569915885633656,0.24771468017686518,0.19529373125976923,1.918689445866962,0.8335958739561729,0.3616978573035964,0.24771468017686518,2.85207100591716,2.2485207100591715,0.7883817427385891,H,0,6,2
